epoch,batch,loss,lr,time
# RESTART AT EPOCH 4
4,0,0.243623,5.87036775e-05,4.75
4,2,0.263419,5.87012801e-05,5.48
4,4,0.282275,5.86988826e-05,5.96
4,6,0.290191,5.86964816e-05,6.45
4,8,0.285981,5.86940841e-05,6.95
4,10,0.277127,5.86916867e-05,7.45
4,12,0.327670,5.86892857e-05,7.94
4,14,0.267843,5.86868882e-05,8.46
4,16,0.294396,5.86844872e-05,9.09
4,18,0.249527,5.86820897e-05,9.58
4,20,0.307392,5.86796923e-05,10.17
4,22,0.262565,5.86772912e-05,10.70
4,24,0.292095,5.86748938e-05,11.27
4,26,0.250279,5.86724891e-05,11.76
4,28,0.251410,5.86700917e-05,12.23
4,30,0.255699,5.86676906e-05,12.78
4,32,0.271411,5.86652895e-05,13.26
4,34,0.282571,5.86628885e-05,13.78
4,36,0.276681,5.86604910e-05,14.33
4,38,0.294550,5.86580863e-05,14.90
4,40,0.259549,5.86556816e-05,15.53
4,42,0.270974,5.86532842e-05,16.12
4,44,0.211641,5.86508795e-05,16.62
4,46,0.258190,5.86484821e-05,17.07
4,48,0.284842,5.86460774e-05,17.59
4,50,0.251056,5.86436763e-05,18.08
4,52,0.267773,5.86412716e-05,18.54
4,54,0.274643,5.86388669e-05,19.01
4,56,0.278342,5.86364658e-05,19.54
4,58,0.268478,5.86340611e-05,20.00
4,60,0.290416,5.86316601e-05,20.44
4,62,0.276678,5.86292554e-05,20.97
4,64,0.262318,5.86268507e-05,21.46
4,66,0.313052,5.86244496e-05,21.99
4,68,0.236044,5.86220449e-05,22.53
4,70,0.271034,5.86196402e-05,23.09
4,72,0.259941,5.86172355e-05,23.62
4,74,0.291763,5.86148271e-05,24.25
4,76,0.320160,5.86124261e-05,24.72
4,78,0.264736,5.86100214e-05,25.18
4,80,0.258131,5.86076130e-05,25.64
4,82,0.291643,5.86052047e-05,26.14
4,84,0.294112,5.86028036e-05,26.60
4,86,0.333321,5.86003953e-05,27.08
4,88,0.250953,5.85979869e-05,27.61
4,90,0.256792,5.85955822e-05,28.12
4,92,0.219142,5.85931739e-05,28.62
4,94,0.274062,5.85907692e-05,29.09
4,96,0.278170,5.85883572e-05,29.58
4,98,0.239771,5.85859561e-05,30.06
4,100,0.252756,5.85835442e-05,30.54
4,102,0.276863,5.85811395e-05,31.07
4,104,0.281751,5.85787275e-05,31.51
4,106,0.251418,5.85763228e-05,32.07
4,108,0.275621,5.85739144e-05,32.57
4,110,0.271215,5.85715024e-05,33.05
4,112,0.244210,5.85690941e-05,33.59
4,114,0.251666,5.85666858e-05,34.10
4,116,0.299698,5.85642774e-05,34.58
4,118,0.284650,5.85618654e-05,35.09
4,120,0.241302,5.85594571e-05,35.57
4,122,0.267126,5.85570488e-05,36.09
4,124,0.280594,5.85546368e-05,36.55
4,126,0.252261,5.85522248e-05,37.02
4,128,0.245708,5.85498128e-05,37.56
4,130,0.248141,5.85474081e-05,38.05
4,132,0.256765,5.85449998e-05,38.55
4,134,0.268740,5.85425878e-05,39.04
4,136,0.234820,5.85401758e-05,39.52
4,138,0.244717,5.85377638e-05,40.01
4,140,0.249019,5.85353519e-05,40.51
4,142,0.267398,5.85329435e-05,40.98
4,144,0.305557,5.85305243e-05,41.54
4,146,0.248093,5.85281159e-05,42.09
4,148,0.264881,5.85257039e-05,42.59
4,150,0.248458,5.85232883e-05,43.07
4,152,0.262535,5.85208763e-05,43.57
4,154,0.298625,5.85184644e-05,44.04
4,156,0.295502,5.85160524e-05,44.53
4,158,0.247838,5.85136368e-05,45.01
4,160,0.269202,5.85112211e-05,45.53
4,162,0.266453,5.85088092e-05,46.02
4,164,0.245093,5.85063935e-05,46.53
4,166,0.268572,5.85039779e-05,47.00
4,168,0.339215,5.85015659e-05,47.52
4,170,0.275978,5.84991503e-05,47.97
4,172,0.236194,5.84967347e-05,48.44
4,174,0.245997,5.84943227e-05,48.87
4,176,0.278845,5.84919035e-05,49.40
4,178,0.257013,5.84894915e-05,49.84
4,180,0.276898,5.84870722e-05,50.34
4,182,0.278845,5.84846603e-05,50.83
4,184,0.286396,5.84822410e-05,51.29
4,186,0.290660,5.84798254e-05,51.77
4,188,0.241609,5.84774098e-05,52.26
4,190,0.278485,5.84749869e-05,52.79
4,192,0.296612,5.84725749e-05,53.26
4,194,0.277553,5.84701556e-05,53.73
4,196,0.256428,5.84677364e-05,54.26
4,198,0.257034,5.84653244e-05,54.73
4,200,0.266060,5.84629051e-05,55.26
4,202,0.258992,5.84604859e-05,55.78
4,204,0.245840,5.84580703e-05,56.25
4,206,0.307103,5.84556510e-05,56.77
4,208,0.309858,5.84532354e-05,57.20
4,210,0.283290,5.84508125e-05,57.69
4,212,0.280928,5.84483932e-05,58.17
4,214,0.260827,5.84459740e-05,58.63
4,216,0.248486,5.84435547e-05,59.05
4,218,0.288942,5.84411355e-05,59.55
4,220,0.265409,5.84387126e-05,60.03
4,222,0.295695,5.84362933e-05,60.49
4,224,0.303620,5.84338741e-05,60.98
4,226,0.251481,5.84314548e-05,61.47
4,228,0.266888,5.84290356e-05,61.94
4,230,0.291797,5.84266127e-05,62.41
4,232,0.291182,5.84241934e-05,62.84
4,234,0.243157,5.84217705e-05,63.27
4,236,0.296365,5.84193476e-05,63.81
4,238,0.287289,5.84169247e-05,64.29
4,240,0.247206,5.84145055e-05,64.86
4,242,0.296308,5.84120862e-05,65.41
4,244,0.252728,5.84096560e-05,65.90
4,246,0.254450,5.84072368e-05,66.36
4,248,0.247981,5.84048175e-05,66.84
4,250,0.267421,5.84023910e-05,67.32
4,252,0.292277,5.83999681e-05,67.80
4,254,0.282713,5.83975452e-05,68.25
4,256,0.262836,5.83951223e-05,68.72
4,258,0.267575,5.83927031e-05,69.21
4,260,0.267715,5.83902729e-05,69.68
4,262,0.256548,5.83878536e-05,70.13
4,264,0.259478,5.83854235e-05,70.60
4,266,0.299715,5.83830042e-05,71.12
4,268,0.269997,5.83805777e-05,71.58
4,270,0.289730,5.83781512e-05,72.05
4,272,0.284082,5.83757283e-05,72.72
4,274,0.242559,5.83733017e-05,73.22
4,276,0.259625,5.83708788e-05,73.70
4,278,0.256748,5.83684523e-05,74.19
4,280,0.264737,5.83660221e-05,74.68
4,282,0.288952,5.83635992e-05,75.25
4,284,0.225243,5.83611763e-05,75.82
4,286,0.266468,5.83587462e-05,76.34
4,288,0.318942,5.83563196e-05,76.88
4,290,0.266342,5.83538895e-05,77.38
4,292,0.272758,5.83514666e-05,77.87
4,294,0.256719,5.83490364e-05,78.33
4,296,0.275454,5.83466099e-05,78.81
4,298,0.222265,5.83441870e-05,79.33
4,300,0.290628,5.83417568e-05,79.81
4,302,0.254922,5.83393303e-05,80.30
4,304,0.241866,5.83369001e-05,80.88
4,306,0.272245,5.83344736e-05,81.35
4,308,0.312070,5.83320398e-05,81.91
4,310,0.307611,5.83296132e-05,82.39
4,312,0.279127,5.83271831e-05,82.83
4,314,0.293252,5.83247493e-05,83.29
4,316,0.268903,5.83223227e-05,83.78
4,318,0.258421,5.83198962e-05,84.26
4,320,0.273339,5.83174660e-05,84.74
4,322,0.257689,5.83150322e-05,85.19
4,324,0.251206,5.83126021e-05,85.70
4,326,0.327319,5.83101719e-05,86.18
4,328,0.275326,5.83077453e-05,86.72
4,330,0.320650,5.83053079e-05,87.21
4,332,0.284034,5.83028814e-05,87.71
4,334,0.251040,5.83004512e-05,88.19
4,336,0.259254,5.82980138e-05,88.66
4,338,0.266308,5.82955872e-05,89.14
4,340,0.284228,5.82931534e-05,89.57
4,342,0.246938,5.82907232e-05,90.02
4,344,0.251833,5.82882894e-05,90.50
4,346,0.244883,5.82858556e-05,90.96
4,348,0.247659,5.82834255e-05,91.45
4,350,0.275736,5.82809917e-05,91.88
4,352,0.238279,5.82785542e-05,92.33
4,354,0.270003,5.82761277e-05,92.81
4,356,0.249352,5.82736902e-05,93.35
# RESTART AT EPOCH 4
4,0,0.263102,5.87031755e-05,4.33
4,2,0.260032,5.87006944e-05,5.22
4,4,0.304140,5.86982060e-05,5.79
4,6,0.306352,5.86957249e-05,6.67
4,8,0.233885,5.86932438e-05,7.17
4,10,0.271574,5.86907554e-05,7.63
4,12,0.298186,5.86882743e-05,8.09
4,14,0.289521,5.86857896e-05,8.59
4,16,0.276500,5.86833048e-05,9.07
4,18,0.269572,5.86808164e-05,9.58
4,20,0.258535,5.86783317e-05,10.10
4,22,0.278837,5.86758470e-05,10.66
4,24,0.234981,5.86733659e-05,11.22
4,26,0.231725,5.86708775e-05,11.69
4,28,0.242709,5.86683927e-05,12.24
4,30,0.283786,5.86659044e-05,12.82
4,32,0.265174,5.86634196e-05,13.33
4,34,0.243304,5.86609312e-05,13.88
4,36,0.239439,5.86584465e-05,14.34
4,38,0.279191,5.86559581e-05,14.85
4,40,0.285492,5.86534734e-05,15.40
4,42,0.241613,5.86509814e-05,15.87
4,44,0.264576,5.86484894e-05,16.34
4,46,0.237142,5.86460046e-05,16.80
4,48,0.273486,5.86435162e-05,17.32
4,50,0.228755,5.86410315e-05,17.85
4,52,0.243278,5.86385395e-05,18.35
4,54,0.246454,5.86360475e-05,18.88
4,56,0.264153,5.86335627e-05,19.44
4,58,0.246994,5.86310744e-05,19.99
4,60,0.257193,5.86285787e-05,20.46
4,62,0.266243,5.86260940e-05,21.02
4,64,0.242417,5.86236019e-05,21.59
4,66,0.273396,5.86211099e-05,22.19
4,68,0.275293,5.86186216e-05,22.78
4,70,0.274427,5.86161295e-05,23.30
4,72,0.274421,5.86136412e-05,23.79
4,74,0.227165,5.86111491e-05,24.36
4,76,0.271518,5.86086571e-05,24.91
4,78,0.260653,5.86061651e-05,25.44
4,80,0.301776,5.86036767e-05,25.99
4,82,0.248040,5.86011847e-05,26.52
4,84,0.272162,5.85986891e-05,27.01
4,86,0.268681,5.85961934e-05,27.52
4,88,0.274311,5.85937087e-05,28.00
4,90,0.232968,5.85912130e-05,28.48
4,92,0.270264,5.85887174e-05,28.97
4,94,0.257989,5.85862217e-05,29.56
4,96,0.285473,5.85837297e-05,30.02
4,98,0.275823,5.85812413e-05,30.57
4,100,0.295160,5.85787457e-05,31.13
4,102,0.253278,5.85762500e-05,31.69
4,104,0.262066,5.85737544e-05,32.21
4,106,0.271537,5.85712587e-05,32.69
4,108,0.258631,5.85687667e-05,33.15
4,110,0.281094,5.85662710e-05,33.69
4,112,0.279781,5.85637754e-05,34.17
4,114,0.257655,5.85612797e-05,34.60
4,116,0.292178,5.85587841e-05,35.07
4,118,0.288482,5.85562884e-05,35.53
4,120,0.275983,5.85537964e-05,36.08
4,122,0.308697,5.85512971e-05,36.61
4,124,0.224719,5.85487978e-05,37.14
4,126,0.242864,5.85463022e-05,37.61
4,128,0.285719,5.85438065e-05,38.06
4,130,0.245559,5.85413072e-05,38.56
4,132,0.274760,5.85388079e-05,39.08
4,134,0.273758,5.85363123e-05,39.65
4,136,0.246998,5.85338130e-05,40.21
4,138,0.267127,5.85313137e-05,40.73
4,140,0.272023,5.85288180e-05,41.28
4,142,0.226410,5.85263151e-05,41.77
4,144,0.262071,5.85238195e-05,42.31
4,146,0.250901,5.85213202e-05,42.81
4,148,0.284099,5.85188209e-05,43.23
4,150,0.312900,5.85163179e-05,43.72
4,152,0.222075,5.85138259e-05,44.20
4,154,0.278577,5.85113194e-05,44.67
4,156,0.270755,5.85088201e-05,45.13
4,158,0.263488,5.85063208e-05,45.64
4,160,0.282960,5.85038179e-05,46.13
4,162,0.269043,5.85013222e-05,46.63
4,164,0.273577,5.84988193e-05,47.13
4,166,0.285418,5.84963163e-05,47.59
4,168,0.305654,5.84938171e-05,48.07
4,170,0.273295,5.84913141e-05,48.56
4,172,0.280820,5.84888148e-05,49.05
4,174,0.261240,5.84863119e-05,49.58
4,176,0.258797,5.84838090e-05,50.07
4,178,0.279740,5.84813060e-05,50.53
4,180,0.271476,5.84788031e-05,51.01
4,182,0.279933,5.84762965e-05,51.52
4,184,0.288645,5.84737936e-05,51.99
4,186,0.288213,5.84712907e-05,52.46
4,188,0.256436,5.84687878e-05,52.97
4,190,0.259665,5.84662848e-05,53.51
4,192,0.272765,5.84637819e-05,53.99
4,194,0.263873,5.84612790e-05,54.45
4,196,0.268511,5.84587760e-05,54.97
4,198,0.278599,5.84562695e-05,55.51
4,200,0.304264,5.84537629e-05,55.99
4,202,0.270286,5.84512563e-05,56.51
4,204,0.274458,5.84487534e-05,56.94
4,206,0.209431,5.84462505e-05,57.43
4,208,0.263961,5.84437403e-05,57.90
4,210,0.257724,5.84412337e-05,58.36
4,212,0.318232,5.84387308e-05,58.85
4,214,0.321377,5.84362242e-05,59.31
4,216,0.249662,5.84337140e-05,59.77
4,218,0.248632,5.84312111e-05,60.26
4,220,0.282701,5.84287009e-05,60.75
4,222,0.279968,5.84261979e-05,61.18
4,224,0.241270,5.84236841e-05,61.71
4,226,0.294308,5.84211812e-05,62.19
4,228,0.255648,5.84186710e-05,62.65
4,230,0.236923,5.84161608e-05,63.13
4,232,0.252478,5.84136542e-05,63.61
4,234,0.272665,5.84111476e-05,64.08
4,236,0.278651,5.84086411e-05,64.54
4,238,0.264430,5.84061272e-05,65.06
4,240,0.251163,5.84036206e-05,65.53
4,242,0.221577,5.84011104e-05,65.97
4,244,0.254645,5.83986002e-05,66.43
4,246,0.275554,5.83960900e-05,67.01
4,248,0.235234,5.83935762e-05,67.48
4,250,0.230478,5.83910696e-05,68.06
4,252,0.224092,5.83885594e-05,68.55
4,254,0.273740,5.83860456e-05,69.05
4,256,0.261054,5.83835390e-05,69.54
4,258,0.268237,5.83810288e-05,69.99
4,260,0.263481,5.83785150e-05,70.48
4,262,0.232544,5.83760047e-05,70.95
4,264,0.239000,5.83734909e-05,71.44
4,266,0.261883,5.83709807e-05,71.89
4,268,0.255783,5.83684669e-05,72.49
4,270,0.290927,5.83659530e-05,73.06
4,272,0.281998,5.83634428e-05,73.53
4,274,0.295467,5.83609253e-05,74.07
4,276,0.305445,5.83584151e-05,74.58
4,278,0.256014,5.83559013e-05,75.06
4,280,0.249076,5.83533911e-05,75.59
4,282,0.259544,5.83508736e-05,76.09
4,284,0.264513,5.83483597e-05,76.60
4,286,0.282551,5.83458459e-05,77.06
4,288,0.275095,5.83433321e-05,77.61
4,290,0.258428,5.83408146e-05,78.13
4,292,0.245755,5.83383044e-05,78.63
4,294,0.296978,5.83357833e-05,79.08
4,296,0.232644,5.83332694e-05,79.59
4,298,0.272517,5.83307556e-05,80.10
4,300,0.289045,5.83282381e-05,80.58
4,302,0.251424,5.83257206e-05,81.07
4,304,0.278404,5.83232068e-05,81.59
4,306,0.291610,5.83206856e-05,82.08
4,308,0.250452,5.83181754e-05,82.57
4,310,0.254165,5.83156543e-05,83.07
4,312,0.291175,5.83131405e-05,83.54
4,314,0.262017,5.83106230e-05,84.01
4,316,0.276333,5.83081019e-05,84.46
4,318,0.271529,5.83055844e-05,85.05
4,320,0.282060,5.83030705e-05,85.54
4,322,0.261452,5.83005531e-05,85.99
4,324,0.229395,5.82980319e-05,86.45
4,326,0.263262,5.82955108e-05,86.92
4,328,0.292380,5.82929970e-05,87.37
4,330,0.283355,5.82904759e-05,87.92
4,332,0.282548,5.82879547e-05,88.48
4,334,0.286200,5.82854336e-05,88.99
4,336,0.274666,5.82829198e-05,89.50
4,338,0.236660,5.82803987e-05,89.95
4,340,0.276302,5.82778775e-05,90.42
4,342,0.246843,5.82753564e-05,90.89
4,344,0.257141,5.82728389e-05,91.39
4,346,0.309529,5.82703142e-05,91.91
4,348,0.266933,5.82677931e-05,92.36
4,350,0.295663,5.82652719e-05,92.84
4,352,0.292764,5.82627508e-05,93.29
4,354,0.270284,5.82602297e-05,93.74
4,356,0.273925,5.82577086e-05,94.23
4,358,0.286331,5.82551875e-05,94.70
4,360,0.275679,5.82526627e-05,95.19
4,362,0.295147,5.82501416e-05,95.70
4,364,0.259371,5.82476168e-05,96.19
4,366,0.290822,5.82450921e-05,96.61
4,368,0.280117,5.82425746e-05,97.08
4,370,0.271266,5.82400498e-05,97.55
4,372,0.257859,5.82375251e-05,98.08
4,374,0.257063,5.82350003e-05,98.56
4,376,0.267970,5.82324756e-05,99.04
4,378,0.252455,5.82299544e-05,99.54
4,380,0.256455,5.82274261e-05,100.03
4,382,0.266143,5.82249013e-05,100.56
4,384,0.269147,5.82223802e-05,101.09
4,386,0.246167,5.82198554e-05,101.65
4,388,0.277288,5.82173307e-05,102.14
4,390,0.301265,5.82148023e-05,102.73
4,392,0.269002,5.82122775e-05,103.25
4,394,0.241374,5.82097528e-05,103.71
4,396,0.264220,5.82072244e-05,104.26
4,398,0.320911,5.82046960e-05,104.74
4,400,0.264060,5.82021712e-05,105.18
4,402,0.283368,5.81996428e-05,105.64
4,404,0.255481,5.81971181e-05,106.14
4,406,0.299542,5.81945897e-05,106.63
4,408,0.240998,5.81920613e-05,107.05
4,410,0.288728,5.81895329e-05,107.53
4,412,0.273316,5.81870045e-05,108.00
4,414,0.233292,5.81844761e-05,108.54
4,416,0.266658,5.81819477e-05,109.10
4,418,0.242603,5.81794193e-05,109.56
4,420,0.289840,5.81768909e-05,110.05
4,422,0.246795,5.81743625e-05,110.60
4,424,0.253806,5.81718341e-05,111.06
4,426,0.293253,5.81693057e-05,111.57
4,428,0.253115,5.81667773e-05,112.07
4,430,0.239161,5.81642453e-05,112.62
4,432,0.260050,5.81617132e-05,113.23
4,434,0.288491,5.81591848e-05,113.77
4,436,0.246511,5.81566565e-05,114.27
4,438,0.296573,5.81541244e-05,114.74
4,440,0.263969,5.81515924e-05,115.22
4,442,0.254592,5.81490640e-05,115.71
4,444,0.268186,5.81465320e-05,116.15
4,446,0.250548,5.81439963e-05,116.64
4,448,0.261392,5.81414679e-05,117.17
4,450,0.267844,5.81389359e-05,117.66
4,452,0.253672,5.81364038e-05,118.23
4,454,0.240868,5.81338682e-05,118.76
4,456,0.308760,5.81313398e-05,119.28
4,458,0.242505,5.81288077e-05,119.79
4,460,0.251869,5.81262721e-05,120.34
4,462,0.287756,5.81237364e-05,120.81
4,464,0.271714,5.81212043e-05,121.31
4,466,0.269571,5.81186723e-05,121.83
4,468,0.252005,5.81161330e-05,122.33
4,470,0.260803,5.81136010e-05,122.78
4,472,0.258936,5.81110689e-05,123.33
4,474,0.264629,5.81085333e-05,123.90
4,476,0.264023,5.81060012e-05,124.42
4,478,0.244489,5.81034619e-05,124.92
4,480,0.285280,5.81009299e-05,125.41
4,482,0.257546,5.80983942e-05,125.91
4,484,0.244286,5.80958585e-05,126.39
4,486,0.277390,5.80933192e-05,126.87
4,488,0.266550,5.80907836e-05,127.34
4,490,0.266361,5.80882479e-05,127.88
4,492,0.301437,5.80857086e-05,128.40
4,494,0.238931,5.80831729e-05,128.96
4,496,0.257721,5.80806372e-05,129.50
4,498,0.256807,5.80781016e-05,130.00
4,500,0.258612,5.80755623e-05,130.46
4,502,0.276414,5.80730266e-05,131.04
4,504,0.255125,5.80704909e-05,131.58
4,506,0.282067,5.80679516e-05,132.09
4,508,0.241836,5.80654123e-05,132.67
4,510,0.275532,5.80628694e-05,133.15
4,512,0.248363,5.80603337e-05,133.62
4,514,0.275019,5.80577980e-05,134.17
4,516,0.230301,5.80552623e-05,134.66
4,518,0.250553,5.80527158e-05,135.15
4,520,0.296666,5.80501801e-05,135.60
4,522,0.274760,5.80476408e-05,136.10
4,524,0.312239,5.80450978e-05,136.62
4,526,0.219755,5.80425585e-05,137.06
4,528,0.283204,5.80400156e-05,137.56
4,530,0.262750,5.80374799e-05,138.07
4,532,0.272452,5.80349370e-05,138.55
4,534,0.236358,5.80323976e-05,139.01
4,536,0.284682,5.80298511e-05,139.45
4,538,0.241927,5.80273154e-05,139.91
4,540,0.285181,5.80247688e-05,140.46
4,542,0.267009,5.80222295e-05,140.96
4,544,0.281090,5.80196865e-05,141.41
4,546,0.274201,5.80171472e-05,141.91
4,548,0.288576,5.80146043e-05,142.39
4,550,0.239442,5.80120613e-05,142.88
4,552,0.271715,5.80095148e-05,143.40
4,554,0.266658,5.80069755e-05,143.88
4,556,0.272966,5.80044325e-05,144.37
4,558,0.258346,5.80018896e-05,144.87
4,560,0.271141,5.79993430e-05,145.34
4,562,0.256709,5.79967964e-05,145.85
4,564,0.231849,5.79942534e-05,146.32
4,566,0.282556,5.79917069e-05,146.79
4,568,0.279673,5.79891639e-05,147.28
4,570,0.265783,5.79866210e-05,147.83
4,572,0.203733,5.79840780e-05,148.34
4,574,0.240252,5.79815278e-05,148.79
4,576,0.321440,5.79789812e-05,149.26
4,578,0.263972,5.79764383e-05,149.76
4,580,0.269171,5.79738917e-05,150.23
4,582,0.261952,5.79713451e-05,150.77
4,584,0.273725,5.79688021e-05,151.38
4,586,0.260475,5.79662556e-05,151.91
4,588,0.255888,5.79637090e-05,152.42
4,590,0.283403,5.79611587e-05,152.99
4,592,0.260451,5.79586122e-05,153.53
4,594,0.261232,5.79560692e-05,154.05
4,596,0.252971,5.79535190e-05,154.51
4,598,0.260669,5.79509688e-05,155.00
4,600,0.270274,5.79484185e-05,155.47
4,602,0.245197,5.79458720e-05,155.95
4,604,0.235281,5.79433254e-05,156.43
4,606,0.296776,5.79407752e-05,156.93
4,608,0.268609,5.79382286e-05,157.43
4,610,0.303369,5.79356783e-05,157.88
4,612,0.250129,5.79331281e-05,158.38
4,614,0.315200,5.79305779e-05,158.91
4,616,0.283485,5.79280313e-05,159.36
4,618,0.293723,5.79254811e-05,159.84
4,620,0.223465,5.79229309e-05,160.31
4,622,0.239852,5.79203770e-05,160.88
4,624,0.308827,5.79178231e-05,161.34
4,626,0.240040,5.79152802e-05,161.81
4,628,0.281069,5.79127263e-05,162.30
4,630,0.237104,5.79101725e-05,162.82
4,632,0.234162,5.79076222e-05,163.32
4,634,0.277734,5.79050720e-05,163.84
4,636,0.270689,5.79025218e-05,164.34
4,638,0.317278,5.78999679e-05,164.84
4,640,0.300190,5.78974141e-05,165.36
4,642,0.257193,5.78948602e-05,165.86
4,644,0.292894,5.78923100e-05,166.34
4,646,0.270544,5.78897561e-05,166.84
4,648,0.273954,5.78872023e-05,167.40
4,650,0.264461,5.78846484e-05,167.91
4,652,0.248118,5.78820982e-05,168.35
4,654,0.265723,5.78795407e-05,168.88
4,656,0.246525,5.78769868e-05,169.35
4,658,0.252708,5.78744330e-05,169.88
4,660,0.315576,5.78718791e-05,170.41
4,662,0.238491,5.78693252e-05,170.92
4,664,0.259693,5.78667714e-05,171.39
4,666,0.282355,5.78642175e-05,171.94
4,668,0.241743,5.78616564e-05,172.40
4,670,0.250697,5.78591025e-05,173.06
4,672,0.222075,5.78565487e-05,173.61
4,674,0.280268,5.78539912e-05,174.08
4,676,0.269253,5.78514337e-05,174.56
4,678,0.271545,5.78488798e-05,174.99
4,680,0.260854,5.78463223e-05,175.45
4,682,0.298127,5.78437648e-05,175.90
4,684,0.273423,5.78412109e-05,176.42
4,686,0.280828,5.78386498e-05,176.85
4,688,0.260501,5.78360959e-05,177.34
4,690,0.296063,5.78335348e-05,177.86
4,692,0.267963,5.78309809e-05,178.36
4,694,0.270448,5.78284198e-05,178.88
4,696,0.271885,5.78258623e-05,179.35
4,698,0.298209,5.78233048e-05,179.78
4,700,0.268903,5.78207437e-05,180.26
4,702,0.254601,5.78181862e-05,180.71
4,704,0.265746,5.78156287e-05,181.20
4,706,0.275702,5.78130639e-05,181.68
4,708,0.281966,5.78105064e-05,182.15
4,710,0.248097,5.78079489e-05,182.66
4,712,0.235122,5.78053878e-05,183.14
4,714,0.291022,5.78028266e-05,183.66
4,716,0.267818,5.78002655e-05,184.14
4,718,0.271878,5.77977080e-05,184.62
4,720,0.230507,5.77951469e-05,185.14
4,722,0.231464,5.77925894e-05,185.61
4,724,0.271122,5.77900246e-05,186.09
4,726,0.317035,5.77874634e-05,186.66
4,728,0.254775,5.77849023e-05,187.22
4,730,0.266603,5.77823412e-05,187.71
4,732,0.258134,5.77797800e-05,188.23
4,734,0.226715,5.77772153e-05,188.67
4,736,0.235140,5.77746505e-05,189.09
4,738,0.224644,5.77720893e-05,189.57
4,740,0.185578,5.77695246e-05,190.08
4,742,0.256298,5.77669598e-05,190.55
4,744,0.237657,5.77643987e-05,191.04
4,746,0.248312,5.77618375e-05,191.54
4,748,0.246549,5.77592727e-05,192.08
4,750,0.271931,5.77567043e-05,192.54
4,752,0.254869,5.77541432e-05,193.11
4,754,0.274625,5.77515821e-05,193.59
4,756,0.246511,5.77490136e-05,194.10
4,758,0.263544,5.77464489e-05,194.53
4,760,0.235536,5.77438841e-05,195.03
4,762,0.273280,5.77413193e-05,195.64
4,764,0.251146,5.77387545e-05,196.17
4,766,0.304229,5.77361861e-05,196.71
4,768,0.267295,5.77336214e-05,197.15
4,770,0.238006,5.77310529e-05,197.69
4,772,0.239234,5.77284918e-05,198.18
4,774,0.255026,5.77259234e-05,198.68
4,776,0.243914,5.77233550e-05,199.19
4,778,0.261457,5.77207902e-05,199.68
4,780,0.287492,5.77182218e-05,200.21
4,782,0.277337,5.77156534e-05,200.68
4,784,0.248316,5.77130886e-05,201.19
4,786,0.238030,5.77105166e-05,201.69
4,788,0.290760,5.77079481e-05,202.17
4,790,0.256855,5.77053834e-05,202.64
4,792,0.307979,5.77028150e-05,203.15
4,794,0.265522,5.77002465e-05,203.61
4,796,0.253562,5.76976745e-05,204.19
4,798,0.235662,5.76951061e-05,204.67
4,800,0.270539,5.76925340e-05,205.12
4,802,0.265320,5.76899693e-05,205.62
4,804,0.283109,5.76874008e-05,206.10
4,806,0.268301,5.76848288e-05,206.54
4,808,0.236720,5.76822604e-05,207.00
4,810,0.283691,5.76796883e-05,207.51
4,812,0.230915,5.76771199e-05,208.02
4,814,0.290919,5.76745442e-05,208.51
4,816,0.275950,5.76719758e-05,209.00
4,818,0.253483,5.76694038e-05,209.47
4,820,0.271223,5.76668353e-05,209.93
4,822,0.240972,5.76642633e-05,210.47
4,824,0.317010,5.76616876e-05,210.93
4,826,0.275659,5.76591192e-05,211.40
4,828,0.259687,5.76565435e-05,211.95
4,830,0.255666,5.76539751e-05,212.44
4,832,0.310610,5.76513994e-05,212.91
4,834,0.275460,5.76488274e-05,213.37
4,836,0.263757,5.76462553e-05,213.84
4,838,0.251917,5.76436832e-05,214.32
4,840,0.319559,5.76411076e-05,214.83
4,842,0.265620,5.76385355e-05,215.35
4,844,0.271843,5.76359598e-05,215.82
4,846,0.254310,5.76333878e-05,216.32
4,848,0.264752,5.76308084e-05,216.81
4,850,0.276422,5.76282400e-05,217.35
4,852,0.260772,5.76256607e-05,217.85
4,854,0.243312,5.76230887e-05,218.43
4,856,0.255297,5.76205130e-05,218.90
4,858,0.264339,5.76179336e-05,219.43
4,860,0.299354,5.76153616e-05,219.93
4,862,0.261927,5.76127859e-05,220.42
4,864,0.283442,5.76102066e-05,220.92
4,866,0.284199,5.76076309e-05,221.42
4,868,0.265055,5.76050588e-05,221.93
4,870,0.275190,5.76024795e-05,222.42
4,872,0.263371,5.75999002e-05,222.95
4,874,0.239054,5.75973245e-05,223.42
4,876,0.248407,5.75947488e-05,223.88
4,878,0.277868,5.75921695e-05,224.41
4,880,0.251816,5.75895901e-05,224.96
4,882,0.253666,5.75870181e-05,225.45
4,884,0.263620,5.75844388e-05,225.94
4,886,0.247779,5.75818594e-05,226.41
4,888,0.223077,5.75792801e-05,226.89
4,890,0.275237,5.75767044e-05,227.37
4,892,0.259767,5.75741251e-05,227.83
4,894,0.295762,5.75715421e-05,228.31
4,896,0.246821,5.75689592e-05,228.82
4,898,0.255191,5.75663835e-05,229.32
4,900,0.275223,5.75638041e-05,229.79
4,902,0.274793,5.75612248e-05,230.28
4,904,0.260573,5.75586455e-05,230.86
4,906,0.234981,5.75560625e-05,231.38
4,908,0.256035,5.75534796e-05,231.88
4,910,0.312591,5.75509002e-05,232.40
4,912,0.259848,5.75483173e-05,232.88
4,914,0.278506,5.75457416e-05,233.42
4,916,0.279679,5.75431586e-05,234.00
4,918,0.236014,5.75405757e-05,234.53
4,920,0.217843,5.75379927e-05,235.02
4,922,0.258015,5.75354134e-05,235.58
4,924,0.273185,5.75328268e-05,236.15
4,926,0.244295,5.75302474e-05,236.66
4,928,0.250875,5.75276608e-05,237.24
4,930,0.285663,5.75250815e-05,237.86
4,932,0.251819,5.75224949e-05,238.37
4,934,0.239571,5.75199119e-05,238.92
4,936,0.250741,5.75173326e-05,239.37
4,938,0.247363,5.75147496e-05,239.87
4,940,0.219861,5.75121667e-05,240.33
4,942,0.262704,5.75095801e-05,240.79
4,944,0.269258,5.75069935e-05,241.25
4,946,0.230052,5.75044105e-05,241.75
4,948,0.260570,5.75018275e-05,242.29
4,950,0.227990,5.74992409e-05,242.77
4,952,0.281512,5.74966543e-05,243.25
4,954,0.266898,5.74940714e-05,243.71
4,956,0.239004,5.74914848e-05,244.21
4,958,0.296816,5.74888982e-05,244.71
4,960,0.265949,5.74863116e-05,245.22
4,962,0.272266,5.74837213e-05,245.70
4,964,0.255691,5.74811420e-05,246.16
4,966,0.253057,5.74785518e-05,246.64
4,968,0.240077,5.74759651e-05,247.11
4,970,0.218952,5.74733749e-05,247.61
4,972,0.274750,5.74707919e-05,248.12
4,974,0.237425,5.74682017e-05,248.65
4,976,0.220116,5.74656115e-05,249.11
4,978,0.273716,5.74630249e-05,249.58
4,980,0.249867,5.74604383e-05,250.08
4,982,0.255577,5.74578517e-05,250.56
4,984,0.288596,5.74552651e-05,251.06
4,986,0.285777,5.74526675e-05,251.56
4,988,0.262545,5.74500809e-05,252.01
4,990,0.300387,5.74474943e-05,252.49
4,992,0.252307,5.74449041e-05,252.98
4,994,0.305358,5.74423138e-05,253.53
4,996,0.256812,5.74397272e-05,254.03
4,998,0.247681,5.74371334e-05,254.54
4,1000,0.300635,5.74345431e-05,255.03
4,1002,0.268616,5.74319529e-05,255.53
4,1004,0.282367,5.74293626e-05,256.08
4,1006,0.288622,5.74267760e-05,256.56
4,1008,0.222154,5.74241785e-05,257.04
4,1010,0.251925,5.74215883e-05,257.56
4,1012,0.282650,5.74189980e-05,258.06
4,1014,0.293786,5.74164078e-05,258.53
4,1016,0.273823,5.74138139e-05,258.99
4,1018,0.289148,5.74112200e-05,259.44
4,1020,0.304119,5.74086334e-05,259.98
4,1022,0.257457,5.74060396e-05,260.50
4,1024,0.255645,5.74034420e-05,260.99
4,1026,0.269650,5.74008482e-05,261.47
4,1028,0.274096,5.73982616e-05,261.94
4,1030,0.282187,5.73956677e-05,262.39
4,1032,0.288216,5.73930702e-05,263.08
4,1034,0.265636,5.73904763e-05,263.61
4,1036,0.264992,5.73878860e-05,264.11
4,1038,0.256718,5.73852885e-05,264.59
4,1040,0.260399,5.73826946e-05,265.08
4,1042,0.228526,5.73801008e-05,265.67
4,1044,0.238781,5.73775069e-05,266.23
4,1046,0.267738,5.73749130e-05,266.70
4,1048,0.246637,5.73723119e-05,267.20
4,1050,0.289721,5.73697180e-05,267.70
4,1052,0.224254,5.73671241e-05,268.16
4,1054,0.281479,5.73645266e-05,268.72
4,1056,0.284162,5.73619291e-05,269.21
4,1058,0.297422,5.73593352e-05,269.74
4,1060,0.281995,5.73567377e-05,270.27
4,1062,0.295453,5.73541438e-05,270.73
4,1064,0.261220,5.73515426e-05,271.24
4,1066,0.253829,5.73489451e-05,271.69
4,1068,0.255642,5.73463476e-05,272.17
4,1070,0.264476,5.73437537e-05,272.70
4,1072,0.258469,5.73411562e-05,273.22
4,1074,0.253767,5.73385551e-05,273.67
4,1076,0.270442,5.73359612e-05,274.19
4,1078,0.245111,5.73333600e-05,274.70
4,1080,0.248943,5.73307625e-05,275.18
4,1082,0.240678,5.73281613e-05,275.62
4,1084,0.266580,5.73255638e-05,276.15
4,1086,0.269785,5.73229663e-05,276.59
4,1088,0.264644,5.73203652e-05,277.10
4,1090,0.311705,5.73177640e-05,277.54
4,1092,0.245775,5.73151665e-05,278.13
4,1094,0.245121,5.73125653e-05,278.58
4,1096,0.242338,5.73099678e-05,279.12
4,1098,0.271805,5.73073630e-05,279.61
4,1100,0.295866,5.73047619e-05,280.10
4,1102,0.285757,5.73021644e-05,280.56
4,1104,0.236096,5.72995596e-05,281.10
4,1106,0.246157,5.72969584e-05,281.64
4,1108,0.258792,5.72943609e-05,282.13
4,1110,0.279293,5.72917597e-05,282.64
4,1112,0.271351,5.72891549e-05,283.11
4,1114,0.276027,5.72865501e-05,283.64
4,1116,0.280921,5.72839526e-05,284.11
4,1118,0.229319,5.72813478e-05,284.67
4,1120,0.228609,5.72787467e-05,285.15
4,1122,0.241610,5.72761419e-05,285.64
4,1124,0.264250,5.72735407e-05,286.17
4,1126,0.298734,5.72709396e-05,286.63
4,1128,0.248955,5.72683348e-05,287.15
4,1130,0.264825,5.72657264e-05,287.61
4,1132,0.272333,5.72631288e-05,288.10
4,1134,0.299429,5.72605204e-05,288.58
4,1136,0.267790,5.72579156e-05,289.04
4,1138,0.292796,5.72553072e-05,289.51
4,1140,0.252466,5.72527060e-05,289.99
4,1142,0.303125,5.72501012e-05,290.41
4,1144,0.282111,5.72475001e-05,290.92
4,1146,0.220222,5.72448917e-05,291.38
4,1148,0.265672,5.72422832e-05,291.81
4,1150,0.284263,5.72396784e-05,292.31
4,1152,0.280060,5.72370773e-05,292.79
4,1154,0.225277,5.72344652e-05,293.36
4,1156,0.280935,5.72318604e-05,293.81
4,1158,0.268482,5.72292520e-05,294.35
4,1160,0.254003,5.72266435e-05,294.83
4,1162,0.245290,5.72240424e-05,295.29
4,1164,0.296803,5.72214340e-05,295.81
4,1166,0.281785,5.72188255e-05,296.30
4,1168,0.239120,5.72162135e-05,296.73
4,1170,0.268253,5.72136123e-05,297.33
4,1172,0.262378,5.72110002e-05,297.85
4,1174,0.286863,5.72083954e-05,298.34
4,1176,0.249200,5.72057834e-05,298.92
4,1178,0.262116,5.72031713e-05,299.43
4,1180,0.285791,5.72005665e-05,299.91
4,1182,0.249604,5.71979544e-05,300.38
4,1184,0.259931,5.71953497e-05,300.84
4,1186,0.237659,5.71927376e-05,301.33
4,1188,0.258414,5.71901292e-05,301.85
4,1190,0.218469,5.71875171e-05,302.33
4,1192,0.302875,5.71849050e-05,302.83
4,1194,0.247321,5.71822966e-05,303.30
4,1196,0.241559,5.71796882e-05,303.75
4,1198,0.272660,5.71770761e-05,304.27
4,1200,0.285269,5.71744677e-05,304.80
4,1202,0.298986,5.71718556e-05,305.32
4,1204,0.262275,5.71692435e-05,305.78
4,1206,0.299294,5.71666314e-05,306.31
4,1208,0.283136,5.71640194e-05,306.78
4,1210,0.259868,5.71614073e-05,307.27
4,1212,0.281396,5.71587952e-05,307.80
4,1214,0.220814,5.71561832e-05,308.36
4,1216,0.247449,5.71535711e-05,308.87
4,1218,0.268373,5.71509554e-05,309.41
4,1220,0.278934,5.71483433e-05,309.92
4,1222,0.259267,5.71457313e-05,310.48
4,1224,0.251916,5.71431156e-05,311.00
4,1226,0.249389,5.71405035e-05,311.47
4,1228,0.279132,5.71378914e-05,312.04
4,1230,0.237297,5.71352757e-05,312.56
4,1232,0.309481,5.71326600e-05,313.09
4,1234,0.271165,5.71300479e-05,313.57
4,1236,0.278548,5.71274322e-05,314.14
4,1238,0.272422,5.71248165e-05,314.78
4,1240,0.220546,5.71222045e-05,315.29
4,1242,0.286021,5.71195815e-05,315.77
4,1244,0.267230,5.71169730e-05,316.27
4,1246,0.256698,5.71143537e-05,316.77
4,1248,0.298448,5.71117380e-05,317.22
4,1250,0.284534,5.71091186e-05,317.70
4,1252,0.267075,5.71065066e-05,318.15
4,1254,0.255454,5.71038872e-05,318.66
4,1256,0.237889,5.71012752e-05,319.15
4,1258,0.296842,5.70986558e-05,319.60
4,1260,0.316347,5.70960401e-05,320.10
4,1262,0.283172,5.70934244e-05,320.59
4,1264,0.248870,5.70908014e-05,321.10
4,1266,0.247826,5.70881821e-05,321.58
4,1268,0.259490,5.70855700e-05,322.05
4,1270,0.235090,5.70829507e-05,322.53
4,1272,0.272577,5.70803313e-05,323.07
4,1274,0.282150,5.70777083e-05,323.63
4,1276,0.256140,5.70750926e-05,324.09
4,1278,0.239169,5.70724733e-05,324.58
4,1280,0.258795,5.70698576e-05,325.05
4,1282,0.276057,5.70672382e-05,325.56
4,1284,0.255013,5.70646152e-05,326.08
4,1286,0.254704,5.70619959e-05,326.61
4,1288,0.236410,5.70593766e-05,327.09
4,1290,0.255080,5.70567572e-05,327.62
4,1292,0.227987,5.70541379e-05,328.15
4,1294,0.263133,5.70515149e-05,328.61
4,1296,0.245353,5.70488955e-05,329.11
4,1298,0.251162,5.70462726e-05,329.54
4,1300,0.246932,5.70436496e-05,329.99
4,1302,0.246903,5.70410266e-05,330.52
4,1304,0.251029,5.70384072e-05,330.95
4,1306,0.268789,5.70357879e-05,331.46
4,1308,0.305176,5.70331649e-05,331.95
4,1310,0.273243,5.70305419e-05,332.41
4,1312,0.223743,5.70279190e-05,332.92
4,1314,0.264114,5.70252960e-05,333.40
4,1316,0.280936,5.70226730e-05,333.90
4,1318,0.244418,5.70200500e-05,334.45
4,1320,0.255407,5.70174270e-05,335.00
4,1322,0.224062,5.70148004e-05,335.55
4,1324,0.248109,5.70121774e-05,336.05
4,1326,0.267489,5.70095544e-05,336.60
4,1328,0.277612,5.70069315e-05,337.11
4,1330,0.240600,5.70043048e-05,337.64
4,1332,0.271654,5.70016819e-05,338.14
4,1334,0.226413,5.69990589e-05,338.63
4,1336,0.247299,5.69964322e-05,339.16
4,1338,0.227605,5.69938056e-05,339.66
4,1340,0.268646,5.69911826e-05,340.17
4,1342,0.259258,5.69885560e-05,340.71
4,1344,0.248830,5.69859258e-05,341.21
4,1346,0.276792,5.69833028e-05,341.73
4,1348,0.285674,5.69806798e-05,342.25
4,1350,0.272561,5.69780495e-05,342.76
4,1352,0.290266,5.69754266e-05,343.19
4,1354,0.282349,5.69727963e-05,343.76
4,1356,0.241497,5.69701733e-05,344.24
4,1358,0.265052,5.69675431e-05,344.70
4,1360,0.271329,5.69649164e-05,345.17
4,1362,0.264096,5.69622862e-05,345.75
4,1364,0.230182,5.69596632e-05,346.22
4,1366,0.204198,5.69570329e-05,346.72
4,1368,0.246600,5.69544063e-05,347.24
4,1370,0.247528,5.69517724e-05,347.71
4,1372,0.240078,5.69491494e-05,348.22
4,1374,0.261712,5.69465192e-05,348.69
4,1376,0.268600,5.69438853e-05,349.18
4,1378,0.296027,5.69412587e-05,349.66
4,1380,0.215299,5.69386284e-05,350.15
4,1382,0.271372,5.69360018e-05,350.61
4,1384,0.263677,5.69333715e-05,351.08
4,1386,0.266896,5.69307413e-05,351.65
4,1388,0.267156,5.69281110e-05,352.11
4,1390,0.254172,5.69254771e-05,352.65
4,1392,0.275750,5.69228505e-05,353.18
4,1394,0.235441,5.69202166e-05,353.72
4,1396,0.274962,5.69175900e-05,354.23
4,1398,0.255531,5.69149561e-05,354.76
4,1400,0.274742,5.69123222e-05,355.22
4,1402,0.273559,5.69096919e-05,355.71
4,1404,0.257178,5.69070617e-05,356.23
4,1406,0.251764,5.69044278e-05,356.71
4,1408,0.267359,5.69017975e-05,357.23
4,1410,0.258224,5.68991636e-05,357.71
4,1412,0.277084,5.68965297e-05,358.27
4,1414,0.250708,5.68938995e-05,358.76
4,1416,0.239936,5.68912656e-05,359.25
4,1418,0.245361,5.68886280e-05,359.73
4,1420,0.258491,5.68860014e-05,360.22
4,1422,0.261209,5.68833639e-05,360.71
4,1424,0.276550,5.68807300e-05,361.14
4,1426,0.246336,5.68780961e-05,361.59
4,1428,0.273453,5.68754622e-05,362.04
4,1430,0.256401,5.68728283e-05,362.49
4,1432,0.253095,5.68701907e-05,363.04
4,1434,0.248401,5.68675569e-05,363.55
4,1436,0.256690,5.68649230e-05,364.07
4,1438,0.254201,5.68622854e-05,364.56
4,1440,0.241607,5.68596515e-05,365.08
4,1442,0.268103,5.68570140e-05,365.56
4,1444,0.244029,5.68543801e-05,366.02
4,1446,0.276723,5.68517462e-05,366.49
4,1448,0.230666,5.68491087e-05,367.02
4,1450,0.269383,5.68464711e-05,367.53
4,1452,0.256177,5.68438336e-05,368.08
4,1454,0.271300,5.68411961e-05,368.58
4,1456,0.258206,5.68385622e-05,369.08
4,1458,0.253115,5.68359246e-05,369.60
4,1460,0.250798,5.68332871e-05,370.10
4,1462,0.272718,5.68306459e-05,370.55
4,1464,0.258790,5.68280047e-05,371.03
4,1466,0.258189,5.68253672e-05,371.54
4,1468,0.253484,5.68227297e-05,371.99
4,1470,0.287324,5.68200921e-05,372.46
4,1472,0.277470,5.68174510e-05,372.96
4,1474,0.267088,5.68148098e-05,373.48
4,1476,0.245097,5.68121759e-05,373.95
4,1478,0.245472,5.68095384e-05,374.43
4,1480,0.235208,5.68068972e-05,374.89
4,1482,0.271918,5.68042560e-05,375.39
4,1484,0.220089,5.68016185e-05,375.86
4,1486,0.195122,5.67989737e-05,376.34
4,1488,0.266779,5.67963361e-05,376.82
4,1490,0.284596,5.67936913e-05,377.37
4,1492,0.225180,5.67910538e-05,377.83
4,1494,0.257738,5.67884126e-05,378.40
4,1496,0.242559,5.67857714e-05,378.84
4,1498,0.259845,5.67831266e-05,379.31
4,1500,0.248850,5.67804891e-05,379.78
4,1502,0.209039,5.67778443e-05,380.27
4,1504,0.263266,5.67752031e-05,380.81
4,1506,0.230930,5.67725619e-05,381.25
4,1508,0.236905,5.67699171e-05,381.76
4,1510,0.268926,5.67672760e-05,382.25
4,1512,0.265542,5.67646348e-05,382.71
4,1514,0.274286,5.67619900e-05,383.34
4,1516,0.258248,5.67593452e-05,383.82
4,1518,0.230629,5.67567040e-05,384.33
4,1520,0.295018,5.67540628e-05,384.88
4,1522,0.271076,5.67514180e-05,385.39
4,1524,0.295603,5.67487732e-05,385.89
4,1526,0.246706,5.67461284e-05,386.43
4,1528,0.258820,5.67434799e-05,386.91
4,1530,0.235873,5.67408351e-05,387.42
4,1532,0.246219,5.67381903e-05,387.99
4,1534,0.272048,5.67355455e-05,388.47
4,1536,0.309345,5.67329007e-05,388.96
4,1538,0.255137,5.67302559e-05,389.45
4,1540,0.246511,5.67276111e-05,389.91
4,1542,0.247416,5.67249663e-05,390.39
4,1544,0.290609,5.67223178e-05,390.86
4,1546,0.249706,5.67196730e-05,391.35
4,1548,0.213951,5.67170282e-05,391.86
4,1550,0.256424,5.67143798e-05,392.37
4,1552,0.278201,5.67117313e-05,392.95
4,1554,0.224511,5.67090865e-05,393.42
4,1556,0.229375,5.67064380e-05,393.94
4,1558,0.275655,5.67037932e-05,394.43
4,1560,0.275369,5.67011411e-05,394.96
4,1562,0.279224,5.66984963e-05,395.45
4,1564,0.256669,5.66958443e-05,395.92
4,1566,0.275399,5.66931958e-05,396.40
4,1568,0.270199,5.66905510e-05,396.87
4,1570,0.236058,5.66879025e-05,397.29
4,1572,0.236515,5.66852541e-05,397.79
4,1574,0.260090,5.66826020e-05,398.39
4,1576,0.257582,5.66799536e-05,398.91
4,1578,0.250608,5.66773051e-05,399.37
4,1580,0.269790,5.66746530e-05,399.91
4,1582,0.241897,5.66720046e-05,400.38
4,1584,0.240073,5.66693561e-05,400.82
4,1586,0.251068,5.66667040e-05,401.28
4,1588,0.266759,5.66640520e-05,401.79
4,1590,0.255079,5.66614035e-05,402.24
4,1592,0.286111,5.66587514e-05,402.70
4,1594,0.267921,5.66560993e-05,403.22
4,1596,0.268328,5.66534509e-05,403.70
4,1598,0.268487,5.66507988e-05,404.18
4,1600,0.295514,5.66481431e-05,404.71
4,1602,0.266844,5.66454910e-05,405.24
4,1604,0.250260,5.66428425e-05,405.78
4,1606,0.214206,5.66401905e-05,406.27
4,1608,0.224004,5.66375384e-05,406.72
4,1610,0.264927,5.66348826e-05,407.22
4,1612,0.267403,5.66322306e-05,407.73
4,1614,0.228096,5.66295785e-05,408.20
4,1616,0.241169,5.66269227e-05,408.70
4,1618,0.264843,5.66242707e-05,409.25
4,1620,0.280308,5.66216149e-05,409.76
4,1622,0.245147,5.66189628e-05,410.22
4,1624,0.278199,5.66163108e-05,410.69
4,1626,0.260771,5.66136550e-05,411.18
4,1628,0.245822,5.66110029e-05,411.66
4,1630,0.282901,5.66083472e-05,412.16
4,1632,0.270550,5.66056915e-05,412.61
4,1634,0.268671,5.66030321e-05,413.14
4,1636,0.256912,5.66003800e-05,413.65
4,1638,0.267627,5.65977243e-05,414.13
4,1640,0.260634,5.65950686e-05,414.63
4,1642,0.263396,5.65924092e-05,415.11
4,1644,0.285299,5.65897572e-05,415.55
4,1646,0.310987,5.65870978e-05,416.06
4,1648,0.265003,5.65844421e-05,416.56
4,1650,0.251794,5.65817863e-05,417.04
4,1652,0.229919,5.65791270e-05,417.55
4,1654,0.271454,5.65764713e-05,418.01
4,1656,0.233252,5.65738155e-05,418.46
4,1658,0.241751,5.65711562e-05,419.00
4,1660,0.271310,5.65684968e-05,419.48
4,1662,0.266101,5.65658411e-05,419.95
4,1664,0.225602,5.65631817e-05,420.42
4,1666,0.278000,5.65605260e-05,420.88
4,1668,0.259990,5.65578630e-05,421.31
4,1670,0.288089,5.65552109e-05,421.83
4,1672,0.242535,5.65525479e-05,422.29
4,1674,0.255776,5.65498849e-05,422.81
4,1676,0.253032,5.65472292e-05,423.29
4,1678,0.211326,5.65445698e-05,423.76
4,1680,0.227940,5.65419068e-05,424.27
4,1682,0.222619,5.65392475e-05,424.78
4,1684,0.261718,5.65365881e-05,425.34
4,1686,0.221485,5.65339324e-05,425.80
4,1688,0.233146,5.65312694e-05,426.26
4,1690,0.264191,5.65286064e-05,426.72
4,1692,0.254240,5.65259434e-05,427.17
4,1694,0.271064,5.65232840e-05,427.64
4,1696,0.275694,5.65206210e-05,428.21
4,1698,0.218483,5.65179580e-05,428.64
4,1700,0.265838,5.65152986e-05,429.11
4,1702,0.282641,5.65126393e-05,429.58
4,1704,0.290834,5.65099726e-05,430.13
4,1706,0.239716,5.65073096e-05,430.62
4,1708,0.236859,5.65046503e-05,431.12
4,1710,0.263675,5.65019873e-05,431.56
4,1712,0.282001,5.64993243e-05,432.01
4,1714,0.302850,5.64966649e-05,432.48
4,1716,0.212138,5.64939983e-05,432.96
4,1718,0.242948,5.64913353e-05,433.45
4,1720,0.247023,5.64886686e-05,433.93
4,1722,0.250511,5.64860056e-05,434.39
4,1724,0.262247,5.64833426e-05,434.83
4,1726,0.247875,5.64806796e-05,435.34
4,1728,0.246043,5.64780130e-05,435.81
4,1730,0.265238,5.64753500e-05,436.29
4,1732,0.255678,5.64726797e-05,436.72
4,1734,0.254829,5.64700204e-05,437.23
4,1736,0.282985,5.64673537e-05,437.72
4,1738,0.294271,5.64646871e-05,438.21
4,1740,0.238028,5.64620204e-05,438.66
4,1742,0.224205,5.64593538e-05,439.17
4,1744,0.231463,5.64566908e-05,439.64
4,1746,0.224445,5.64540205e-05,440.07
4,1748,0.270643,5.64513575e-05,440.55
4,1750,0.208744,5.64486909e-05,441.03
4,1752,0.246125,5.64460206e-05,441.57
4,1754,0.272042,5.64433576e-05,442.03
4,1756,0.254342,5.64406873e-05,442.52
4,1758,0.225554,5.64380207e-05,442.97
4,1760,0.281252,5.64353541e-05,443.50
4,1762,0.260799,5.64326838e-05,443.97
4,1764,0.253703,5.64300135e-05,444.45
4,1766,0.205583,5.64273469e-05,444.91
4,1768,0.258283,5.64246839e-05,445.45
4,1770,0.251752,5.64220136e-05,445.94
4,1772,0.269075,5.64193433e-05,446.43
4,1774,0.262478,5.64166730e-05,446.95
4,1776,0.249444,5.64140028e-05,447.41
4,1778,0.283079,5.64113325e-05,447.93
4,1780,0.243798,5.64086622e-05,448.41
4,1782,0.275490,5.64059956e-05,448.86
4,1784,0.240458,5.64033253e-05,449.30
4,1786,0.270516,5.64006514e-05,449.82
4,1788,0.226670,5.63979811e-05,450.26
4,1790,0.240175,5.63953108e-05,450.76
4,1792,0.277403,5.63926405e-05,451.27
4,1794,0.241477,5.63899703e-05,451.75
4,1796,0.288885,5.63873000e-05,452.23
4,1798,0.259997,5.63846297e-05,452.70
4,1800,0.262636,5.63819522e-05,453.19
4,1802,0.267093,5.63792782e-05,453.70
4,1804,0.239188,5.63766080e-05,454.14
4,1806,0.275913,5.63739377e-05,454.66
4,1808,0.277723,5.63712674e-05,455.26
4,1810,0.240658,5.63685899e-05,455.78
4,1812,0.248061,5.63659196e-05,456.27
4,1814,0.249439,5.63632493e-05,456.77
4,1816,0.240522,5.63605718e-05,457.23
4,1818,0.251416,5.63579015e-05,457.75
4,1820,0.224395,5.63552276e-05,458.24
4,1822,0.250451,5.63525500e-05,458.76
4,1824,0.242432,5.63498761e-05,459.23
4,1826,0.259146,5.63472022e-05,459.72
4,1828,0.247880,5.63445283e-05,460.21
4,1830,0.239006,5.63418544e-05,460.74
4,1832,0.262474,5.63391804e-05,461.22
4,1834,0.241935,5.63365029e-05,461.67
4,1836,0.247198,5.63338253e-05,462.22
4,1838,0.266157,5.63311551e-05,462.72
4,1840,0.269113,5.63284775e-05,463.19
4,1842,0.243603,5.63258000e-05,463.70
4,1844,0.238303,5.63231224e-05,464.17
4,1846,0.274317,5.63204485e-05,464.64
4,1848,0.242745,5.63177709e-05,465.16
4,1850,0.278924,5.63150934e-05,465.69
4,1852,0.248510,5.63124195e-05,466.20
4,1854,0.245457,5.63097419e-05,466.69
4,1856,0.252320,5.63070644e-05,467.20
4,1858,0.268138,5.63043868e-05,467.81
4,1860,0.243066,5.63017056e-05,468.29
4,1862,0.244517,5.62990281e-05,468.78
4,1864,0.235560,5.62963505e-05,469.26
4,1866,0.234362,5.62936730e-05,469.73
4,1868,0.280297,5.62909918e-05,470.23
4,1870,0.249903,5.62883142e-05,470.69
4,1872,0.264859,5.62856367e-05,471.20
4,1874,0.284105,5.62829555e-05,471.68
4,1876,0.239723,5.62802779e-05,472.14
4,1878,0.260462,5.62776004e-05,472.60
4,1880,0.261268,5.62749228e-05,473.15
4,1882,0.269852,5.62722416e-05,473.60
4,1884,0.289004,5.62695604e-05,474.11
4,1886,0.243335,5.62668793e-05,474.59
4,1888,0.265650,5.62641981e-05,475.08
4,1890,0.227303,5.62615205e-05,475.68
4,1892,0.249763,5.62588357e-05,476.21
4,1894,0.264624,5.62561545e-05,476.65
4,1896,0.280127,5.62534769e-05,477.21
4,1898,0.253812,5.62507921e-05,477.73
4,1900,0.241392,5.62481109e-05,478.17
4,1902,0.292806,5.62454297e-05,478.62
4,1904,0.241743,5.62427485e-05,479.10
4,1906,0.292369,5.62400637e-05,479.57
4,1908,0.268189,5.62373825e-05,480.01
4,1910,0.255986,5.62347013e-05,480.47
4,1912,0.284191,5.62320165e-05,480.94
4,1914,0.230255,5.62293353e-05,481.40
4,1916,0.255838,5.62266505e-05,481.88
4,1918,0.241215,5.62239693e-05,482.34
4,1920,0.218191,5.62212808e-05,482.86
4,1922,0.259018,5.62185996e-05,483.34
4,1924,0.235193,5.62159148e-05,483.84
4,1926,0.269865,5.62132336e-05,484.37
4,1928,0.284353,5.62105488e-05,484.84
4,1930,0.269878,5.62078640e-05,485.37
4,1932,0.273574,5.62051755e-05,485.85
4,1934,0.246972,5.62024943e-05,486.34
4,1936,0.264237,5.61998058e-05,486.80
4,1938,0.269877,5.61971246e-05,487.30
4,1940,0.289298,5.61944362e-05,487.81
4,1942,0.275593,5.61917514e-05,488.38
4,1944,0.271941,5.61890629e-05,488.89
4,1946,0.269016,5.61863744e-05,489.39
4,1948,0.286815,5.61836896e-05,489.95
4,1950,0.241815,5.61810048e-05,490.45
4,1952,0.213407,5.61783199e-05,490.93
4,1954,0.228860,5.61756278e-05,491.38
4,1956,0.277634,5.61729394e-05,491.90
4,1958,0.244693,5.61702582e-05,492.38
4,1960,0.240027,5.61675661e-05,492.90
4,1962,0.222259,5.61648812e-05,493.37
4,1964,0.273310,5.61621928e-05,493.86
4,1966,0.244548,5.61595079e-05,494.40
4,1968,0.237261,5.61568195e-05,494.91
4,1970,0.244373,5.61541274e-05,495.43
4,1972,0.250194,5.61514353e-05,495.93
4,1974,0.222679,5.61487504e-05,496.40
4,1976,0.243731,5.61460620e-05,496.83
4,1978,0.259671,5.61433735e-05,497.33
4,1980,0.255112,5.61406814e-05,497.82
4,1982,0.270164,5.61379929e-05,498.41
4,1984,0.274958,5.61353008e-05,498.89
4,1986,0.238557,5.61326124e-05,499.35
4,1988,0.264440,5.61299203e-05,499.77
4,1990,0.207353,5.61272282e-05,500.23
4,1992,0.217853,5.61245433e-05,500.69
4,1994,0.234827,5.61218476e-05,501.25
4,1996,0.229081,5.61191591e-05,501.74
4,1998,0.260279,5.61164634e-05,502.20
4,2000,0.249737,5.61137786e-05,502.68
4,2002,0.266849,5.61110828e-05,503.18
4,2004,0.227419,5.61083907e-05,503.67
4,2006,0.270551,5.61056986e-05,504.09
4,2008,0.248385,5.61030029e-05,504.63
4,2010,0.264459,5.61003144e-05,505.14
4,2012,0.276056,5.60976223e-05,505.62
4,2014,0.273956,5.60949265e-05,506.09
4,2016,0.246481,5.60922344e-05,506.62
4,2018,0.266062,5.60895460e-05,507.10
4,2020,0.282884,5.60868502e-05,507.59
4,2022,0.277409,5.60841545e-05,508.12
4,2024,0.251336,5.60814588e-05,508.62
4,2026,0.236789,5.60787666e-05,509.18
4,2028,0.248042,5.60760709e-05,509.68
4,2030,0.266850,5.60733824e-05,510.16
4,2032,0.232598,5.60706867e-05,510.66
4,2034,0.214969,5.60679910e-05,511.13
4,2036,0.234622,5.60652952e-05,511.60
4,2038,0.218339,5.60625995e-05,512.10
4,2040,0.236088,5.60599037e-05,512.53
4,2042,0.210966,5.60572080e-05,513.04
4,2044,0.245187,5.60545122e-05,513.54
4,2046,0.210399,5.60518129e-05,514.02
4,2048,0.243423,5.60491208e-05,514.50
4,2050,0.245510,5.60464177e-05,515.08
4,2052,0.250947,5.60437256e-05,515.60
4,2054,0.260288,5.60410299e-05,516.07
4,2056,0.207090,5.60383342e-05,516.50
4,2058,0.265426,5.60356348e-05,516.94
4,2060,0.262467,5.60329354e-05,517.43
4,2062,0.251697,5.60302396e-05,517.87
4,2064,0.284161,5.60275439e-05,518.40
4,2066,0.195067,5.60248445e-05,518.92
4,2068,0.258675,5.60221451e-05,519.38
4,2070,0.248500,5.60194494e-05,519.90
4,2072,0.241418,5.60167500e-05,520.38
4,2074,0.210974,5.60140506e-05,520.91
4,2076,0.242356,5.60113513e-05,521.41
4,2078,0.272437,5.60086519e-05,521.88
4,2080,0.276623,5.60059525e-05,522.35
4,2082,0.248068,5.60032531e-05,522.83
4,2084,0.215185,5.60005537e-05,523.34
4,2086,0.262514,5.59978544e-05,523.80
4,2088,0.272496,5.59951550e-05,524.29
4,2090,0.233454,5.59924556e-05,524.85
4,2092,0.252684,5.59897526e-05,525.35
4,2094,0.270193,5.59870459e-05,525.84
4,2096,0.283247,5.59843502e-05,526.32
4,2098,0.245819,5.59816472e-05,526.81
4,2100,0.259987,5.59789441e-05,527.29
4,2102,0.208177,5.59762448e-05,527.73
4,2104,0.238103,5.59735454e-05,528.24
4,2106,0.273170,5.59708424e-05,528.72
4,2108,0.254153,5.59681393e-05,529.19
4,2110,0.222598,5.59654363e-05,529.70
4,2112,0.243381,5.59627333e-05,530.18
4,2114,0.250758,5.59600339e-05,530.65
4,2116,0.239990,5.59573309e-05,531.14
4,2118,0.247358,5.59546279e-05,531.60
4,2120,0.247633,5.59519249e-05,532.13
4,2122,0.230674,5.59492219e-05,532.60
4,2124,0.253532,5.59465188e-05,533.16
4,2126,0.261744,5.59438122e-05,533.64
4,2128,0.209535,5.59411092e-05,534.11
4,2130,0.266889,5.59384061e-05,534.61
4,2132,0.223149,5.59356995e-05,535.09
4,2134,0.249759,5.59329965e-05,535.60
4,2136,0.260364,5.59302898e-05,536.07
4,2138,0.227926,5.59275832e-05,536.53
4,2140,0.242693,5.59248801e-05,536.99
4,2142,0.231999,5.59221771e-05,537.49
4,2144,0.289405,5.59194705e-05,537.94
4,2146,0.239894,5.59167602e-05,538.43
4,2148,0.295528,5.59140572e-05,538.96
4,2150,0.220929,5.59113541e-05,539.39
4,2152,0.260482,5.59086438e-05,539.86
4,2154,0.245277,5.59059372e-05,540.36
4,2156,0.240575,5.59032342e-05,540.84
4,2158,0.255409,5.59005202e-05,541.32
4,2160,0.270806,5.58978172e-05,541.80
4,2162,0.245325,5.58951106e-05,542.28
4,2164,0.270022,5.58924039e-05,542.70
4,2166,0.261629,5.58896936e-05,543.19
4,2168,0.256398,5.58869870e-05,543.71
4,2170,0.265979,5.58842803e-05,544.16
4,2172,0.243664,5.58815700e-05,544.68
4,2174,0.263844,5.58788597e-05,545.14
4,2176,0.262940,5.58761567e-05,545.62
4,2178,0.235369,5.58734428e-05,546.03
4,2180,0.240036,5.58707325e-05,546.48
4,2182,0.295039,5.58680258e-05,547.00
4,2184,0.256808,5.58653155e-05,547.49
4,2186,0.249938,5.58626052e-05,547.98
4,2188,0.272576,5.58598949e-05,548.50
4,2190,0.276812,5.58571883e-05,548.99
4,2192,0.265282,5.58544743e-05,549.43
4,2194,0.247441,5.58517640e-05,549.91
4,2196,0.229950,5.58490501e-05,550.44
4,2198,0.252722,5.58463435e-05,550.89
4,2200,0.222274,5.58436368e-05,551.43
4,2202,0.246737,5.58409229e-05,551.89
4,2204,0.257742,5.58382126e-05,552.40
4,2206,0.218197,5.58354986e-05,552.93
4,2208,0.189082,5.58327883e-05,553.40
4,2210,0.236783,5.58300744e-05,553.89
4,2212,0.259798,5.58273641e-05,554.35
4,2214,0.256128,5.58246538e-05,554.82
4,2216,0.280528,5.58219399e-05,555.27
4,2218,0.257532,5.58192223e-05,555.75
4,2220,0.241522,5.58165120e-05,556.33
4,2222,0.243131,5.58137945e-05,556.80
4,2224,0.291127,5.58110842e-05,557.34
4,2226,0.218799,5.58083702e-05,557.80
4,2228,0.243908,5.58056599e-05,558.35
4,2230,0.223023,5.58029424e-05,558.83
4,2232,0.291122,5.58002284e-05,559.35
4,2234,0.226512,5.57975145e-05,559.86
4,2236,0.252102,5.57948042e-05,560.45
4,2238,0.239681,5.57920830e-05,561.00
4,2240,0.251894,5.57893691e-05,561.51
4,2242,0.278773,5.57866588e-05,562.04
4,2244,0.234820,5.57839376e-05,562.57
4,2246,0.233096,5.57812273e-05,563.19
4,2248,0.263862,5.57785097e-05,563.73
4,2250,0.261196,5.57757958e-05,564.23
4,2252,0.245788,5.57730782e-05,564.73
4,2254,0.282987,5.57703606e-05,565.28
4,2256,0.299051,5.57676467e-05,565.80
4,2258,0.244347,5.57649291e-05,566.28
4,2260,0.264957,5.57622079e-05,566.78
4,2262,0.258253,5.57594940e-05,567.26
4,2264,0.247174,5.57567764e-05,567.80
4,2266,0.221288,5.57540552e-05,568.31
4,2268,0.213128,5.57513449e-05,568.77
4,2270,0.285196,5.57486237e-05,569.25
4,2272,0.236591,5.57459025e-05,569.77
4,2274,0.293519,5.57431886e-05,570.30
4,2276,0.237189,5.57404710e-05,570.82
4,2278,0.273213,5.57377498e-05,571.30
4,2280,0.261049,5.57350322e-05,571.82
4,2282,0.255755,5.57323110e-05,572.32
4,2284,0.277094,5.57295934e-05,572.80
4,2286,0.253644,5.57268722e-05,573.32
4,2288,0.251009,5.57241583e-05,573.88
4,2290,0.244617,5.57214371e-05,574.35
4,2292,0.252304,5.57187159e-05,574.88
4,2294,0.251986,5.57159947e-05,575.47
4,2296,0.232953,5.57132771e-05,575.98
4,2298,0.232858,5.57105559e-05,576.52
4,2300,0.269205,5.57078347e-05,577.02
4,2302,0.240830,5.57051098e-05,577.53
4,2304,0.247533,5.57023959e-05,578.09
4,2306,0.219566,5.56996711e-05,578.65
4,2308,0.230983,5.56969462e-05,579.13
4,2310,0.250991,5.56942250e-05,579.62
4,2312,0.241123,5.56915038e-05,580.07
4,2314,0.283285,5.56887862e-05,580.57
4,2316,0.273276,5.56860614e-05,581.05
4,2318,0.266636,5.56833365e-05,581.53
4,2320,0.274690,5.56806153e-05,582.00
4,2322,0.273901,5.56778941e-05,582.58
4,2324,0.271223,5.56751693e-05,583.10
4,2326,0.223333,5.56724444e-05,583.60
4,2328,0.232652,5.56697269e-05,584.11
4,2330,0.231015,5.56669947e-05,584.57
4,2332,0.244334,5.56642772e-05,585.08
4,2334,0.265498,5.56615523e-05,585.64
4,2336,0.245870,5.56588275e-05,586.13
4,2338,0.234764,5.56561026e-05,586.66
4,2340,0.223893,5.56533778e-05,587.14
4,2342,0.313752,5.56506529e-05,587.62
4,2344,0.235672,5.56479281e-05,588.10
4,2346,0.236796,5.56452032e-05,588.59
4,2348,0.281401,5.56424784e-05,589.07
4,2350,0.264390,5.56397499e-05,589.57
4,2352,0.235702,5.56370251e-05,590.04
4,2354,0.257473,5.56343039e-05,590.56
4,2356,0.299050,5.56315717e-05,590.99
4,2358,0.288756,5.56288505e-05,591.46
4,2360,0.272195,5.56261257e-05,591.91
4,2362,0.271752,5.56233972e-05,592.38
4,2364,0.263861,5.56206687e-05,592.93
4,2366,0.260206,5.56179366e-05,593.41
4,2368,0.289306,5.56152190e-05,593.90
4,2370,0.239002,5.56124905e-05,594.39
4,2372,0.232442,5.56097621e-05,594.85
4,2374,0.232813,5.56070336e-05,595.36
4,2376,0.229898,5.56043015e-05,595.97
4,2378,0.230403,5.56015730e-05,596.54
4,2380,0.250723,5.55988445e-05,596.96
4,2382,0.279187,5.55961160e-05,597.47
4,2384,0.242287,5.55933875e-05,597.95
4,2386,0.284921,5.55906590e-05,598.46
4,2388,0.235672,5.55879305e-05,598.96
4,2390,0.233753,5.55852021e-05,599.45
4,2392,0.274898,5.55824736e-05,599.95
4,2394,0.238503,5.55797451e-05,600.48
4,2396,0.252492,5.55770130e-05,600.99
4,2398,0.264249,5.55742809e-05,601.55
4,2400,0.245976,5.55715487e-05,602.03
4,2402,0.254585,5.55688202e-05,602.48
4,2404,0.226475,5.55660918e-05,602.93
4,2406,0.252472,5.55633596e-05,603.42
4,2408,0.275528,5.55606275e-05,603.89
4,2410,0.305540,5.55578990e-05,604.42
4,2412,0.276257,5.55551669e-05,604.87
4,2414,0.251590,5.55524311e-05,605.34
4,2416,0.265601,5.55497027e-05,605.88
4,2418,0.243358,5.55469705e-05,606.32
4,2420,0.247223,5.55442384e-05,606.83
4,2422,0.231240,5.55415063e-05,607.27
4,2424,0.248266,5.55387742e-05,607.70
4,2426,0.206042,5.55360457e-05,608.24
4,2428,0.227444,5.55333063e-05,608.75
4,2430,0.245240,5.55305742e-05,609.23
4,2432,0.240802,5.55278421e-05,609.69
4,2434,0.226407,5.55251099e-05,610.16
4,2436,0.241501,5.55223742e-05,610.63
4,2438,0.247277,5.55196384e-05,611.07
4,2440,0.299512,5.55169099e-05,611.50
4,2442,0.246945,5.55141742e-05,611.97
4,2444,0.205395,5.55114348e-05,612.50
4,2446,0.270547,5.55087026e-05,612.94
4,2448,0.268342,5.55059705e-05,613.44
4,2450,0.261595,5.55032311e-05,613.94
4,2452,0.243958,5.55004954e-05,614.43
4,2454,0.217630,5.54977596e-05,614.89
4,2456,0.277063,5.54950275e-05,615.39
4,2458,0.269910,5.54922917e-05,615.88
4,2460,0.239239,5.54895560e-05,616.40
4,2462,0.266713,5.54868202e-05,616.90
4,2464,0.269979,5.54840808e-05,617.39
4,2466,0.257276,5.54813450e-05,617.85
4,2468,0.246256,5.54786093e-05,618.35
4,2470,0.263837,5.54758699e-05,618.79
4,2472,0.272749,5.54731341e-05,619.25
4,2474,0.243045,5.54703984e-05,619.83
4,2476,0.210007,5.54676590e-05,620.30
4,2478,0.240448,5.54649232e-05,620.79
4,2480,0.248237,5.54621838e-05,621.28
4,2482,0.241066,5.54594480e-05,621.74
4,2484,0.199417,5.54567087e-05,622.21
4,2486,0.258201,5.54539656e-05,622.70
4,2488,0.244765,5.54512299e-05,623.15
4,2490,0.235052,5.54484905e-05,623.66
4,2492,0.228407,5.54457511e-05,624.15
4,2494,0.223967,5.54430080e-05,624.67
4,2496,0.273295,5.54402723e-05,625.13
4,2498,0.236718,5.54375365e-05,625.61
4,2500,0.256435,5.54347935e-05,626.05
4,2502,0.236805,5.54320541e-05,626.57
4,2504,0.250614,5.54293147e-05,627.06
4,2506,0.247537,5.54265716e-05,627.54
4,2508,0.219486,5.54238322e-05,628.15
4,2510,0.238470,5.54210892e-05,628.66
4,2512,0.260174,5.54183498e-05,629.19
4,2514,0.265218,5.54156104e-05,629.71
4,2516,0.224758,5.54128674e-05,630.16
4,2518,0.288452,5.54101243e-05,630.64
4,2520,0.250800,5.54073849e-05,631.15
4,2522,0.227370,5.54046419e-05,631.62
4,2524,0.253837,5.54018989e-05,632.06
4,2526,0.262888,5.53991595e-05,632.57
4,2528,0.286337,5.53964164e-05,633.10
4,2530,0.234220,5.53936770e-05,633.57
4,2532,0.238859,5.53909304e-05,634.02
4,2534,0.248482,5.53881837e-05,634.50
4,2536,0.274352,5.53854443e-05,635.03
4,2538,0.261512,5.53827012e-05,635.50
4,2540,0.275357,5.53799582e-05,636.02
4,2542,0.246903,5.53772115e-05,636.47
4,2544,0.278808,5.53744649e-05,636.94
4,2546,0.278781,5.53717255e-05,637.44
4,2548,0.224916,5.53689788e-05,637.88
4,2550,0.240449,5.53662358e-05,638.40
4,2552,0.262127,5.53634927e-05,638.89
4,2554,0.270908,5.53607460e-05,639.42
4,2556,0.268793,5.53580030e-05,639.94
4,2558,0.272559,5.53552563e-05,640.39
4,2560,0.275618,5.53525133e-05,640.89
4,2562,0.233066,5.53497666e-05,641.35
4,2564,0.245462,5.53470200e-05,641.87
4,2566,0.249197,5.53442696e-05,642.43
4,2568,0.283389,5.53415266e-05,642.86
4,2570,0.240709,5.53387763e-05,643.43
4,2572,0.260631,5.53360296e-05,643.93
4,2574,0.227930,5.53332866e-05,644.43
4,2576,0.246556,5.53305399e-05,644.87
4,2578,0.258546,5.53277896e-05,645.32
4,2580,0.257241,5.53250393e-05,645.82
4,2582,0.258320,5.53222962e-05,646.31
4,2584,0.199973,5.53195496e-05,646.81
4,2586,0.265674,5.53167993e-05,647.31
4,2588,0.214834,5.53140526e-05,647.79
4,2590,0.247704,5.53113059e-05,648.31
4,2592,0.280219,5.53085520e-05,648.87
4,2594,0.227174,5.53058053e-05,649.40
4,2596,0.223555,5.53030586e-05,649.93
4,2598,0.209941,5.53003083e-05,650.42
4,2600,0.250738,5.52975580e-05,650.87
4,2602,0.255252,5.52948077e-05,651.37
4,2604,0.247092,5.52920646e-05,651.94
4,2606,0.260590,5.52893107e-05,652.45
4,2608,0.249230,5.52865604e-05,652.99
4,2610,0.224094,5.52838101e-05,653.50
4,2612,0.262427,5.52810561e-05,654.01
4,2614,0.260043,5.52783094e-05,654.51
4,2616,0.276165,5.52755591e-05,655.00
4,2618,0.297424,5.52728088e-05,655.51
4,2620,0.225519,5.52700585e-05,656.00
4,2622,0.250518,5.52673046e-05,656.46
4,2624,0.244990,5.52645506e-05,657.02
4,2626,0.275532,5.52618003e-05,657.45
4,2628,0.243060,5.52590500e-05,658.00
4,2630,0.203897,5.52562997e-05,658.47
4,2632,0.210643,5.52535457e-05,658.89
4,2634,0.270768,5.52507918e-05,659.34
4,2636,0.242959,5.52480378e-05,659.89
4,2638,0.267470,5.52452839e-05,660.38
4,2640,0.231914,5.52425336e-05,660.94
4,2642,0.273192,5.52397796e-05,661.45
4,2644,0.264488,5.52370257e-05,661.96
4,2646,0.268642,5.52342717e-05,662.42
4,2648,0.246558,5.52315178e-05,662.92
4,2650,0.261201,5.52287638e-05,663.40
4,2652,0.267424,5.52260099e-05,663.86
4,2654,0.269465,5.52232523e-05,664.33
4,2656,0.213384,5.52204983e-05,664.77
4,2658,0.252507,5.52177444e-05,665.27
4,2660,0.236325,5.52149904e-05,665.76
4,2662,0.275712,5.52122365e-05,666.21
4,2664,0.266649,5.52094789e-05,666.71
4,2666,0.242238,5.52067249e-05,667.20
4,2668,0.236357,5.52039673e-05,667.64
4,2670,0.256695,5.52012134e-05,668.17
4,2672,0.224330,5.51984558e-05,668.72
4,2674,0.244703,5.51957019e-05,669.21
4,2676,0.222189,5.51929443e-05,669.68
4,2678,0.262070,5.51901903e-05,670.16
4,2680,0.244296,5.51874291e-05,670.64
4,2682,0.229560,5.51846751e-05,671.18
4,2684,0.247070,5.51819176e-05,671.69
4,2686,0.252470,5.51791600e-05,672.18
4,2688,0.244171,5.51764024e-05,672.61
4,2690,0.249094,5.51736448e-05,673.09
4,2692,0.252119,5.51708872e-05,673.56
4,2694,0.257264,5.51681296e-05,674.13
4,2696,0.260301,5.51653720e-05,674.60
4,2698,0.212026,5.51626108e-05,675.06
4,2700,0.212237,5.51598496e-05,675.54
4,2702,0.241897,5.51570956e-05,676.03
4,2704,0.268545,5.51543344e-05,676.46
4,2706,0.211833,5.51515768e-05,677.04
4,2708,0.270539,5.51488192e-05,677.59
4,2710,0.236669,5.51460580e-05,678.11
4,2712,0.221470,5.51432931e-05,678.58
4,2714,0.233078,5.51405356e-05,679.09
4,2716,0.272287,5.51377780e-05,679.57
4,2718,0.220832,5.51350167e-05,680.08
4,2720,0.279775,5.51322555e-05,680.59
4,2722,0.252549,5.51294943e-05,681.08
4,2724,0.231852,5.51267331e-05,681.61
4,2726,0.275218,5.51239718e-05,682.07
4,2728,0.221754,5.51212106e-05,682.52
4,2730,0.266455,5.51184530e-05,683.03
4,2732,0.219154,5.51156918e-05,683.57
4,2734,0.232816,5.51129269e-05,684.14
4,2736,0.245596,5.51101657e-05,684.62
4,2738,0.204462,5.51074045e-05,685.12
4,2740,0.275830,5.51046433e-05,685.55
4,2742,0.270828,5.51018748e-05,686.00
4,2744,0.210623,5.50991135e-05,686.45
4,2746,0.217005,5.50963523e-05,686.98
4,2748,0.242043,5.50935838e-05,687.45
4,2750,0.269254,5.50908226e-05,687.93
4,2752,0.233671,5.50880613e-05,688.36
4,2754,0.246813,5.50853001e-05,688.86
4,2756,0.247058,5.50825316e-05,689.37
4,2758,0.298897,5.50797668e-05,689.86
4,2760,0.232140,5.50770055e-05,690.39
4,2762,0.264308,5.50742443e-05,690.92
4,2764,0.254421,5.50714758e-05,691.57
4,2766,0.227754,5.50687109e-05,692.04
4,2768,0.267034,5.50659424e-05,692.62
4,2770,0.252421,5.50631812e-05,693.12
4,2772,0.222378,5.50604163e-05,693.67
4,2774,0.283631,5.50576478e-05,694.27
4,2776,0.269595,5.50548830e-05,694.81
4,2778,0.220288,5.50521218e-05,695.31
4,2780,0.256114,5.50493496e-05,695.80
4,2782,0.247553,5.50465847e-05,696.36
4,2784,0.243758,5.50438162e-05,696.88
4,2786,0.248368,5.50410514e-05,697.38
4,2788,0.219355,5.50382865e-05,697.90
4,2790,0.234959,5.50355144e-05,698.42
4,2792,0.239431,5.50327495e-05,698.95
4,2794,0.211148,5.50299810e-05,699.38
4,2796,0.250809,5.50272125e-05,699.83
4,2798,0.287897,5.50244476e-05,700.35
4,2800,0.234782,5.50216791e-05,700.82
4,2802,0.207143,5.50189106e-05,701.33
4,2804,0.265547,5.50161421e-05,701.82
4,2806,0.270862,5.50133736e-05,702.29
4,2808,0.238672,5.50106051e-05,702.83
4,2810,0.245072,5.50078366e-05,703.30
4,2812,0.236995,5.50050645e-05,703.77
4,2814,0.267201,5.50022960e-05,704.21
4,2816,0.273912,5.49995239e-05,704.72
4,2818,0.226357,5.49967590e-05,705.25
4,2820,0.248315,5.49939869e-05,705.79
4,2822,0.251174,5.49912183e-05,706.26
4,2824,0.272081,5.49884462e-05,706.77
4,2826,0.266078,5.49856813e-05,707.27
4,2828,0.239362,5.49829056e-05,707.79
4,2830,0.223703,5.49801371e-05,708.25
4,2832,0.271002,5.49773613e-05,708.75
4,2834,0.250543,5.49745964e-05,709.20
4,2836,0.232495,5.49718206e-05,709.73
4,2838,0.249687,5.49690485e-05,710.18
4,2840,0.233778,5.49662800e-05,710.70
4,2842,0.289818,5.49635079e-05,711.20
4,2844,0.260968,5.49607357e-05,711.66
4,2846,0.267975,5.49579599e-05,712.18
4,2848,0.245045,5.49551878e-05,712.71
4,2850,0.254395,5.49524193e-05,713.24
4,2852,0.273658,5.49496435e-05,713.74
4,2854,0.268421,5.49468714e-05,714.23
4,2856,0.252675,5.49440992e-05,714.69
4,2858,0.266777,5.49413235e-05,715.20
4,2860,0.249668,5.49385513e-05,715.67
4,2862,0.223259,5.49357756e-05,716.21
4,2864,0.226853,5.49329998e-05,716.76
4,2866,0.234402,5.49302313e-05,717.25
4,2868,0.232954,5.49274519e-05,717.71
4,2870,0.244102,5.49246797e-05,718.17
4,2872,0.232660,5.49219039e-05,718.69
4,2874,0.266244,5.49191318e-05,719.13
4,2876,0.254687,5.49163524e-05,719.68
4,2878,0.253022,5.49135802e-05,720.15
4,2880,0.229456,5.49108045e-05,720.67
4,2882,0.246943,5.49080287e-05,721.16
4,2884,0.279682,5.49052565e-05,721.64
4,2886,0.250365,5.49024771e-05,722.12
4,2888,0.245908,5.48996977e-05,722.59
4,2890,0.226472,5.48969256e-05,723.09
4,2892,0.226575,5.48941498e-05,723.57
4,2894,0.232580,5.48913704e-05,724.02
4,2896,0.303216,5.48885910e-05,724.53
4,2898,0.260353,5.48858152e-05,724.99
4,2900,0.236756,5.48830430e-05,725.55
4,2902,0.246621,5.48802636e-05,726.09
4,2904,0.257367,5.48774842e-05,726.56
4,2906,0.263835,5.48747048e-05,727.09
4,2908,0.223093,5.48719254e-05,727.57
4,2910,0.221307,5.48691496e-05,728.10
4,2912,0.226709,5.48663702e-05,728.63
4,2914,0.321612,5.48635908e-05,729.18
4,2916,0.239506,5.48608114e-05,729.70
4,2918,0.258783,5.48580319e-05,730.18
4,2920,0.255483,5.48552525e-05,730.69
4,2922,0.232647,5.48524768e-05,731.14
4,2924,0.214394,5.48496973e-05,731.67
4,2926,0.237513,5.48469179e-05,732.11
4,2928,0.265872,5.48441385e-05,732.58
4,2930,0.303686,5.48413591e-05,733.04
4,2932,0.242099,5.48385760e-05,733.47
4,2934,0.260721,5.48357930e-05,733.94
4,2936,0.218698,5.48330172e-05,734.35
4,2938,0.243416,5.48302378e-05,734.80
4,2940,0.280438,5.48274547e-05,735.32
4,2942,0.230829,5.48246717e-05,735.78
4,2944,0.257232,5.48218923e-05,736.24
4,2946,0.257346,5.48191092e-05,736.71
4,2948,0.263173,5.48163262e-05,737.17
4,2950,0.235333,5.48135467e-05,737.71
4,2952,0.238917,5.48107600e-05,738.16
4,2954,0.217414,5.48079806e-05,738.66
4,2956,0.269553,5.48051976e-05,739.16
4,2958,0.252697,5.48024145e-05,739.67
4,2960,0.238524,5.47996315e-05,740.20
4,2962,0.257423,5.47968484e-05,740.65
4,2964,0.220184,5.47940654e-05,741.10
4,2966,0.264565,5.47912823e-05,741.63
4,2968,0.246642,5.47884956e-05,742.15
4,2970,0.262338,5.47857162e-05,742.60
4,2972,0.249610,5.47829295e-05,743.18
4,2974,0.281021,5.47801465e-05,743.68
4,2976,0.233519,5.47773634e-05,744.12
4,2978,0.255037,5.47745767e-05,744.66
4,2980,0.241545,5.47717937e-05,745.33
4,2982,0.266757,5.47690106e-05,745.81
4,2984,0.231831,5.47662239e-05,746.36
4,2986,0.248239,5.47634372e-05,746.82
4,2988,0.261522,5.47606505e-05,747.37
4,2990,0.238145,5.47578675e-05,747.85
4,2992,0.250348,5.47550808e-05,748.37
4,2994,0.253873,5.47522977e-05,748.85
4,2996,0.224546,5.47495110e-05,749.43
4,2998,0.261576,5.47467243e-05,749.95
4,3000,0.245323,5.47439377e-05,750.46
4,3002,0.217953,5.47411510e-05,750.95
4,3004,0.236529,5.47383606e-05,751.49
4,3006,0.231613,5.47355739e-05,752.05
4,3008,0.255821,5.47327872e-05,752.54
4,3010,0.226462,5.47300006e-05,753.06
4,3012,0.261067,5.47272139e-05,753.56
4,3014,0.259584,5.47244272e-05,754.11
4,3016,0.220184,5.47216405e-05,754.61
4,3018,0.250667,5.47188538e-05,755.14
4,3020,0.270638,5.47160598e-05,755.64
4,3022,0.260635,5.47132695e-05,756.14
4,3024,0.223073,5.47104828e-05,756.61
4,3026,0.232865,5.47076961e-05,757.20
4,3028,0.244116,5.47049094e-05,757.65
4,3030,0.240347,5.47021154e-05,758.12
4,3032,0.261616,5.46993251e-05,758.63
4,3034,0.258333,5.46965384e-05,759.09
4,3036,0.239816,5.46937481e-05,759.54
4,3038,0.234934,5.46909578e-05,760.04
4,3040,0.253140,5.46881674e-05,760.65
4,3042,0.213900,5.46853771e-05,761.17
4,3044,0.246196,5.46825868e-05,761.66
4,3046,0.264663,5.46797964e-05,762.10
4,3048,0.233240,5.46770025e-05,762.63
4,3050,0.283995,5.46742158e-05,763.11
4,3052,0.221348,5.46714218e-05,763.64
4,3054,0.246498,5.46686315e-05,764.11
4,3056,0.258639,5.46658375e-05,764.63
4,3058,0.253423,5.46630472e-05,765.11
4,3060,0.227833,5.46602569e-05,765.58
4,3062,0.248032,5.46574593e-05,766.11
4,3064,0.270389,5.46546689e-05,766.61
4,3066,0.240387,5.46518786e-05,767.11
4,3068,0.262996,5.46490810e-05,767.62
4,3070,0.224395,5.46462907e-05,768.09
4,3072,0.213872,5.46435003e-05,768.62
4,3074,0.242496,5.46407064e-05,769.17
4,3076,0.242565,5.46379124e-05,769.71
4,3078,0.240819,5.46351184e-05,770.23
4,3080,0.247437,5.46323281e-05,770.78
4,3082,0.240288,5.46295305e-05,771.33
4,3084,0.248618,5.46267365e-05,771.90
4,3086,0.232232,5.46239389e-05,772.41
4,3088,0.201442,5.46211450e-05,772.93
4,3090,0.229570,5.46183546e-05,773.48
4,3092,0.207776,5.46155570e-05,774.01
4,3094,0.256558,5.46127631e-05,774.54
4,3096,0.258724,5.46099654e-05,775.02
4,3098,0.258478,5.46071715e-05,775.49
4,3100,0.234591,5.46043775e-05,775.92
4,3102,0.228393,5.46015799e-05,776.42
4,3104,0.264421,5.45987823e-05,776.89
4,3106,0.230633,5.45959847e-05,777.36
4,3108,0.274322,5.45931907e-05,777.88
4,3110,0.232793,5.45903931e-05,778.35
4,3112,0.238700,5.45875992e-05,778.81
4,3114,0.277345,5.45848052e-05,779.34
4,3116,0.252619,5.45820039e-05,779.92
4,3118,0.258884,5.45792063e-05,780.46
4,3120,0.207157,5.45764087e-05,780.94
4,3122,0.222008,5.45736111e-05,781.39
4,3124,0.243425,5.45708135e-05,781.86
4,3126,0.259267,5.45680159e-05,782.59
4,3128,0.268146,5.45652183e-05,783.14
4,3130,0.263848,5.45624134e-05,783.65
4,3132,0.253890,5.45596195e-05,784.10
4,3134,0.238177,5.45568255e-05,784.63
4,3136,0.229709,5.45540206e-05,785.13
4,3138,0.231499,5.45512266e-05,785.64
4,3140,0.206090,5.45484218e-05,786.11
4,3142,0.218704,5.45456242e-05,786.67
4,3144,0.243972,5.45428229e-05,787.18
4,3146,0.261336,5.45400253e-05,787.77
4,3148,0.219630,5.45372241e-05,788.34
4,3150,0.250821,5.45344265e-05,788.95
4,3152,0.261227,5.45316216e-05,789.49
4,3154,0.238937,5.45288203e-05,790.10
4,3156,0.214123,5.45260227e-05,790.55
4,3158,0.245786,5.45232215e-05,791.06
4,3160,0.250971,5.45204202e-05,791.56
4,3162,0.260800,5.45176226e-05,792.10
4,3164,0.230333,5.45148177e-05,792.58
4,3166,0.217268,5.45120129e-05,793.05
4,3168,0.259058,5.45092153e-05,793.55
4,3170,0.247068,5.45064140e-05,794.15
4,3172,0.273451,5.45036091e-05,794.66
4,3174,0.232444,5.45008079e-05,795.16
4,3176,0.267031,5.44980030e-05,795.70
4,3178,0.269903,5.44951981e-05,796.14
4,3180,0.225593,5.44924005e-05,796.64
4,3182,0.236573,5.44895956e-05,797.15
4,3184,0.251038,5.44867908e-05,797.62
4,3186,0.228151,5.44839895e-05,798.11
4,3188,0.250996,5.44811883e-05,798.64
4,3190,0.242178,5.44783834e-05,799.26
4,3192,0.208429,5.44755749e-05,799.82
4,3194,0.252937,5.44727736e-05,800.29
4,3196,0.201983,5.44699687e-05,800.77
4,3198,0.227974,5.44671639e-05,801.24
4,3200,0.252644,5.44643553e-05,801.74
4,3202,0.276248,5.44615541e-05,802.20
4,3204,0.228830,5.44587492e-05,802.73
4,3206,0.214011,5.44559443e-05,803.22
4,3208,0.249633,5.44531395e-05,803.76
4,3210,0.221951,5.44503309e-05,804.20
4,3212,0.218771,5.44475261e-05,804.67
4,3214,0.278914,5.44447212e-05,805.17
4,3216,0.209335,5.44419127e-05,805.67
4,3218,0.255398,5.44391078e-05,806.15
4,3220,0.253074,5.44363029e-05,806.70
4,3222,0.251192,5.44334944e-05,807.25
4,3224,0.264282,5.44306859e-05,807.85
4,3226,0.255494,5.44278810e-05,808.34
4,3228,0.219281,5.44250761e-05,808.89
4,3230,0.251290,5.44222676e-05,809.38
4,3232,0.250355,5.44194590e-05,809.88
4,3234,0.255742,5.44166505e-05,810.32
4,3236,0.242030,5.44138420e-05,810.89
4,3238,0.248473,5.44110335e-05,811.35
4,3240,0.234452,5.44082213e-05,811.87
4,3242,0.221741,5.44054201e-05,812.41
4,3244,0.254029,5.44026079e-05,812.98
4,3246,0.221006,5.43997994e-05,813.50
4,3248,0.227981,5.43969909e-05,813.98
4,3250,0.227349,5.43941787e-05,814.45
4,3252,0.243008,5.43913739e-05,814.93
4,3254,0.243786,5.43885617e-05,815.56
4,3256,0.265887,5.43857495e-05,816.05
4,3258,0.256351,5.43829374e-05,816.54
4,3260,0.216767,5.43801361e-05,817.00
4,3262,0.228732,5.43773240e-05,817.51
4,3264,0.220074,5.43745118e-05,817.99
4,3266,0.225471,5.43716997e-05,818.46
4,3268,0.225793,5.43688911e-05,819.02
4,3270,0.226118,5.43660790e-05,819.63
4,3272,0.239752,5.43632668e-05,820.15
4,3274,0.228118,5.43604547e-05,820.62
4,3276,0.262611,5.43576461e-05,821.23
4,3278,0.228885,5.43548340e-05,821.78
4,3280,0.282932,5.43520218e-05,822.32
4,3282,0.252896,5.43492097e-05,822.82
4,3284,0.260434,5.43463975e-05,823.43
4,3286,0.262871,5.43435854e-05,823.91
4,3288,0.274356,5.43407732e-05,824.34
4,3290,0.216997,5.43379574e-05,824.81
4,3292,0.243585,5.43351453e-05,825.31
4,3294,0.227995,5.43323295e-05,825.75
4,3296,0.276509,5.43295173e-05,826.27
4,3298,0.273319,5.43267051e-05,826.78
4,3300,0.221518,5.43238930e-05,827.24
4,3302,0.245578,5.43210735e-05,827.83
4,3304,0.249012,5.43182578e-05,828.40
4,3306,0.307480,5.43154456e-05,828.84
4,3308,0.217864,5.43126334e-05,829.30
4,3310,0.274767,5.43098176e-05,829.84
4,3312,0.232436,5.43070018e-05,830.32
4,3314,0.233059,5.43041897e-05,830.79
4,3316,0.237400,5.43013739e-05,831.27
4,3318,0.257985,5.42985581e-05,831.80
4,3320,0.223564,5.42957459e-05,832.31
4,3322,0.208838,5.42929229e-05,832.79
4,3324,0.238584,5.42901107e-05,833.29
4,3326,0.275783,5.42872913e-05,833.76
4,3328,0.253677,5.42844791e-05,834.29
4,3330,0.256602,5.42816597e-05,834.81
4,3332,0.243016,5.42788475e-05,835.28
4,3334,0.261606,5.42760281e-05,835.77
4,3336,0.211661,5.42732087e-05,836.23
4,3338,0.221988,5.42703929e-05,836.78
4,3340,0.260983,5.42675771e-05,837.25
4,3342,0.243227,5.42647613e-05,837.68
4,3344,0.238986,5.42619418e-05,838.15
4,3346,0.255526,5.42591188e-05,838.62
4,3348,0.247386,5.42563066e-05,839.09
4,3350,0.241250,5.42534872e-05,839.58
4,3352,0.235637,5.42506677e-05,840.05
4,3354,0.266447,5.42478483e-05,840.52
4,3356,0.221174,5.42450362e-05,840.99
4,3358,0.246736,5.42422131e-05,841.48
4,3360,0.238987,5.42393936e-05,841.94
4,3362,0.246637,5.42365742e-05,842.49
4,3364,0.243981,5.42337511e-05,843.04
4,3366,0.244421,5.42309317e-05,843.50
4,3368,0.252955,5.42281123e-05,844.05
4,3370,0.250874,5.42252928e-05,844.55
4,3372,0.231783,5.42224734e-05,845.05
4,3374,0.182907,5.42196540e-05,845.53
4,3376,0.231510,5.42168309e-05,846.08
4,3378,0.252942,5.42140078e-05,846.68
4,3380,0.241789,5.42111884e-05,847.13
4,3382,0.244662,5.42083690e-05,847.73
4,3384,0.252577,5.42055495e-05,848.30
4,3386,0.221030,5.42027265e-05,848.89
4,3388,0.257530,5.41999070e-05,849.41
4,3390,0.231559,5.41970876e-05,849.84
4,3392,0.232438,5.41942609e-05,850.31
4,3394,0.237656,5.41914378e-05,850.83
4,3396,0.209562,5.41886147e-05,851.46
4,3398,0.244006,5.41857953e-05,851.96
4,3400,0.262335,5.41829722e-05,852.53
4,3402,0.266252,5.41801455e-05,853.12
4,3404,0.225806,5.41773261e-05,853.71
4,3406,0.274539,5.41745067e-05,854.20
4,3408,0.246093,5.41716763e-05,854.78
4,3410,0.198565,5.41688569e-05,855.27
4,3412,0.231538,5.41660302e-05,855.81
4,3414,0.225031,5.41632071e-05,856.28
4,3416,0.247881,5.41603840e-05,856.83
4,3418,0.265994,5.41575573e-05,857.30
4,3420,0.234504,5.41547379e-05,857.89
4,3422,0.222468,5.41519075e-05,858.37
4,3424,0.263843,5.41490845e-05,858.80
4,3426,0.247599,5.41462578e-05,859.28
4,3428,0.228693,5.41434347e-05,859.73
4,3430,0.248395,5.41406080e-05,860.27
4,3432,0.233074,5.41377813e-05,860.87
4,3434,0.234190,5.41349546e-05,861.37
4,3436,0.256244,5.41321315e-05,861.95
4,3438,0.251703,5.41293084e-05,862.51
4,3440,0.247427,5.41264817e-05,863.13
4,3442,0.262549,5.41236550e-05,863.73
4,3444,0.241044,5.41208246e-05,864.23
4,3446,0.272461,5.41180016e-05,864.84
4,3448,0.219824,5.41151749e-05,865.42
4,3450,0.291337,5.41123482e-05,865.91
4,3452,0.240318,5.41095178e-05,866.44
4,3454,0.276066,5.41066875e-05,866.93
4,3456,0.271767,5.41038607e-05,867.46
4,3458,0.277095,5.41010304e-05,867.97
4,3460,0.238312,5.40982073e-05,868.42
4,3462,0.230705,5.40953806e-05,868.88
4,3464,0.244729,5.40925503e-05,869.37
4,3466,0.274334,5.40897199e-05,869.84
4,3468,0.216771,5.40868969e-05,870.37
4,3470,0.228333,5.40840665e-05,870.84
4,3472,0.242644,5.40812325e-05,871.33
4,3474,0.236919,5.40784058e-05,871.81
4,3476,0.258443,5.40755755e-05,872.29
4,3478,0.239367,5.40727451e-05,872.88
4,3480,0.232583,5.40699148e-05,873.37
4,3482,0.203032,5.40670844e-05,873.88
4,3484,0.246709,5.40642577e-05,874.39
4,3486,0.266815,5.40614274e-05,874.91
4,3488,0.250235,5.40585934e-05,875.38
4,3490,0.246419,5.40557630e-05,875.84
4,3492,0.236196,5.40529327e-05,876.29
4,3494,0.222138,5.40501023e-05,876.73
4,3496,0.236647,5.40472720e-05,877.19
4,3498,0.249811,5.40444380e-05,877.64
4,3500,0.244849,5.40416077e-05,878.16
4,3502,0.245405,5.40387773e-05,878.64
4,3504,0.253079,5.40359433e-05,879.12
4,3506,0.273609,5.40331130e-05,879.58
4,3508,0.244854,5.40302826e-05,880.08
4,3510,0.247660,5.40274486e-05,880.55
4,3512,0.259327,5.40246147e-05,881.04
4,3514,0.227935,5.40217807e-05,881.50
4,3516,0.234927,5.40189503e-05,881.99
4,3518,0.209923,5.40161163e-05,882.46
4,3520,0.259218,5.40132787e-05,882.95
4,3522,0.259566,5.40104484e-05,883.49
4,3524,0.218149,5.40076144e-05,884.08
4,3526,0.214355,5.40047804e-05,884.70
4,3528,0.241413,5.40019464e-05,885.26
4,3530,0.249362,5.39991088e-05,885.76
4,3532,0.234455,5.39962821e-05,886.25
4,3534,0.211030,5.39934445e-05,886.77
4,3536,0.234548,5.39906068e-05,887.23
4,3538,0.248438,5.39877728e-05,887.80
4,3540,0.234531,5.39849389e-05,888.38
4,3542,0.269041,5.39821049e-05,888.87
4,3544,0.237915,5.39792672e-05,889.32
4,3546,0.218541,5.39764296e-05,889.93
4,3548,0.213726,5.39735956e-05,890.52
4,3550,0.269962,5.39707617e-05,891.09
4,3552,0.211804,5.39679240e-05,891.62
4,3554,0.270176,5.39650900e-05,892.17
4,3556,0.224261,5.39622524e-05,892.67
4,3558,0.187898,5.39594148e-05,893.15
4,3560,0.253945,5.39565772e-05,893.69
4,3562,0.259564,5.39537396e-05,894.28
4,3564,0.219777,5.39509019e-05,894.81
4,3566,0.229334,5.39480643e-05,895.30
4,3568,0.254535,5.39452267e-05,895.76
4,3570,0.242008,5.39423927e-05,896.27
4,3572,0.266772,5.39395551e-05,896.73
4,3574,0.247575,5.39367138e-05,897.22
4,3576,0.249943,5.39338762e-05,897.74
4,3578,0.224074,5.39310349e-05,898.19
4,3580,0.282839,5.39281973e-05,898.72
4,3582,0.254901,5.39253597e-05,899.30
4,3584,0.261486,5.39225221e-05,899.81
4,3586,0.242523,5.39196772e-05,900.29
4,3588,0.227699,5.39168395e-05,900.89
4,3590,0.246870,5.39140019e-05,901.44
4,3592,0.216089,5.39111606e-05,901.97
4,3594,0.266405,5.39083194e-05,902.66
4,3596,0.203539,5.39054818e-05,903.19
4,3598,0.291763,5.39026369e-05,903.71
4,3600,0.222419,5.38997992e-05,904.25
4,3602,0.235906,5.38969616e-05,904.82
4,3604,0.233091,5.38941167e-05,905.38
4,3606,0.226375,5.38912791e-05,905.93
4,3608,0.235656,5.38884342e-05,906.41
4,3610,0.244589,5.38855966e-05,906.89
4,3612,0.242082,5.38827517e-05,907.52
4,3614,0.215790,5.38799104e-05,908.08
4,3616,0.218024,5.38770728e-05,908.55
4,3618,0.255061,5.38742315e-05,908.99
4,3620,0.246559,5.38713866e-05,909.48
4,3622,0.234108,5.38685454e-05,910.00
4,3624,0.244091,5.38657041e-05,910.49
4,3626,0.228639,5.38628592e-05,910.98
4,3628,0.263599,5.38600143e-05,911.53
4,3630,0.260379,5.38571694e-05,912.16
4,3632,0.253181,5.38543281e-05,912.66
4,3634,0.236934,5.38514869e-05,913.13
4,3636,0.239928,5.38486420e-05,913.71
4,3638,0.251878,5.38458007e-05,914.18
4,3640,0.265217,5.38429558e-05,914.71
4,3642,0.261768,5.38401109e-05,915.25
4,3644,0.279024,5.38372660e-05,915.85
4,3646,0.204270,5.38344211e-05,916.33
4,3648,0.222261,5.38315799e-05,916.84
4,3650,0.230581,5.38287386e-05,917.35
4,3652,0.212482,5.38258901e-05,917.97
4,3654,0.214532,5.38230452e-05,918.45
4,3656,0.240653,5.38201966e-05,919.00
4,3658,0.213313,5.38173517e-05,919.61
4,3660,0.273304,5.38145032e-05,920.12
4,3662,0.242360,5.38116583e-05,920.59
4,3664,0.256013,5.38088098e-05,921.09
4,3666,0.267916,5.38059685e-05,921.63
4,3668,0.261856,5.38031236e-05,922.14
4,3670,0.276960,5.38002714e-05,922.62
4,3672,0.232793,5.37974265e-05,923.21
4,3674,0.258296,5.37945816e-05,923.73
4,3676,0.236288,5.37917331e-05,924.23
4,3678,0.229986,5.37888845e-05,924.79
4,3680,0.232520,5.37860360e-05,925.43
4,3682,0.241726,5.37831911e-05,925.91
4,3684,0.230761,5.37803462e-05,926.42
4,3686,0.250224,5.37774977e-05,926.95
4,3688,0.224345,5.37746455e-05,927.44
4,3690,0.256928,5.37718006e-05,928.01
4,3692,0.239662,5.37689484e-05,928.50
4,3694,0.225084,5.37661035e-05,929.01
4,3696,0.200659,5.37632513e-05,929.46
4,3698,0.207076,5.37604028e-05,930.00
4,3700,0.223419,5.37575579e-05,930.50
4,3702,0.217217,5.37547021e-05,930.96
4,3704,0.204876,5.37518572e-05,931.45
4,3706,0.262219,5.37490050e-05,931.95
4,3708,0.255222,5.37461565e-05,932.42
4,3710,0.225400,5.37433043e-05,932.87
4,3712,0.225781,5.37404558e-05,933.39
4,3714,0.262829,5.37376036e-05,933.94
4,3716,0.273839,5.37347551e-05,934.41
4,3718,0.272743,5.37319065e-05,934.97
4,3720,0.256122,5.37290507e-05,935.48
4,3722,0.244838,5.37262022e-05,935.97
4,3724,0.258096,5.37233536e-05,936.51
4,3726,0.218978,5.37204978e-05,936.99
4,3728,0.260528,5.37176456e-05,937.47
4,3730,0.243998,5.37148007e-05,937.94
4,3732,0.229391,5.37119449e-05,938.44
4,3734,0.250527,5.37090928e-05,939.02
4,3736,0.234967,5.37062369e-05,939.60
4,3738,0.255396,5.37033848e-05,940.11
4,3740,0.244037,5.37005326e-05,940.64
4,3742,0.243793,5.36976804e-05,941.12
4,3744,0.245544,5.36948246e-05,941.61
4,3746,0.264334,5.36919761e-05,942.14
4,3748,0.244846,5.36891239e-05,942.65
4,3750,0.257596,5.36862681e-05,943.16
4,3752,0.287179,5.36834159e-05,943.67
4,3754,0.193459,5.36805601e-05,944.12
4,3756,0.213052,5.36777079e-05,944.59
4,3758,0.247054,5.36748521e-05,945.12
4,3760,0.222967,5.36719963e-05,945.65
4,3762,0.235420,5.36691441e-05,946.14
4,3764,0.211651,5.36662919e-05,946.68
4,3766,0.262888,5.36634325e-05,947.19
4,3768,0.258271,5.36605767e-05,947.74
4,3770,0.223973,5.36577209e-05,948.35
4,3772,0.210022,5.36548687e-05,948.96
4,3774,0.237612,5.36520092e-05,949.47
4,3776,0.225542,5.36491498e-05,950.03
4,3778,0.253485,5.36463012e-05,950.61
4,3780,0.236919,5.36434454e-05,951.10
4,3782,0.228146,5.36405896e-05,951.64
4,3784,0.233933,5.36377302e-05,952.17
4,3786,0.279550,5.36348743e-05,952.69
4,3788,0.229474,5.36320149e-05,953.16
4,3790,0.225240,5.36291591e-05,953.69
4,3792,0.245313,5.36263033e-05,954.20
4,3794,0.233773,5.36234511e-05,954.69
4,3796,0.214116,5.36205880e-05,955.20
4,3798,0.241454,5.36177322e-05,955.75
4,3800,0.239106,5.36148727e-05,956.27
4,3802,0.219205,5.36120133e-05,956.85
4,3804,0.253276,5.36091538e-05,957.38
4,3806,0.218506,5.36062980e-05,957.87
4,3808,0.226906,5.36034386e-05,958.37
4,3810,0.241726,5.36005828e-05,958.87
4,3812,0.234854,5.35977233e-05,959.36
4,3814,0.222787,5.35948602e-05,959.84
4,3816,0.215395,5.35920044e-05,960.35
4,3818,0.222864,5.35891450e-05,960.84
4,3820,0.231796,5.35862819e-05,961.30
4,3822,0.205988,5.35834224e-05,961.86
4,3824,0.255045,5.35805630e-05,962.37
4,3826,0.252393,5.35777035e-05,962.88
4,3828,0.221937,5.35748441e-05,963.36
4,3830,0.254953,5.35719846e-05,963.86
4,3832,0.198184,5.35691215e-05,964.39
4,3834,0.224672,5.35662657e-05,964.98
4,3836,0.263728,5.35634026e-05,965.44
4,3838,0.228288,5.35605395e-05,965.92
4,3840,0.227309,5.35576764e-05,966.42
4,3842,0.254097,5.35548170e-05,966.93
4,3844,0.237831,5.35519539e-05,967.41
4,3846,0.234338,5.35490908e-05,967.92
4,3848,0.272603,5.35462277e-05,968.45
4,3850,0.267345,5.35433646e-05,968.95
4,3852,0.253613,5.35405052e-05,969.45
4,3854,0.263231,5.35376421e-05,969.98
4,3856,0.197454,5.35347790e-05,970.46
4,3858,0.251894,5.35319159e-05,970.96
4,3860,0.221814,5.35290565e-05,971.45
4,3862,0.252873,5.35261934e-05,971.93
4,3864,0.283089,5.35233303e-05,972.43
4,3866,0.216845,5.35204636e-05,972.90
4,3868,0.214386,5.35175968e-05,973.42
4,3870,0.246296,5.35147374e-05,973.90
4,3872,0.223626,5.35118743e-05,974.40
4,3874,0.260190,5.35090112e-05,974.88
4,3876,0.244711,5.35061445e-05,975.37
4,3878,0.256667,5.35032777e-05,975.83
4,3880,0.246685,5.35004183e-05,976.31
4,3882,0.270739,5.34975516e-05,976.87
4,3884,0.230674,5.34946848e-05,977.41
4,3886,0.242872,5.34918217e-05,977.93
4,3888,0.227771,5.34889514e-05,978.42
4,3890,0.230148,5.34860883e-05,978.95
4,3892,0.198802,5.34832252e-05,979.47
4,3894,0.239416,5.34803548e-05,980.03
4,3896,0.198533,5.34774954e-05,980.48
4,3898,0.231164,5.34746250e-05,980.98
4,3900,0.270578,5.34717583e-05,981.49
4,3902,0.235794,5.34688916e-05,982.00
4,3904,0.227701,5.34660212e-05,982.52
4,3906,0.235538,5.34631581e-05,983.05
4,3908,0.254439,5.34602914e-05,983.57
4,3910,0.220400,5.34574247e-05,984.14
4,3912,0.233856,5.34545543e-05,984.58
4,3914,0.179013,5.34516876e-05,985.10
4,3916,0.234170,5.34488208e-05,985.69
4,3918,0.246553,5.34459505e-05,986.22
4,3920,0.218535,5.34430801e-05,986.73
4,3922,0.284485,5.34402170e-05,987.22
4,3924,0.224338,5.34373467e-05,987.74
4,3926,0.240391,5.34344763e-05,988.23
4,3928,0.241065,5.34316059e-05,988.75
4,3930,0.230614,5.34287392e-05,989.23
4,3932,0.267345,5.34258688e-05,989.73
4,3934,0.233837,5.34229985e-05,990.24
4,3936,0.237060,5.34201317e-05,990.72
4,3938,0.249800,5.34172614e-05,991.24
4,3940,0.235870,5.34143910e-05,991.89
4,3942,0.215497,5.34115206e-05,992.46
4,3944,0.246569,5.34086503e-05,993.08
4,3946,0.222869,5.34057799e-05,993.69
4,3948,0.277276,5.34029095e-05,994.21
4,3950,0.236218,5.34000392e-05,994.86
4,3952,0.237701,5.33971688e-05,995.61
4,3954,0.273906,5.33942984e-05,996.12
4,3956,0.243276,5.33914281e-05,996.65
4,3958,0.239858,5.33885577e-05,997.20
4,3960,0.271492,5.33856801e-05,997.70
4,3962,0.223485,5.33828097e-05,998.20
4,3964,0.230746,5.33799357e-05,998.67
4,3966,0.238594,5.33770653e-05,999.24
4,3968,0.240011,5.33741950e-05,999.80
4,3970,0.250233,5.33713246e-05,1000.35
4,3972,0.225773,5.33684506e-05,1000.83
4,3974,0.233444,5.33655766e-05,1001.36
4,3976,0.225125,5.33627062e-05,1001.83
4,3978,0.242700,5.33598286e-05,1002.32
4,3980,0.267972,5.33569546e-05,1002.83
4,3982,0.251057,5.33540842e-05,1003.36
4,3984,0.237953,5.33512066e-05,1003.90
4,3986,0.245080,5.33483362e-05,1004.41
4,3988,0.280491,5.33454659e-05,1004.98
4,3990,0.248904,5.33425846e-05,1005.44
4,3992,0.255844,5.33397142e-05,1005.98
4,3994,0.245142,5.33368366e-05,1006.49
4,3996,0.221890,5.33339662e-05,1007.06
4,3998,0.231910,5.33310886e-05,1007.58
4,4000,0.227765,5.33282109e-05,1008.04
4,4002,0.240838,5.33253369e-05,1008.56
4,4004,0.234601,5.33224666e-05,1009.09
4,4006,0.266097,5.33195889e-05,1009.57
4,4008,0.213248,5.33167076e-05,1010.10
4,4010,0.282889,5.33138373e-05,1010.60
4,4012,0.268677,5.33109596e-05,1011.23
4,4014,0.245860,5.33080820e-05,1011.79
4,4016,0.231538,5.33052043e-05,1012.27
4,4018,0.197049,5.33023303e-05,1012.77
4,4020,0.240179,5.32994527e-05,1013.28
4,4022,0.247418,5.32965787e-05,1013.81
4,4024,0.224128,5.32936974e-05,1014.30
4,4026,0.221030,5.32908234e-05,1014.81
4,4028,0.250492,5.32879458e-05,1015.33
4,4030,0.231846,5.32850645e-05,1015.91
4,4032,0.288268,5.32821869e-05,1016.48
4,4034,0.235995,5.32793129e-05,1016.97
4,4036,0.245607,5.32764352e-05,1017.52
4,4038,0.258774,5.32735539e-05,1017.98
4,4040,0.226286,5.32706763e-05,1018.53
4,4042,0.261856,5.32677986e-05,1019.06
4,4044,0.223340,5.32649174e-05,1019.57
4,4046,0.242020,5.32620397e-05,1020.12
4,4048,0.226708,5.32591584e-05,1020.61
4,4050,0.237029,5.32562844e-05,1021.20
4,4052,0.224935,5.32534032e-05,1021.83
4,4054,0.259130,5.32505219e-05,1022.43
4,4056,0.261206,5.32476406e-05,1022.93
4,4058,0.242105,5.32447630e-05,1023.46
4,4060,0.239257,5.32418817e-05,1024.03
4,4062,0.263738,5.32390040e-05,1024.52
4,4064,0.219482,5.32361191e-05,1025.02
4,4066,0.218106,5.32332415e-05,1025.55
4,4068,0.211469,5.32303602e-05,1026.05
4,4070,0.225447,5.32274789e-05,1026.64
4,4072,0.234193,5.32246013e-05,1027.18
4,4074,0.248299,5.32217127e-05,1027.72
4,4076,0.283905,5.32188351e-05,1028.34
4,4078,0.245175,5.32159502e-05,1028.87
4,4080,0.223080,5.32130689e-05,1029.43
4,4082,0.185518,5.32101913e-05,1030.02
4,4084,0.231006,5.32073100e-05,1030.58
4,4086,0.247486,5.32044251e-05,1031.22
4,4088,0.257790,5.32015438e-05,1031.75
4,4090,0.209306,5.31986589e-05,1032.25
4,4092,0.213314,5.31957776e-05,1032.76
4,4094,0.288409,5.31928927e-05,1033.27
4,4096,0.249818,5.31900077e-05,1033.78
4,4098,0.224456,5.31871301e-05,1034.32
4,4100,0.255303,5.31842452e-05,1034.81
4,4102,0.236295,5.31813603e-05,1035.31
4,4104,0.229745,5.31784754e-05,1035.76
4,4106,0.242720,5.31755941e-05,1036.25
4,4108,0.249072,5.31727055e-05,1036.80
4,4110,0.254884,5.31698206e-05,1037.27
4,4112,0.239675,5.31669393e-05,1037.74
4,4114,0.285001,5.31640544e-05,1038.19
4,4116,0.238918,5.31611695e-05,1038.70
4,4118,0.267783,5.31582846e-05,1039.21
4,4120,0.226750,5.31553997e-05,1039.72
4,4122,0.258584,5.31525111e-05,1040.23
4,4124,0.244812,5.31496225e-05,1040.75
4,4126,0.231300,5.31467413e-05,1041.29
4,4128,0.259406,5.31438527e-05,1041.78
4,4130,0.258639,5.31409714e-05,1042.29
4,4132,0.240071,5.31380829e-05,1042.80
4,4134,0.222105,5.31351980e-05,1043.26
4,4136,0.295062,5.31323094e-05,1043.78
4,4138,0.257390,5.31294208e-05,1044.40
4,4140,0.219395,5.31265359e-05,1044.92
4,4142,0.251152,5.31236474e-05,1045.43
4,4144,0.237639,5.31207588e-05,1046.01
4,4146,0.248691,5.31178775e-05,1046.54
4,4148,0.253193,5.31149853e-05,1047.19
4,4150,0.248746,5.31120968e-05,1047.73
4,4152,0.224769,5.31092119e-05,1048.32
4,4154,0.238601,5.31063233e-05,1048.88
4,4156,0.281099,5.31034348e-05,1049.44
4,4158,0.268611,5.31005462e-05,1050.06
4,4160,0.241380,5.30976540e-05,1050.69
4,4162,0.234759,5.30947691e-05,1051.36
4,4164,0.245497,5.30918805e-05,1051.90
4,4166,0.192520,5.30889920e-05,1052.41
4,4168,0.212226,5.30861034e-05,1052.94
4,4170,0.231207,5.30832149e-05,1053.42
4,4172,0.238390,5.30803227e-05,1053.95
4,4174,0.287758,5.30774341e-05,1054.44
4,4176,0.232882,5.30745383e-05,1055.04
4,4178,0.252597,5.30716534e-05,1055.57
4,4180,0.241714,5.30687648e-05,1056.05
4,4182,0.235775,5.30658726e-05,1056.53
4,4184,0.201141,5.30629804e-05,1057.00
4,4186,0.244248,5.30600919e-05,1057.55
4,4188,0.251857,5.30571997e-05,1058.12
4,4190,0.246321,5.30543075e-05,1058.69
4,4192,0.262773,5.30514153e-05,1059.16
4,4194,0.265386,5.30485304e-05,1059.66
4,4196,0.201401,5.30456346e-05,1060.22
4,4198,0.232217,5.30427460e-05,1060.71
4,4200,0.227367,5.30398502e-05,1061.26
4,4202,0.233734,5.30369580e-05,1061.75
4,4204,0.243434,5.30340658e-05,1062.37
4,4206,0.243151,5.30311736e-05,1062.85
4,4208,0.210995,5.30282814e-05,1063.34
4,4210,0.221033,5.30253892e-05,1063.85
4,4212,0.232072,5.30224934e-05,1064.35
4,4214,0.268273,5.30196012e-05,1064.85
4,4216,0.259164,5.30167090e-05,1065.32
4,4218,0.197002,5.30138132e-05,1065.82
4,4220,0.213649,5.30109210e-05,1066.29
4,4222,0.250115,5.30080251e-05,1066.85
4,4224,0.226411,5.30051329e-05,1067.34
4,4226,0.239597,5.30022371e-05,1067.84
4,4228,0.251990,5.29993449e-05,1068.35
4,4230,0.249127,5.29964491e-05,1068.81
4,4232,0.290387,5.29935533e-05,1069.31
4,4234,0.260819,5.29906574e-05,1069.78
4,4236,0.215864,5.29877616e-05,1070.31
4,4238,0.222798,5.29848658e-05,1070.77
4,4240,0.259696,5.29819699e-05,1071.24
4,4242,0.246549,5.29790777e-05,1071.78
4,4244,0.237710,5.29761892e-05,1072.30
4,4246,0.247415,5.29732897e-05,1072.87
4,4248,0.204901,5.29703939e-05,1073.48
4,4250,0.214854,5.29674944e-05,1073.99
4,4252,0.177082,5.29645986e-05,1074.53
4,4254,0.220358,5.29617027e-05,1074.99
4,4256,0.285808,5.29588069e-05,1075.45
4,4258,0.250860,5.29559111e-05,1075.94
4,4260,0.242017,5.29530153e-05,1076.48
4,4262,0.227865,5.29501158e-05,1077.03
4,4264,0.203755,5.29472163e-05,1077.57
4,4266,0.233570,5.29443205e-05,1078.11
4,4268,0.212928,5.29414247e-05,1078.63
4,4270,0.247354,5.29385252e-05,1079.12
4,4272,0.264519,5.29356257e-05,1079.74
4,4274,0.239248,5.29327299e-05,1080.25
4,4276,0.226216,5.29298341e-05,1080.79
4,4278,0.211698,5.29269309e-05,1081.42
4,4280,0.215200,5.29240351e-05,1081.94
4,4282,0.193291,5.29211356e-05,1082.45
4,4284,0.245420,5.29182362e-05,1082.96
4,4286,0.268575,5.29153367e-05,1083.44
4,4288,0.241974,5.29124372e-05,1083.96
4,4290,0.234330,5.29095378e-05,1084.49
4,4292,0.248267,5.29066419e-05,1084.97
4,4294,0.213869,5.29037388e-05,1085.50
4,4296,0.235258,5.29008357e-05,1086.01
4,4298,0.244685,5.28979399e-05,1086.57
4,4300,0.243573,5.28950368e-05,1087.12
4,4302,0.238636,5.28921373e-05,1087.62
4,4304,0.227249,5.28892378e-05,1088.15
4,4306,0.240624,5.28863347e-05,1088.77
4,4308,0.227226,5.28834389e-05,1089.35
4,4310,0.221015,5.28805358e-05,1089.92
4,4312,0.236519,5.28776291e-05,1090.47
4,4314,0.257261,5.28747296e-05,1090.98
4,4316,0.262933,5.28718301e-05,1091.49
4,4318,0.204874,5.28689270e-05,1092.01
4,4320,0.200035,5.28660239e-05,1092.55
4,4322,0.222079,5.28631172e-05,1093.01
4,4324,0.204905,5.28602250e-05,1093.51
4,4326,0.221801,5.28573182e-05,1093.98
4,4328,0.204389,5.28544151e-05,1094.51
4,4330,0.211148,5.28515120e-05,1095.01
4,4332,0.240076,5.28486089e-05,1095.53
4,4334,0.237783,5.28457022e-05,1095.98
4,4336,0.258884,5.28427991e-05,1096.47
4,4338,0.210516,5.28398959e-05,1097.00
4,4340,0.259450,5.28370001e-05,1097.63
4,4342,0.257714,5.28340970e-05,1098.12
4,4344,0.229360,5.28311939e-05,1098.67
4,4346,0.226629,5.28282835e-05,1099.17
4,4348,0.221921,5.28253804e-05,1099.65
4,4350,0.229454,5.28224737e-05,1100.12
4,4352,0.240161,5.28195669e-05,1100.57
4,4354,0.220221,5.28166638e-05,1101.01
4,4356,0.220143,5.28137607e-05,1101.53
4,4358,0.234976,5.28108576e-05,1101.99
4,4360,0.260951,5.28079509e-05,1102.54
4,4362,0.225216,5.28050477e-05,1103.08
4,4364,0.259738,5.28021410e-05,1103.60
4,4366,0.226295,5.27992306e-05,1104.09
4,4368,0.203719,5.27963275e-05,1104.62
4,4370,0.226888,5.27934208e-05,1105.09
4,4372,0.241882,5.27905177e-05,1105.60
4,4374,0.201295,5.27876073e-05,1106.05
4,4376,0.222344,5.27847042e-05,1106.53
4,4378,0.246618,5.27817974e-05,1107.06
4,4380,0.225856,5.27788870e-05,1107.58
4,4382,0.238429,5.27759803e-05,1108.07
4,4384,0.264966,5.27730735e-05,1108.55
4,4386,0.239469,5.27701668e-05,1109.04
4,4388,0.219287,5.27672601e-05,1109.60
4,4390,0.215053,5.27643533e-05,1110.16
4,4392,0.277072,5.27614429e-05,1110.72
4,4394,0.234722,5.27585362e-05,1111.20
4,4396,0.252291,5.27556258e-05,1111.86
4,4398,0.250377,5.27527191e-05,1112.44
4,4400,0.229805,5.27498087e-05,1112.98
4,4402,0.264126,5.27468983e-05,1113.56
4,4404,0.225193,5.27439915e-05,1114.13
4,4406,0.179565,5.27410884e-05,1114.64
4,4408,0.246790,5.27381744e-05,1115.19
4,4410,0.238816,5.27352604e-05,1115.74
4,4412,0.212026,5.27323537e-05,1116.34
4,4414,0.257494,5.27294469e-05,1116.97
4,4416,0.234265,5.27265329e-05,1117.45
4,4418,0.260882,5.27236225e-05,1118.00
4,4420,0.223976,5.27207158e-05,1118.55
4,4422,0.223250,5.27178054e-05,1119.03
4,4424,0.242166,5.27148914e-05,1119.55
4,4426,0.236962,5.27119810e-05,1120.08
4,4428,0.222172,5.27090742e-05,1120.66
4,4430,0.227011,5.27061602e-05,1121.18
4,4432,0.228914,5.27032462e-05,1121.68
4,4434,0.201198,5.27003358e-05,1122.20
4,4436,0.221033,5.26974291e-05,1122.71
4,4438,0.247276,5.26945150e-05,1123.24
4,4440,0.216163,5.26916047e-05,1123.75
4,4442,0.256424,5.26886906e-05,1124.29
4,4444,0.249331,5.26857766e-05,1124.77
4,4446,0.237368,5.26828662e-05,1125.27
4,4448,0.258950,5.26799522e-05,1125.82
4,4450,0.221194,5.26770418e-05,1126.30
4,4452,0.273147,5.26741278e-05,1126.91
4,4454,0.235223,5.26712174e-05,1127.44
4,4456,0.222008,5.26683034e-05,1127.93
4,4458,0.265183,5.26653894e-05,1128.39
4,4460,0.233213,5.26624717e-05,1128.94
4,4462,0.255992,5.26595577e-05,1129.44
4,4464,0.257133,5.26566473e-05,1129.92
4,4466,0.197683,5.26537297e-05,1130.49
4,4468,0.226698,5.26508229e-05,1131.04
4,4470,0.213732,5.26479052e-05,1131.50
4,4472,0.194872,5.26449912e-05,1132.01
4,4474,0.220192,5.26420772e-05,1132.54
4,4476,0.235200,5.26391595e-05,1133.11
4,4478,0.229906,5.26362455e-05,1133.66
4,4480,0.240122,5.26333279e-05,1134.17
4,4482,0.242500,5.26304102e-05,1134.64
4,4484,0.246728,5.26274998e-05,1135.15
4,4486,0.227651,5.26245858e-05,1135.64
4,4488,0.234384,5.26216681e-05,1136.13
4,4490,0.241135,5.26187541e-05,1136.64
4,4492,0.230397,5.26158328e-05,1137.11
4,4494,0.230992,5.26129224e-05,1137.63
4,4496,0.249735,5.26100011e-05,1138.16
4,4498,0.218579,5.26070835e-05,1138.72
4,4500,0.233797,5.26041695e-05,1139.26
4,4502,0.248534,5.26012554e-05,1139.81
4,4504,0.253496,5.25983342e-05,1140.34
4,4506,0.237606,5.25954165e-05,1140.82
4,4508,0.275789,5.25925025e-05,1141.35
4,4510,0.252750,5.25895812e-05,1141.93
4,4512,0.232456,5.25866599e-05,1142.46
4,4514,0.226779,5.25837459e-05,1142.94
4,4516,0.246598,5.25808282e-05,1143.39
4,4518,0.197426,5.25779105e-05,1143.89
4,4520,0.237363,5.25749965e-05,1144.33
4,4522,0.237056,5.25720752e-05,1144.87
4,4524,0.234281,5.25691539e-05,1145.37
4,4526,0.201946,5.25662326e-05,1145.88
4,4528,0.237433,5.25633113e-05,1146.42
4,4530,0.242844,5.25603973e-05,1146.96
4,4532,0.224622,5.25574796e-05,1147.42
4,4534,0.238776,5.25545584e-05,1147.90
4,4536,0.211023,5.25516371e-05,1148.41
4,4538,0.204690,5.25487158e-05,1148.94
4,4540,0.226388,5.25457981e-05,1149.45
4,4542,0.243720,5.25428768e-05,1149.91
4,4544,0.255715,5.25399555e-05,1150.42
4,4546,0.281101,5.25370342e-05,1150.90
4,4548,0.233171,5.25341202e-05,1151.40
4,4550,0.214807,5.25311953e-05,1151.87
4,4552,0.231422,5.25282740e-05,1152.39
4,4554,0.222651,5.25253527e-05,1152.87
4,4556,0.265560,5.25224314e-05,1153.37
4,4558,0.257014,5.25195101e-05,1153.92
4,4560,0.250348,5.25165851e-05,1154.47
4,4562,0.234464,5.25136602e-05,1155.01
4,4564,0.213397,5.25107462e-05,1155.54
4,4566,0.243896,5.25078212e-05,1156.07
4,4568,0.250214,5.25048999e-05,1156.69
4,4570,0.241489,5.25019786e-05,1157.22
4,4572,0.278211,5.24990537e-05,1157.74
4,4574,0.241576,5.24961288e-05,1158.26
4,4576,0.234193,5.24932075e-05,1158.80
4,4578,0.248953,5.24902825e-05,1159.36
4,4580,0.233942,5.24873649e-05,1159.93
4,4582,0.218621,5.24844399e-05,1160.41
4,4584,0.187910,5.24815150e-05,1160.92
4,4586,0.223907,5.24785901e-05,1161.46
4,4588,0.221130,5.24756688e-05,1161.96
4,4590,0.188979,5.24727402e-05,1162.44
4,4592,0.231360,5.24698189e-05,1162.92
4,4594,0.223239,5.24668903e-05,1163.51
4,4596,0.287827,5.24639690e-05,1163.99
4,4598,0.250251,5.24610441e-05,1164.47
4,4600,0.224703,5.24581192e-05,1165.00
4,4602,0.227340,5.24551942e-05,1165.62
4,4604,0.263780,5.24522693e-05,1166.11
4,4606,0.249773,5.24493407e-05,1166.64
4,4608,0.225755,5.24464158e-05,1167.22
4,4610,0.233111,5.24434909e-05,1167.74
4,4612,0.255177,5.24405659e-05,1168.26
4,4614,0.251475,5.24376410e-05,1168.74
4,4616,0.225495,5.24347124e-05,1169.28
4,4618,0.218164,5.24317875e-05,1169.83
4,4620,0.250747,5.24288589e-05,1170.49
4,4622,0.213141,5.24259340e-05,1170.92
4,4624,0.244418,5.24230054e-05,1171.46
4,4626,0.219331,5.24200768e-05,1172.13
4,4628,0.218163,5.24171555e-05,1172.69
4,4630,0.255448,5.24142270e-05,1173.27
4,4632,0.274712,5.24112984e-05,1173.87
4,4634,0.228264,5.24083698e-05,1174.51
4,4636,0.251587,5.24054412e-05,1175.05
4,4638,0.232002,5.24025127e-05,1175.59
4,4640,0.219195,5.23995805e-05,1176.08
4,4642,0.254094,5.23966519e-05,1176.61
4,4644,0.226067,5.23937306e-05,1177.23
4,4646,0.233985,5.23908020e-05,1177.84
4,4648,0.219217,5.23878698e-05,1178.49
4,4650,0.217599,5.23849412e-05,1179.06
4,4652,0.247766,5.23820127e-05,1179.57
4,4654,0.217143,5.23790841e-05,1180.08
4,4656,0.244861,5.23761519e-05,1180.58
4,4658,0.216326,5.23732197e-05,1181.08
4,4660,0.233599,5.23702947e-05,1181.59
4,4662,0.245242,5.23673625e-05,1182.09
4,4664,0.259685,5.23644339e-05,1182.60
4,4666,0.214926,5.23615054e-05,1183.24
4,4668,0.238996,5.23585732e-05,1183.77
4,4670,0.231440,5.23556446e-05,1184.29
4,4672,0.254923,5.23527087e-05,1184.82
4,4674,0.221138,5.23497802e-05,1185.40
4,4676,0.202261,5.23468516e-05,1185.96
4,4678,0.207937,5.23439194e-05,1186.48
4,4680,0.193234,5.23409872e-05,1187.05
4,4682,0.286187,5.23380550e-05,1187.61
4,4684,0.238141,5.23351227e-05,1188.13
4,4686,0.210155,5.23321905e-05,1188.66
4,4688,0.245137,5.23292583e-05,1189.24
4,4690,0.276451,5.23263225e-05,1189.76
4,4692,0.248895,5.23233939e-05,1190.29
4,4694,0.237945,5.23204617e-05,1190.93
4,4696,0.234467,5.23175295e-05,1191.46
4,4698,0.220547,5.23145973e-05,1191.99
4,4700,0.224588,5.23116614e-05,1192.50
4,4702,0.242929,5.23087292e-05,1193.05
4,4704,0.245105,5.23057970e-05,1193.67
4,4706,0.282534,5.23028575e-05,1194.14
4,4708,0.199429,5.22999289e-05,1194.66
4,4710,0.236243,5.22969967e-05,1195.14
4,4712,0.261456,5.22940645e-05,1195.65
4,4714,0.263996,5.22911250e-05,1196.08
4,4716,0.266252,5.22881928e-05,1196.59
4,4718,0.225076,5.22852606e-05,1197.11
4,4720,0.212589,5.22823211e-05,1197.59
4,4722,0.231093,5.22793853e-05,1198.10
4,4724,0.253345,5.22764567e-05,1198.64
4,4726,0.213092,5.22735209e-05,1199.13
4,4728,0.258635,5.22705814e-05,1199.72
4,4730,0.269679,5.22676492e-05,1200.38
4,4732,0.257122,5.22647097e-05,1201.02
4,4734,0.252545,5.22617775e-05,1201.62
4,4736,0.201775,5.22588416e-05,1202.13
4,4738,0.246321,5.22559021e-05,1202.73
4,4740,0.239089,5.22529699e-05,1203.30
4,4742,0.286882,5.22500341e-05,1203.84
4,4744,0.253150,5.22470946e-05,1204.33
4,4746,0.238132,5.22441587e-05,1204.82
4,4748,0.217856,5.22412229e-05,1205.32
4,4750,0.205259,5.22382834e-05,1205.86
4,4752,0.245396,5.22353475e-05,1206.48
4,4754,0.202497,5.22324081e-05,1207.04
4,4756,0.242624,5.22294686e-05,1207.58
4,4758,0.256315,5.22265364e-05,1208.10
4,4760,0.264350,5.22235969e-05,1208.56
4,4762,0.225720,5.22206610e-05,1209.10
4,4764,0.201855,5.22177179e-05,1209.66
4,4766,0.261430,5.22147820e-05,1210.16
4,4768,0.249975,5.22118426e-05,1210.70
4,4770,0.204666,5.22089031e-05,1211.24
4,4772,0.246955,5.22059636e-05,1211.77
4,4774,0.233023,5.22030277e-05,1212.28
4,4776,0.214755,5.22000846e-05,1212.78
4,4778,0.255613,5.21971488e-05,1213.30
4,4780,0.214149,5.21942093e-05,1213.96
4,4782,0.252519,5.21912661e-05,1214.48
4,4784,0.251555,5.21883303e-05,1214.99
4,4786,0.203029,5.21853872e-05,1215.49
4,4788,0.207102,5.21824441e-05,1215.98
4,4790,0.206515,5.21795082e-05,1216.48
4,4792,0.240091,5.21765724e-05,1217.07
4,4794,0.265865,5.21736292e-05,1217.61
4,4796,0.209141,5.21706897e-05,1218.12
4,4798,0.230414,5.21677466e-05,1218.66
4,4800,0.225497,5.21648035e-05,1219.21
4,4802,0.225272,5.21618640e-05,1219.72
4,4804,0.189584,5.21589209e-05,1220.24
4,4806,0.246310,5.21559814e-05,1220.69
4,4808,0.267151,5.21530383e-05,1221.16
4,4810,0.208872,5.21500988e-05,1221.68
4,4812,0.264495,5.21471557e-05,1222.15
4,4814,0.201495,5.21442089e-05,1222.68
4,4816,0.241986,5.21412694e-05,1223.20
4,4818,0.247295,5.21383263e-05,1223.77
4,4820,0.260033,5.21353832e-05,1224.25
4,4822,0.252453,5.21324437e-05,1224.77
4,4824,0.276865,5.21295005e-05,1225.28
4,4826,0.235745,5.21265574e-05,1225.79
4,4828,0.233454,5.21236107e-05,1226.40
4,4830,0.225196,5.21206712e-05,1226.94
4,4832,0.243394,5.21177244e-05,1227.55
4,4834,0.210635,5.21147776e-05,1228.08
4,4836,0.217945,5.21118382e-05,1228.55
4,4838,0.228261,5.21088950e-05,1229.03
4,4840,0.212810,5.21059519e-05,1229.56
4,4842,0.222669,5.21030051e-05,1230.07
4,4844,0.259166,5.21000584e-05,1230.56
4,4846,0.231786,5.20971116e-05,1231.02
4,4848,0.225246,5.20941685e-05,1231.52
4,4850,0.243441,5.20912254e-05,1232.00
4,4852,0.232931,5.20882822e-05,1232.49
4,4854,0.223169,5.20853391e-05,1233.00
4,4856,0.241321,5.20823924e-05,1233.49
4,4858,0.230441,5.20794420e-05,1234.06
4,4860,0.232257,5.20764988e-05,1234.60
4,4862,0.247569,5.20735521e-05,1235.11
4,4864,0.187774,5.20706053e-05,1235.63
4,4866,0.170153,5.20676549e-05,1236.11
4,4868,0.232115,5.20647118e-05,1236.60
4,4870,0.233013,5.20617687e-05,1237.15
4,4872,0.242066,5.20588183e-05,1237.76
4,4874,0.245438,5.20558751e-05,1238.24
4,4876,0.234490,5.20529247e-05,1238.79
4,4878,0.258872,5.20499780e-05,1239.25
4,4880,0.228858,5.20470276e-05,1239.81
4,4882,0.235418,5.20440844e-05,1240.33
4,4884,0.199699,5.20411340e-05,1240.94
4,4886,0.216257,5.20381873e-05,1241.52
4,4888,0.246621,5.20352405e-05,1242.09
4,4890,0.240255,5.20322938e-05,1242.59
4,4892,0.227140,5.20293434e-05,1243.22
4,4894,0.252107,5.20263930e-05,1243.74
4,4896,0.257495,5.20234462e-05,1244.26
4,4898,0.200261,5.20204958e-05,1244.75
4,4900,0.241536,5.20175454e-05,1245.21
4,4902,0.252696,5.20146023e-05,1245.79
4,4904,0.260039,5.20116519e-05,1246.32
4,4906,0.206217,5.20087015e-05,1246.93
4,4908,0.217514,5.20057474e-05,1247.48
4,4910,0.217603,5.20028007e-05,1248.05
4,4912,0.291441,5.19998466e-05,1248.56
4,4914,0.234490,5.19968999e-05,1249.09
4,4916,0.209377,5.19939495e-05,1249.55
4,4918,0.209792,5.19910027e-05,1250.13
4,4920,0.237697,5.19880487e-05,1250.74
4,4922,0.207600,5.19850983e-05,1251.28
4,4924,0.228525,5.19821479e-05,1251.85
4,4926,0.234096,5.19791938e-05,1252.33
4,4928,0.242222,5.19762471e-05,1252.80
4,4930,0.248832,5.19732930e-05,1253.33
4,4932,0.257019,5.19703426e-05,1253.83
4,4934,0.196003,5.19673922e-05,1254.41
4,4936,0.239828,5.19644418e-05,1254.98
4,4938,0.234666,5.19614878e-05,1255.44
4,4940,0.239096,5.19585337e-05,1255.91
4,4942,0.240688,5.19555797e-05,1256.40
4,4944,0.220115,5.19526257e-05,1256.89
4,4946,0.211759,5.19496753e-05,1257.40
4,4948,0.254026,5.19467212e-05,1257.89
4,4950,0.252179,5.19437708e-05,1258.35
4,4952,0.276837,5.19408168e-05,1258.80
4,4954,0.216362,5.19378627e-05,1259.29
4,4956,0.233024,5.19349087e-05,1259.76
4,4958,0.243591,5.19319547e-05,1260.26
4,4960,0.243066,5.19290006e-05,1260.71
4,4962,0.200133,5.19260466e-05,1261.23
4,4964,0.213527,5.19230925e-05,1261.76
4,4966,0.252793,5.19201458e-05,1262.23
4,4968,0.230112,5.19171845e-05,1262.74
4,4970,0.248476,5.19142304e-05,1263.29
4,4972,0.233557,5.19112764e-05,1263.77
4,4974,0.202237,5.19083223e-05,1264.25
4,4976,0.270562,5.19053647e-05,1264.76
4,4978,0.245863,5.19024106e-05,1265.32
4,4980,0.229389,5.18994530e-05,1265.95
4,4982,0.269958,5.18965026e-05,1266.47
4,4984,0.266015,5.18935449e-05,1267.00
4,4986,0.244030,5.18905908e-05,1267.60
4,4988,0.214380,5.18876332e-05,1268.13
4,4990,0.202042,5.18846755e-05,1268.70
4,4992,0.229590,5.18817214e-05,1269.25
4,4994,0.250852,5.18787638e-05,1269.82
4,4996,0.224938,5.18758061e-05,1270.35
4,4998,0.229937,5.18728521e-05,1270.88
4,5000,0.231594,5.18698980e-05,1271.36
4,5002,0.231877,5.18669403e-05,1271.90
4,5004,0.234158,5.18639790e-05,1272.39
4,5006,0.257778,5.18610213e-05,1272.91
4,5008,0.251090,5.18580637e-05,1273.51
4,5010,0.256747,5.18551060e-05,1274.01
4,5012,0.231715,5.18521483e-05,1274.49
4,5014,0.285454,5.18491943e-05,1274.99
4,5016,0.248699,5.18462366e-05,1275.51
4,5018,0.248931,5.18432789e-05,1276.04
4,5020,0.242106,5.18403140e-05,1276.63
4,5022,0.246872,5.18373563e-05,1277.19
4,5024,0.240807,5.18343986e-05,1277.86
4,5026,0.203084,5.18314409e-05,1278.47
4,5028,0.249889,5.18284833e-05,1279.09
4,5030,0.236352,5.18255256e-05,1279.59
4,5032,0.198264,5.18225643e-05,1280.25
4,5034,0.224064,5.18196030e-05,1280.87
4,5036,0.232893,5.18166453e-05,1281.41
4,5038,0.238272,5.18136840e-05,1281.90
4,5040,0.217345,5.18107263e-05,1282.36
4,5042,0.224844,5.18077613e-05,1282.88
4,5044,0.248056,5.18048000e-05,1283.33
4,5046,0.237365,5.18018460e-05,1283.83
4,5048,0.171814,5.17988847e-05,1284.34
4,5050,0.244447,5.17959197e-05,1284.90
4,5052,0.253309,5.17929584e-05,1285.42
4,5054,0.231411,5.17899971e-05,1285.92
4,5056,0.261829,5.17870394e-05,1286.42
4,5058,0.240058,5.17840781e-05,1286.89
4,5060,0.196615,5.17811131e-05,1287.37
4,5062,0.225228,5.17781555e-05,1287.85
4,5064,0.236829,5.17751942e-05,1288.37
4,5066,0.265174,5.17722328e-05,1288.88
4,5068,0.231943,5.17692679e-05,1289.39
4,5070,0.240640,5.17663066e-05,1289.85
4,5072,0.215206,5.17633416e-05,1290.37
4,5074,0.226382,5.17603767e-05,1290.85
4,5076,0.238072,5.17574153e-05,1291.35
4,5078,0.201521,5.17544577e-05,1291.84
4,5080,0.257364,5.17514891e-05,1292.36
4,5082,0.217852,5.17485278e-05,1292.85
4,5084,0.230279,5.17455628e-05,1293.36
4,5086,0.203311,5.17425979e-05,1293.88
4,5088,0.249064,5.17396365e-05,1294.43
4,5090,0.214959,5.17366716e-05,1294.99
4,5092,0.237747,5.17337066e-05,1295.56
4,5094,0.255612,5.17307453e-05,1296.07
4,5096,0.213296,5.17277804e-05,1296.58
4,5098,0.270468,5.17248154e-05,1297.08
4,5100,0.257755,5.17218505e-05,1297.63
4,5102,0.229314,5.17188855e-05,1298.13
4,5104,0.248089,5.17159206e-05,1298.69
4,5106,0.220562,5.17129556e-05,1299.15
4,5108,0.224587,5.17099870e-05,1299.60
4,5110,0.261340,5.17070257e-05,1300.11
4,5112,0.205311,5.17040608e-05,1300.62
4,5114,0.206605,5.17010922e-05,1301.10
4,5116,0.220954,5.16981272e-05,1301.54
4,5118,0.263997,5.16951586e-05,1302.04
4,5120,0.229323,5.16921937e-05,1302.63
4,5122,0.230354,5.16892251e-05,1303.12
4,5124,0.226790,5.16862601e-05,1303.60
4,5126,0.229429,5.16832952e-05,1304.20
4,5128,0.224799,5.16803302e-05,1304.78
4,5130,0.231706,5.16773616e-05,1305.27
4,5132,0.242900,5.16743930e-05,1305.82
4,5134,0.223488,5.16714281e-05,1306.32
4,5136,0.242370,5.16684559e-05,1306.87
4,5138,0.238013,5.16654909e-05,1307.42
4,5140,0.240935,5.16625223e-05,1307.90
4,5142,0.248140,5.16595574e-05,1308.39
4,5144,0.231945,5.16565851e-05,1308.93
4,5146,0.256703,5.16536202e-05,1309.52
4,5148,0.217639,5.16506479e-05,1310.12
4,5150,0.214773,5.16476830e-05,1310.66
4,5152,0.232975,5.16447108e-05,1311.19
4,5154,0.249727,5.16417422e-05,1311.74
4,5156,0.245701,5.16387736e-05,1312.29
4,5158,0.193947,5.16358086e-05,1312.92
4,5160,0.270966,5.16328364e-05,1313.52
4,5162,0.258579,5.16298678e-05,1314.07
4,5164,0.251759,5.16268956e-05,1314.62
4,5166,0.227799,5.16239270e-05,1315.12
4,5168,0.249412,5.16209584e-05,1315.68
4,5170,0.256637,5.16179898e-05,1316.33
4,5172,0.203810,5.16150176e-05,1316.81
4,5174,0.270551,5.16120454e-05,1317.28
4,5176,0.242986,5.16090768e-05,1317.83
4,5178,0.212103,5.16061045e-05,1318.34
4,5180,0.209262,5.16031359e-05,1318.80
4,5182,0.226252,5.16001637e-05,1319.34
4,5184,0.250648,5.15971951e-05,1319.84
4,5186,0.232062,5.15942193e-05,1320.41
4,5188,0.232639,5.15912470e-05,1320.95
4,5190,0.244659,5.15882784e-05,1321.42
4,5192,0.264470,5.15853062e-05,1321.94
4,5194,0.235472,5.15823303e-05,1322.50
4,5196,0.219998,5.15793618e-05,1323.02
4,5198,0.208952,5.15763895e-05,1323.64
4,5200,0.215183,5.15734173e-05,1324.18
4,5202,0.249808,5.15704414e-05,1324.76
4,5204,0.251269,5.15674692e-05,1325.27
4,5206,0.209675,5.15645006e-05,1325.76
4,5208,0.207731,5.15615284e-05,1326.37
4,5210,0.223184,5.15585525e-05,1326.88
4,5212,0.240849,5.15555803e-05,1327.53
4,5214,0.245887,5.15526044e-05,1328.05
4,5216,0.256308,5.15496286e-05,1328.59
4,5218,0.273593,5.15466600e-05,1329.12
4,5220,0.245321,5.15436805e-05,1329.59
4,5222,0.258768,5.15407082e-05,1330.08
4,5224,0.213390,5.15377396e-05,1330.50
4,5226,0.233476,5.15347601e-05,1330.98
4,5228,0.201780,5.15317879e-05,1331.49
4,5230,0.272336,5.15288084e-05,1332.03
4,5232,0.263374,5.15258362e-05,1332.49
4,5234,0.212051,5.15228603e-05,1332.96
4,5236,0.243494,5.15198844e-05,1333.57
4,5238,0.229112,5.15169086e-05,1334.14
4,5240,0.178075,5.15139363e-05,1334.60
4,5242,0.242483,5.15109605e-05,1335.12
4,5244,0.221233,5.15079846e-05,1335.55
4,5246,0.232866,5.15050051e-05,1336.10
4,5248,0.229912,5.15020329e-05,1336.53
4,5250,0.250889,5.14990534e-05,1337.01
4,5252,0.236699,5.14960775e-05,1337.51
4,5254,0.223112,5.14931016e-05,1338.07
4,5256,0.225594,5.14901294e-05,1338.66
4,5258,0.244696,5.14871499e-05,1339.13
4,5260,0.225847,5.14841740e-05,1339.73
4,5262,0.237469,5.14811945e-05,1340.29
4,5264,0.240138,5.14782150e-05,1340.79
4,5266,0.248958,5.14752355e-05,1341.30
4,5268,0.243224,5.14722560e-05,1341.76
4,5270,0.237172,5.14692874e-05,1342.19
4,5272,0.249188,5.14663079e-05,1342.70
4,5274,0.265796,5.14633284e-05,1343.19
4,5276,0.230777,5.14603489e-05,1343.66
4,5278,0.240254,5.14573694e-05,1344.20
4,5280,0.230182,5.14543899e-05,1344.72
4,5282,0.204381,5.14514140e-05,1345.23
4,5284,0.223560,5.14484345e-05,1345.67
4,5286,0.227070,5.14454550e-05,1346.14
4,5288,0.246388,5.14424755e-05,1346.65
4,5290,0.204859,5.14394960e-05,1347.18
4,5292,0.265324,5.14365165e-05,1347.71
4,5294,0.200527,5.14335370e-05,1348.21
4,5296,0.221285,5.14305611e-05,1348.76
4,5298,0.220412,5.14275744e-05,1349.25
4,5300,0.211920,5.14245985e-05,1349.77
4,5302,0.233575,5.14216154e-05,1350.24
4,5304,0.206781,5.14186395e-05,1350.71
4,5306,0.232741,5.14156563e-05,1351.18
4,5308,0.253033,5.14126768e-05,1351.61
4,5310,0.232490,5.14096937e-05,1352.10
4,5312,0.206401,5.14067142e-05,1352.59
4,5314,0.225880,5.14037310e-05,1353.05
4,5316,0.230344,5.14007515e-05,1353.58
4,5318,0.191683,5.13977684e-05,1354.05
4,5320,0.226713,5.13947889e-05,1354.56
4,5322,0.254246,5.13918058e-05,1355.04
4,5324,0.263768,5.13888226e-05,1355.46
4,5326,0.234089,5.13858395e-05,1355.94
4,5328,0.204940,5.13828600e-05,1356.45
4,5330,0.234298,5.13798732e-05,1356.95
4,5332,0.222085,5.13768937e-05,1357.43
4,5334,0.233793,5.13739105e-05,1357.94
4,5336,0.221687,5.13709274e-05,1358.45
4,5338,0.217401,5.13679479e-05,1358.96
4,5340,0.224622,5.13649611e-05,1359.49
4,5342,0.251284,5.13619780e-05,1359.94
4,5344,0.256511,5.13589948e-05,1360.42
4,5346,0.218377,5.13560117e-05,1360.90
4,5348,0.216347,5.13530285e-05,1361.38
4,5350,0.206709,5.13500418e-05,1361.86
4,5352,0.234074,5.13470623e-05,1362.36
4,5354,0.249313,5.13440755e-05,1362.85
4,5356,0.249135,5.13410923e-05,1363.38
4,5358,0.211930,5.13381092e-05,1363.84
4,5360,0.221254,5.13351224e-05,1364.36
4,5362,0.215344,5.13321393e-05,1364.84
4,5364,0.232770,5.13291525e-05,1365.29
4,5366,0.240679,5.13261693e-05,1365.85
4,5368,0.264935,5.13231862e-05,1366.37
4,5370,0.240587,5.13201958e-05,1366.83
4,5372,0.230426,5.13172126e-05,1367.31
4,5374,0.222484,5.13142259e-05,1367.88
4,5376,0.220318,5.13112391e-05,1368.34
4,5378,0.212764,5.13082523e-05,1368.87
4,5380,0.253939,5.13052655e-05,1369.38
4,5382,0.247974,5.13022787e-05,1369.93
4,5384,0.225635,5.12992992e-05,1370.38
4,5386,0.243630,5.12963088e-05,1370.88
4,5388,0.231568,5.12933220e-05,1371.32
4,5390,0.213103,5.12903353e-05,1371.87
4,5392,0.212468,5.12873485e-05,1372.43
4,5394,0.218513,5.12843617e-05,1372.95
4,5396,0.243532,5.12813713e-05,1373.45
4,5398,0.229010,5.12783809e-05,1373.99
4,5400,0.239681,5.12753977e-05,1374.51
4,5402,0.227595,5.12724109e-05,1375.07
4,5404,0.198545,5.12694241e-05,1375.60
4,5406,0.243739,5.12664337e-05,1376.06
4,5408,0.251386,5.12634469e-05,1376.60
4,5410,0.255032,5.12604529e-05,1377.17
4,5412,0.225307,5.12574661e-05,1377.69
4,5414,0.214259,5.12544793e-05,1378.21
4,5416,0.217426,5.12514926e-05,1378.69
4,5418,0.254898,5.12485058e-05,1379.14
4,5420,0.218982,5.12455117e-05,1379.63
4,5422,0.213161,5.12425213e-05,1380.09
4,5424,0.212041,5.12395345e-05,1380.58
4,5426,0.256218,5.12365405e-05,1381.11
4,5428,0.229465,5.12335500e-05,1381.75
4,5430,0.222932,5.12305633e-05,1382.32
4,5432,0.229042,5.12275765e-05,1382.84
4,5434,0.275444,5.12245824e-05,1383.36
4,5436,0.217594,5.12215920e-05,1383.91
4,5438,0.223991,5.12186016e-05,1384.47
4,5440,0.246421,5.12156112e-05,1384.98
4,5442,0.215368,5.12126171e-05,1385.48
4,5444,0.255714,5.12096267e-05,1385.93
4,5446,0.208853,5.12066363e-05,1386.41
4,5448,0.244907,5.12036459e-05,1386.91
4,5450,0.260880,5.12006554e-05,1387.47
4,5452,0.232194,5.11976650e-05,1388.01
4,5454,0.196071,5.11946710e-05,1388.53
4,5456,0.247704,5.11916769e-05,1389.05
4,5458,0.252010,5.11886865e-05,1389.52
4,5460,0.242875,5.11856924e-05,1390.08
4,5462,0.224091,5.11826984e-05,1390.55
4,5464,0.205150,5.11797116e-05,1391.04
4,5466,0.230249,5.11767175e-05,1391.51
4,5468,0.245553,5.11737235e-05,1391.98
4,5470,0.208117,5.11707331e-05,1392.45
4,5472,0.229646,5.11677354e-05,1392.92
4,5474,0.288233,5.11647449e-05,1393.41
4,5476,0.250848,5.11617473e-05,1393.89
4,5478,0.241279,5.11587568e-05,1394.33
4,5480,0.216907,5.11557664e-05,1394.83
4,5482,0.221725,5.11527687e-05,1395.41
4,5484,0.234980,5.11497783e-05,1395.88
4,5486,0.249394,5.11467842e-05,1396.42
4,5488,0.242917,5.11437865e-05,1396.99
4,5490,0.235705,5.11407925e-05,1397.49
4,5492,0.201639,5.11377948e-05,1397.98
4,5494,0.232275,5.11348007e-05,1398.45
4,5496,0.261778,5.11318140e-05,1398.96
4,5498,0.221894,5.11288163e-05,1399.45
4,5500,0.207991,5.11258222e-05,1399.98
4,5502,0.215361,5.11228245e-05,1400.43
4,5504,0.224766,5.11198268e-05,1400.89
4,5506,0.240400,5.11168291e-05,1401.37
4,5508,0.214899,5.11138351e-05,1401.84
4,5510,0.258018,5.11108374e-05,1402.32
4,5512,0.231635,5.11078470e-05,1402.80
4,5514,0.222393,5.11048456e-05,1403.35
4,5516,0.187176,5.11018516e-05,1403.84
4,5518,0.228537,5.10988539e-05,1404.42
4,5520,0.190329,5.10958562e-05,1404.91
4,5522,0.221820,5.10928585e-05,1405.36
4,5524,0.231605,5.10898644e-05,1405.86
4,5526,0.232981,5.10868631e-05,1406.36
4,5528,0.232757,5.10838727e-05,1406.80
4,5530,0.213650,5.10808713e-05,1407.27
4,5532,0.228327,5.10778736e-05,1407.76
4,5534,0.236241,5.10748760e-05,1408.29
4,5536,0.251997,5.10718783e-05,1408.77
4,5538,0.240892,5.10688769e-05,1409.20
4,5540,0.222083,5.10658829e-05,1409.72
4,5542,0.210773,5.10628815e-05,1410.18
4,5544,0.215047,5.10598875e-05,1410.66
4,5546,0.186979,5.10568862e-05,1411.17
4,5548,0.264170,5.10538848e-05,1411.67
4,5550,0.231340,5.10508871e-05,1412.13
4,5552,0.184328,5.10478894e-05,1412.58
4,5554,0.202056,5.10448881e-05,1413.01
4,5556,0.214945,5.10418904e-05,1413.50
4,5558,0.200210,5.10388854e-05,1414.02
4,5560,0.216882,5.10358914e-05,1414.53
4,5562,0.230416,5.10328900e-05,1415.04
4,5564,0.243579,5.10298923e-05,1415.52
4,5566,0.249810,5.10268910e-05,1416.05
4,5568,0.208517,5.10238897e-05,1416.51
4,5570,0.188448,5.10208883e-05,1416.98
4,5572,0.242347,5.10178870e-05,1417.43
4,5574,0.208297,5.10148857e-05,1417.96
4,5576,0.253442,5.10118880e-05,1418.42
4,5578,0.205596,5.10088867e-05,1418.94
4,5580,0.187544,5.10058817e-05,1419.43
4,5582,0.205038,5.10028840e-05,1419.88
4,5584,0.232829,5.09998827e-05,1420.36
4,5586,0.229830,5.09968813e-05,1420.87
4,5588,0.231213,5.09938764e-05,1421.33
4,5590,0.254764,5.09908750e-05,1421.83
4,5592,0.256215,5.09878773e-05,1422.30
4,5594,0.237725,5.09848724e-05,1422.76
4,5596,0.230728,5.09818710e-05,1423.27
4,5598,0.212372,5.09788661e-05,1423.85
4,5600,0.211595,5.09758647e-05,1424.42
4,5602,0.239299,5.09728598e-05,1424.99
4,5604,0.202022,5.09698584e-05,1425.56
4,5606,0.217973,5.09668571e-05,1426.06
4,5608,0.214364,5.09638521e-05,1426.50
4,5610,0.239924,5.09608471e-05,1427.05
4,5612,0.213361,5.09578422e-05,1427.49
4,5614,0.222826,5.09548408e-05,1428.01
4,5616,0.221883,5.09518359e-05,1428.49
4,5618,0.243769,5.09488309e-05,1428.98
4,5620,0.232614,5.09458259e-05,1429.47
4,5622,0.267865,5.09428246e-05,1430.00
4,5624,0.209331,5.09398233e-05,1430.52
4,5626,0.229000,5.09368147e-05,1431.05
4,5628,0.201778,5.09338097e-05,1431.54
4,5630,0.248316,5.09308084e-05,1432.02
4,5632,0.185594,5.09278034e-05,1432.46
4,5634,0.236020,5.09247948e-05,1432.97
4,5636,0.238917,5.09217898e-05,1433.40
4,5638,0.195002,5.09187812e-05,1433.87
4,5640,0.247338,5.09157762e-05,1434.39
4,5642,0.199751,5.09127749e-05,1434.84
4,5644,0.231824,5.09097699e-05,1435.39
4,5646,0.231199,5.09067613e-05,1435.93
4,5648,0.251190,5.09037527e-05,1436.42
4,5650,0.228105,5.09007477e-05,1436.97
4,5652,0.230381,5.08977391e-05,1437.52
4,5654,0.209118,5.08947342e-05,1438.03
4,5656,0.250714,5.08917292e-05,1438.51
4,5658,0.205731,5.08887206e-05,1439.00
4,5660,0.273155,5.08857120e-05,1439.52
4,5662,0.228990,5.08827070e-05,1439.99
4,5664,0.243142,5.08796984e-05,1440.50
4,5666,0.264520,5.08766898e-05,1441.04
4,5668,0.238420,5.08736848e-05,1441.58
4,5670,0.236765,5.08706762e-05,1442.11
4,5672,0.269202,5.08676712e-05,1442.58
4,5674,0.237054,5.08646590e-05,1443.11
4,5676,0.242457,5.08616504e-05,1443.54
4,5678,0.226020,5.08586418e-05,1444.07
4,5680,0.214235,5.08556332e-05,1444.53
4,5682,0.207989,5.08526246e-05,1445.02
4,5684,0.243179,5.08496123e-05,1445.47
4,5686,0.207331,5.08466037e-05,1445.99
4,5688,0.195353,5.08436024e-05,1446.45
4,5690,0.193379,5.08405901e-05,1446.93
4,5692,0.263488,5.08375815e-05,1447.40
4,5694,0.233143,5.08345693e-05,1447.88
4,5696,0.218579,5.08315607e-05,1448.38
4,5698,0.231501,5.08285484e-05,1448.81
4,5700,0.217251,5.08255398e-05,1449.29
4,5702,0.234420,5.08225276e-05,1449.77
4,5704,0.236598,5.08195226e-05,1450.25
4,5706,0.256429,5.08165103e-05,1450.76
4,5708,0.219786,5.08134981e-05,1451.25
4,5710,0.227239,5.08104858e-05,1451.74
4,5712,0.224140,5.08074736e-05,1452.25
4,5714,0.206105,5.08044650e-05,1452.79
4,5716,0.227344,5.08014527e-05,1453.28
4,5718,0.230812,5.07984405e-05,1453.87
4,5720,0.204536,5.07954319e-05,1454.41
4,5722,0.251903,5.07924196e-05,1454.90
4,5724,0.216775,5.07894074e-05,1455.39
4,5726,0.218160,5.07863951e-05,1455.89
4,5728,0.241746,5.07833829e-05,1456.35
4,5730,0.197866,5.07803707e-05,1456.88
4,5732,0.218543,5.07773584e-05,1457.30
4,5734,0.224779,5.07743462e-05,1457.85
4,5736,0.198412,5.07713303e-05,1458.35
4,5738,0.213889,5.07683180e-05,1458.81
4,5740,0.218297,5.07653058e-05,1459.26
4,5742,0.268277,5.07622935e-05,1459.80
4,5744,0.235077,5.07592777e-05,1460.34
4,5746,0.225666,5.07562654e-05,1460.79
4,5748,0.248052,5.07532495e-05,1461.27
4,5750,0.236858,5.07502373e-05,1461.81
4,5752,0.229044,5.07472250e-05,1462.29
4,5754,0.207034,5.07442128e-05,1462.76
4,5756,0.207194,5.07412005e-05,1463.24
4,5758,0.280951,5.07381810e-05,1463.80
4,5760,0.199285,5.07351651e-05,1464.26
4,5762,0.261290,5.07321529e-05,1464.78
4,5764,0.249038,5.07291370e-05,1465.26
4,5766,0.224244,5.07261211e-05,1465.78
4,5768,0.203544,5.07231089e-05,1466.25
4,5770,0.239350,5.07200966e-05,1466.79
4,5772,0.269155,5.07170807e-05,1467.31
4,5774,0.215977,5.07140612e-05,1467.79
4,5776,0.221119,5.07110453e-05,1468.30
4,5778,0.222993,5.07080294e-05,1468.79
4,5780,0.199997,5.07050136e-05,1469.28
4,5782,0.221689,5.07019977e-05,1469.76
4,5784,0.254529,5.06989854e-05,1470.27
4,5786,0.243111,5.06959659e-05,1470.72
4,5788,0.248105,5.06929500e-05,1471.18
4,5790,0.232766,5.06899305e-05,1471.69
4,5792,0.238404,5.06869183e-05,1472.15
4,5794,0.270589,5.06838951e-05,1472.63
4,5796,0.221877,5.06808792e-05,1473.08
4,5798,0.247138,5.06778633e-05,1473.62
4,5800,0.228864,5.06748474e-05,1474.09
4,5802,0.223868,5.06718316e-05,1474.73
4,5804,0.228344,5.06688084e-05,1475.25
4,5806,0.199349,5.06657925e-05,1475.69
4,5808,0.209456,5.06627766e-05,1476.24
4,5810,0.219802,5.06597571e-05,1476.71
4,5812,0.209028,5.06567339e-05,1477.14
4,5814,0.208425,5.06537181e-05,1477.62
4,5816,0.241641,5.06507022e-05,1478.09
4,5818,0.248448,5.06476863e-05,1478.59
4,5820,0.204235,5.06446631e-05,1479.12
4,5822,0.166164,5.06416436e-05,1479.65
4,5824,0.237936,5.06386277e-05,1480.13
4,5826,0.230413,5.06356046e-05,1480.61
4,5828,0.248641,5.06325850e-05,1481.10
4,5830,0.242745,5.06295655e-05,1481.58
4,5832,0.229629,5.06265424e-05,1482.13
4,5834,0.261480,5.06235265e-05,1482.67
4,5836,0.204066,5.06205070e-05,1483.24
4,5838,0.231095,5.06174911e-05,1483.78
4,5840,0.252734,5.06144679e-05,1484.29
4,5842,0.249530,5.06114447e-05,1484.76
4,5844,0.233936,5.06084252e-05,1485.32
4,5846,0.238265,5.06054021e-05,1485.88
4,5848,0.232856,5.06023825e-05,1486.39
4,5850,0.239828,5.05993667e-05,1486.85
4,5852,0.229822,5.05963435e-05,1487.35
4,5854,0.247498,5.05933203e-05,1487.81
4,5856,0.215605,5.05902972e-05,1488.29
4,5858,0.238086,5.05872740e-05,1488.76
4,5860,0.211308,5.05842545e-05,1489.22
4,5862,0.224854,5.05812313e-05,1489.66
4,5864,0.202330,5.05782118e-05,1490.25
4,5866,0.247661,5.05751923e-05,1490.74
4,5868,0.225224,5.05721655e-05,1491.20
4,5870,0.265850,5.05691460e-05,1491.67
4,5872,0.226289,5.05661192e-05,1492.21
4,5874,0.249504,5.05630996e-05,1492.73
4,5876,0.217620,5.05600729e-05,1493.24
4,5878,0.216816,5.05570497e-05,1493.76
4,5880,0.217642,5.05540302e-05,1494.32
4,5882,0.189232,5.05510070e-05,1494.79
4,5884,0.234100,5.05479838e-05,1495.26
4,5886,0.215429,5.05449570e-05,1495.73
4,5888,0.256067,5.05419339e-05,1496.20
4,5890,0.233757,5.05389071e-05,1496.72
4,5892,0.225132,5.05358876e-05,1497.19
4,5894,0.237358,5.05328571e-05,1497.64
4,5896,0.283385,5.05298376e-05,1498.08
4,5898,0.239331,5.05268181e-05,1498.59
4,5900,0.216314,5.05237876e-05,1499.03
4,5902,0.209978,5.05207645e-05,1499.55
4,5904,0.241090,5.05177377e-05,1500.21
4,5906,0.243528,5.05147145e-05,1500.77
4,5908,0.215749,5.05116877e-05,1501.30
4,5910,0.240150,5.05086646e-05,1501.74
4,5912,0.233985,5.05056378e-05,1502.36
4,5914,0.239985,5.05026146e-05,1502.86
4,5916,0.249997,5.04995878e-05,1503.35
4,5918,0.230260,5.04965610e-05,1503.90
4,5920,0.199732,5.04935342e-05,1504.42
4,5922,0.253111,5.04905111e-05,1504.94
4,5924,0.226757,5.04874806e-05,1505.43
4,5926,0.255564,5.04844502e-05,1505.92
4,5928,0.208867,5.04814270e-05,1506.37
4,5930,0.215025,5.04784002e-05,1506.83
4,5932,0.206674,5.04753771e-05,1507.28
4,5934,0.259528,5.04723466e-05,1507.74
4,5936,0.238675,5.04693198e-05,1508.23
4,5938,0.196569,5.04662930e-05,1508.72
4,5940,0.201819,5.04632626e-05,1509.28
4,5942,0.244361,5.04602358e-05,1509.83
4,5944,0.227582,5.04572054e-05,1510.29
4,5946,0.233954,5.04541822e-05,1510.83
4,5948,0.272077,5.04511554e-05,1511.28
4,5950,0.244765,5.04481286e-05,1511.77
4,5952,0.263345,5.04450982e-05,1512.34
4,5954,0.249970,5.04420677e-05,1512.87
4,5956,0.205198,5.04390409e-05,1513.38
4,5958,0.241296,5.04360105e-05,1513.86
4,5960,0.217188,5.04329801e-05,1514.38
4,5962,0.223426,5.04299533e-05,1514.86
4,5964,0.213139,5.04269228e-05,1515.38
4,5966,0.245877,5.04238924e-05,1515.89
4,5968,0.189033,5.04208656e-05,1516.40
4,5970,0.248058,5.04178352e-05,1516.92
4,5972,0.209353,5.04148011e-05,1517.44
4,5974,0.196577,5.04117743e-05,1517.88
4,5976,0.217980,5.04087402e-05,1518.34
4,5978,0.229261,5.04057170e-05,1518.90
4,5980,0.232691,5.04026830e-05,1519.33
4,5982,0.211822,5.03996525e-05,1519.85
4,5984,0.214411,5.03966221e-05,1520.31
4,5986,0.207896,5.03935917e-05,1520.85
4,5988,0.226197,5.03905576e-05,1521.37
4,5990,0.247838,5.03875272e-05,1521.91
4,5992,0.219643,5.03844931e-05,1522.47
4,5994,0.215226,5.03814663e-05,1522.89
4,5996,0.250586,5.03784358e-05,1523.33
4,5998,0.258153,5.03754018e-05,1523.83
4,6000,0.203397,5.03723713e-05,1524.30
4,6002,0.247732,5.03693373e-05,1524.86
4,6004,0.213636,5.03663068e-05,1525.35
4,6006,0.223430,5.03632691e-05,1525.84
4,6008,0.235877,5.03602423e-05,1526.35
4,6010,0.195455,5.03572119e-05,1526.90
4,6012,0.240547,5.03541778e-05,1527.37
4,6014,0.218864,5.03511437e-05,1527.86
4,6016,0.213032,5.03481097e-05,1528.36
4,6018,0.206687,5.03450792e-05,1528.82
4,6020,0.231311,5.03420415e-05,1529.33
4,6022,0.237899,5.03390074e-05,1529.81
4,6024,0.236199,5.03359734e-05,1530.33
4,6026,0.210682,5.03329466e-05,1530.85
4,6028,0.226534,5.03299088e-05,1531.32
4,6030,0.222194,5.03268748e-05,1531.87
4,6032,0.234617,5.03238407e-05,1532.38
4,6034,0.223056,5.03208030e-05,1532.88
4,6036,0.206645,5.03177725e-05,1533.42
4,6038,0.214853,5.03147385e-05,1533.92
4,6040,0.219614,5.03117008e-05,1534.42
4,6042,0.229813,5.03086703e-05,1534.90
4,6044,0.218724,5.03056326e-05,1535.39
4,6046,0.239456,5.03025949e-05,1535.85
4,6048,0.246267,5.02995645e-05,1536.34
4,6050,0.220122,5.02965268e-05,1536.81
4,6052,0.203415,5.02934927e-05,1537.29
4,6054,0.203650,5.02904550e-05,1537.76
4,6056,0.243083,5.02874173e-05,1538.24
4,6058,0.221274,5.02843832e-05,1538.75
4,6060,0.224891,5.02813491e-05,1539.23
4,6062,0.214832,5.02783150e-05,1539.77
4,6064,0.229483,5.02752773e-05,1540.23
4,6066,0.202202,5.02722396e-05,1540.73
4,6068,0.261747,5.02692019e-05,1541.26
4,6070,0.249062,5.02661642e-05,1541.76
4,6072,0.210127,5.02631265e-05,1542.19
4,6074,0.234748,5.02600924e-05,1542.71
4,6076,0.241898,5.02570547e-05,1543.19
4,6078,0.197833,5.02540170e-05,1543.71
4,6080,0.238862,5.02509756e-05,1544.16
4,6082,0.208249,5.02479379e-05,1544.70
4,6084,0.198711,5.02449002e-05,1545.20
4,6086,0.246820,5.02418625e-05,1545.64
4,6088,0.180310,5.02388248e-05,1546.11
4,6090,0.273812,5.02357907e-05,1546.62
4,6092,0.252880,5.02327530e-05,1547.10
4,6094,0.241359,5.02297153e-05,1547.60
4,6096,0.197389,5.02266739e-05,1548.08
4,6098,0.205008,5.02236362e-05,1548.60
4,6100,0.221903,5.02205949e-05,1549.11
4,6102,0.269112,5.02175571e-05,1549.58
4,6104,0.196211,5.02145158e-05,1550.12
4,6106,0.262073,5.02114817e-05,1550.61
4,6108,0.219806,5.02084404e-05,1551.10
4,6110,0.222439,5.02053990e-05,1551.55
4,6112,0.237974,5.02023613e-05,1552.10
4,6114,0.203732,5.01993200e-05,1552.60
4,6116,0.253008,5.01962786e-05,1553.05
4,6118,0.246677,5.01932336e-05,1553.60
4,6120,0.250220,5.01901923e-05,1554.08
4,6122,0.188476,5.01871546e-05,1554.55
4,6124,0.242941,5.01841205e-05,1554.97
4,6126,0.254203,5.01810755e-05,1555.47
4,6128,0.219991,5.01780341e-05,1555.96
4,6130,0.222771,5.01749928e-05,1556.42
4,6132,0.199355,5.01719514e-05,1556.95
4,6134,0.256474,5.01689101e-05,1557.39
4,6136,0.198240,5.01658687e-05,1557.87
4,6138,0.250316,5.01628274e-05,1558.35
4,6140,0.227292,5.01597860e-05,1558.82
4,6142,0.210437,5.01567447e-05,1559.32
4,6144,0.189830,5.01537033e-05,1559.77
4,6146,0.221094,5.01506584e-05,1560.25
4,6148,0.217650,5.01476170e-05,1560.73
4,6150,0.207619,5.01445720e-05,1561.22
4,6152,0.227278,5.01415270e-05,1561.65
4,6154,0.217070,5.01384893e-05,1562.14
4,6156,0.208907,5.01354443e-05,1562.62
4,6158,0.219747,5.01324030e-05,1563.06
4,6160,0.265114,5.01293616e-05,1563.60
4,6162,0.233860,5.01263166e-05,1564.09
4,6164,0.249749,5.01232680e-05,1564.66
4,6166,0.203922,5.01202267e-05,1565.20
4,6168,0.239409,5.01171817e-05,1565.65
4,6170,0.193469,5.01141403e-05,1566.11
4,6172,0.226532,5.01110990e-05,1566.59
4,6174,0.189797,5.01080540e-05,1567.11
4,6176,0.202937,5.01050126e-05,1567.61
4,6178,0.243624,5.01019640e-05,1568.09
4,6180,0.245149,5.00989190e-05,1568.65
4,6182,0.231515,5.00958740e-05,1569.17
4,6184,0.241788,5.00928290e-05,1569.76
4,6186,0.217834,5.00897877e-05,1570.24
4,6188,0.249869,5.00867427e-05,1570.75
4,6190,0.214776,5.00836941e-05,1571.24
4,6192,0.217268,5.00806491e-05,1571.73
4,6194,0.212501,5.00776041e-05,1572.28
4,6196,0.239443,5.00745591e-05,1572.82
4,6198,0.240113,5.00715105e-05,1573.28
4,6200,0.240312,5.00684619e-05,1573.77
4,6202,0.245709,5.00654205e-05,1574.30
4,6204,0.184095,5.00623755e-05,1574.85
4,6206,0.243503,5.00593305e-05,1575.33
4,6208,0.238415,5.00562783e-05,1575.85
4,6210,0.260080,5.00532333e-05,1576.35
4,6212,0.215667,5.00501883e-05,1576.82
4,6214,0.213914,5.00471360e-05,1577.38
4,6216,0.225619,5.00440910e-05,1577.85
4,6218,0.249134,5.00410461e-05,1578.35
4,6220,0.233213,5.00380011e-05,1578.85
4,6222,0.239436,5.00349488e-05,1579.33
4,6224,0.214825,5.00319038e-05,1579.87
4,6226,0.248020,5.00288552e-05,1580.36
4,6228,0.233727,5.00258029e-05,1580.88
4,6230,0.209065,5.00227579e-05,1581.43
4,6232,0.219256,5.00197093e-05,1581.88
4,6234,0.218557,5.00166643e-05,1582.34
4,6236,0.212897,5.00136121e-05,1582.85
4,6238,0.265119,5.00105671e-05,1583.37
4,6240,0.218196,5.00075184e-05,1583.81
4,6242,0.205894,5.00044662e-05,1584.28
4,6244,0.216698,5.00014175e-05,1584.72
4,6246,0.237973,4.99983653e-05,1585.26
4,6248,0.274940,4.99953167e-05,1585.84
4,6250,0.264224,4.99922717e-05,1586.38
4,6252,0.207463,4.99892230e-05,1586.88
4,6254,0.224018,4.99861708e-05,1587.41
4,6256,0.236702,4.99831222e-05,1587.94
4,6258,0.213441,4.99800699e-05,1588.55
4,6260,0.225269,4.99770213e-05,1589.04
4,6262,0.238266,4.99739690e-05,1589.51
4,6264,0.207462,4.99709167e-05,1589.96
4,6266,0.214736,4.99678717e-05,1590.39
4,6268,0.233741,4.99648158e-05,1590.88
4,6270,0.225285,4.99617672e-05,1591.43
4,6272,0.230906,4.99587186e-05,1591.92
4,6274,0.219383,4.99556627e-05,1592.47
4,6276,0.237280,4.99526141e-05,1593.03
4,6278,0.247335,4.99495582e-05,1593.51
4,6280,0.234869,4.99465095e-05,1594.00
4,6282,0.246670,4.99434609e-05,1594.51
4,6284,0.190796,4.99404050e-05,1595.08
4,6286,0.221005,4.99373564e-05,1595.60
4,6288,0.254357,4.99343005e-05,1596.09
4,6290,0.254878,4.99312519e-05,1596.56
4,6292,0.230370,4.99281959e-05,1597.06
4,6294,0.217984,4.99251437e-05,1597.52
4,6296,0.247841,4.99220878e-05,1598.07
4,6298,0.255997,4.99190428e-05,1598.53
4,6300,0.215023,4.99159869e-05,1599.00
4,6302,0.247260,4.99129346e-05,1599.50
4,6304,0.181069,4.99098787e-05,1599.94
4,6306,0.178238,4.99068265e-05,1600.46
4,6308,0.217467,4.99037706e-05,1600.96
4,6310,0.210212,4.99007183e-05,1601.43
4,6312,0.230780,4.98976624e-05,1601.90
4,6314,0.234218,4.98946138e-05,1602.42
4,6316,0.250253,4.98915579e-05,1602.94
4,6318,0.182979,4.98885020e-05,1603.41
4,6320,0.269387,4.98854461e-05,1603.91
4,6322,0.264211,4.98823938e-05,1604.42
4,6324,0.240457,4.98793379e-05,1604.89
4,6326,0.244011,4.98762856e-05,1605.42
4,6328,0.212003,4.98732297e-05,1605.90
4,6330,0.169171,4.98701775e-05,1606.37
4,6332,0.216999,4.98671216e-05,1606.85
4,6334,0.249329,4.98640657e-05,1607.34
4,6336,0.248167,4.98610098e-05,1607.83
4,6338,0.206166,4.98579502e-05,1608.32
4,6340,0.212034,4.98548980e-05,1608.86
4,6342,0.226648,4.98518384e-05,1609.37
4,6344,0.228938,4.98487861e-05,1609.90
4,6346,0.232955,4.98457302e-05,1610.41
4,6348,0.215719,4.98426707e-05,1610.89
4,6350,0.226204,4.98396184e-05,1611.39
4,6352,0.202532,4.98365589e-05,1611.84
4,6354,0.232270,4.98335030e-05,1612.36
4,6356,0.242291,4.98304471e-05,1612.88
4,6358,0.223740,4.98273876e-05,1613.35
4,6360,0.271992,4.98243317e-05,1613.80
4,6362,0.221271,4.98212758e-05,1614.34
4,6364,0.206565,4.98182198e-05,1614.90
4,6366,0.212145,4.98151603e-05,1615.38
4,6368,0.231946,4.98121008e-05,1615.86
4,6370,0.187509,4.98090449e-05,1616.34
4,6372,0.204172,4.98059853e-05,1616.85
4,6374,0.247074,4.98029258e-05,1617.35
4,6376,0.241487,4.97998699e-05,1617.82
4,6378,0.209967,4.97968103e-05,1618.29
4,6380,0.211954,4.97937544e-05,1618.76
4,6382,0.239926,4.97906949e-05,1619.24
4,6384,0.215227,4.97876354e-05,1619.71
4,6386,0.208470,4.97845758e-05,1620.19
4,6388,0.225590,4.97815163e-05,1620.68
4,6390,0.211573,4.97784567e-05,1621.15
4,6392,0.233998,4.97753972e-05,1621.66
4,6394,0.206350,4.97723340e-05,1622.14
4,6396,0.230344,4.97692818e-05,1622.61
4,6398,0.217986,4.97662186e-05,1623.17
4,6400,0.221556,4.97631590e-05,1623.68
4,6402,0.216767,4.97601031e-05,1624.17
4,6404,0.236474,4.97570400e-05,1624.68
4,6406,0.204305,4.97539768e-05,1625.18
4,6408,0.224897,4.97509172e-05,1625.62
4,6410,0.193062,4.97478577e-05,1626.12
4,6412,0.217712,4.97447982e-05,1626.67
4,6414,0.207103,4.97417350e-05,1627.12
4,6416,0.211006,4.97386791e-05,1627.64
4,6418,0.215560,4.97356159e-05,1628.14
4,6420,0.204250,4.97325527e-05,1628.73
4,6422,0.235834,4.97294895e-05,1629.26
4,6424,0.218881,4.97264264e-05,1629.75
4,6426,0.208701,4.97233705e-05,1630.19
4,6428,0.224981,4.97203073e-05,1630.68
4,6430,0.232884,4.97172441e-05,1631.16
4,6432,0.248307,4.97141809e-05,1631.63
4,6434,0.238057,4.97111178e-05,1632.11
4,6436,0.232622,4.97080582e-05,1632.57
4,6438,0.219101,4.97049950e-05,1633.06
4,6440,0.237879,4.97019319e-05,1633.53
4,6442,0.200284,4.96988687e-05,1633.98
4,6444,0.258455,4.96958055e-05,1634.45
4,6446,0.246929,4.96927460e-05,1634.92
4,6448,0.220817,4.96896828e-05,1635.34
4,6450,0.208761,4.96866196e-05,1635.82
4,6452,0.231248,4.96835528e-05,1636.38
4,6454,0.226608,4.96804896e-05,1636.85
4,6456,0.200151,4.96774228e-05,1637.39
4,6458,0.226984,4.96743596e-05,1637.89
4,6460,0.227699,4.96713001e-05,1638.36
4,6462,0.226014,4.96682369e-05,1638.85
4,6464,0.229033,4.96651737e-05,1639.31
4,6466,0.245378,4.96621069e-05,1639.87
4,6468,0.216629,4.96590401e-05,1640.32
4,6470,0.278615,4.96559769e-05,1640.79
4,6472,0.212542,4.96529101e-05,1641.30
4,6474,0.197815,4.96498433e-05,1641.75
4,6476,0.215523,4.96467801e-05,1642.30
4,6478,0.239713,4.96437206e-05,1642.73
4,6480,0.226853,4.96406537e-05,1643.20
4,6482,0.241866,4.96375869e-05,1643.76
4,6484,0.195986,4.96345201e-05,1644.22
4,6486,0.199438,4.96314533e-05,1644.75
4,6488,0.240123,4.96283865e-05,1645.30
4,6490,0.238101,4.96253197e-05,1645.83
4,6492,0.182105,4.96222565e-05,1646.35
4,6494,0.216290,4.96191897e-05,1646.91
4,6496,0.245564,4.96161229e-05,1647.48
4,6498,0.206939,4.96130560e-05,1648.06
4,6500,0.216844,4.96099892e-05,1648.60
4,6502,0.253353,4.96069224e-05,1649.10
4,6504,0.220932,4.96038556e-05,1649.56
4,6506,0.203212,4.96007851e-05,1650.04
4,6508,0.242648,4.95977220e-05,1650.52
4,6510,0.223675,4.95946588e-05,1651.01
4,6512,0.214370,4.95915847e-05,1651.47
4,6514,0.190193,4.95885179e-05,1651.96
4,6516,0.197292,4.95854474e-05,1652.46
4,6518,0.233947,4.95823806e-05,1653.00
4,6520,0.189395,4.95793138e-05,1653.50
4,6522,0.215612,4.95762433e-05,1654.00
4,6524,0.237522,4.95731838e-05,1654.44
4,6526,0.211634,4.95701097e-05,1654.92
4,6528,0.244522,4.95670392e-05,1655.41
4,6530,0.187683,4.95639724e-05,1655.95
4,6532,0.237341,4.95609020e-05,1656.44
4,6534,0.202376,4.95578352e-05,1656.91
4,6536,0.227894,4.95547647e-05,1657.37
4,6538,0.217875,4.95516942e-05,1657.88
4,6540,0.248997,4.95486274e-05,1658.31
4,6542,0.248692,4.95455606e-05,1658.82
4,6544,0.234075,4.95424902e-05,1659.35
4,6546,0.245339,4.95394197e-05,1659.82
4,6548,0.202646,4.95363493e-05,1660.30
4,6550,0.210762,4.95332788e-05,1660.85
4,6552,0.236928,4.95302083e-05,1661.36
4,6554,0.222580,4.95271379e-05,1661.83
4,6556,0.219488,4.95240711e-05,1662.31
4,6558,0.220269,4.95209970e-05,1662.87
4,6560,0.222755,4.95179229e-05,1663.34
4,6562,0.238695,4.95148524e-05,1663.87
4,6564,0.229253,4.95117820e-05,1664.37
4,6566,0.178654,4.95087115e-05,1664.86
4,6568,0.239089,4.95056411e-05,1665.35
4,6570,0.225533,4.95025706e-05,1665.84
4,6572,0.250525,4.94995002e-05,1666.35
4,6574,0.193747,4.94964297e-05,1666.82
4,6576,0.254564,4.94933556e-05,1667.24
4,6578,0.214947,4.94902815e-05,1667.72
4,6580,0.221347,4.94872111e-05,1668.20
4,6582,0.189488,4.94841370e-05,1668.66
4,6584,0.217475,4.94810665e-05,1669.10
4,6586,0.229336,4.94779888e-05,1669.54
4,6588,0.222756,4.94749220e-05,1670.11
4,6590,0.229727,4.94718479e-05,1670.59
4,6592,0.233416,4.94687738e-05,1671.11
4,6594,0.218175,4.94657033e-05,1671.60
4,6596,0.224229,4.94626292e-05,1672.05
4,6598,0.210007,4.94595515e-05,1672.52
4,6600,0.233926,4.94564811e-05,1673.01
4,6602,0.213685,4.94534070e-05,1673.48
4,6604,0.224163,4.94503365e-05,1673.95
4,6606,0.236834,4.94472624e-05,1674.42
4,6608,0.218501,4.94441847e-05,1674.92
4,6610,0.215306,4.94411106e-05,1675.37
4,6612,0.231013,4.94380365e-05,1675.85
4,6614,0.204188,4.94349624e-05,1676.32
4,6616,0.227214,4.94318847e-05,1676.78
4,6618,0.202184,4.94288106e-05,1677.29
4,6620,0.215663,4.94257401e-05,1677.76
4,6622,0.250725,4.94226661e-05,1678.33
4,6624,0.228239,4.94195920e-05,1678.82
4,6626,0.213525,4.94165142e-05,1679.31
4,6628,0.243571,4.94134401e-05,1679.79
4,6630,0.212496,4.94103624e-05,1680.26
4,6632,0.225239,4.94072847e-05,1680.69
4,6634,0.213211,4.94042106e-05,1681.24
4,6636,0.225542,4.94011365e-05,1681.73
4,6638,0.229668,4.93980624e-05,1682.16
4,6640,0.206814,4.93949810e-05,1682.64
4,6642,0.219137,4.93919069e-05,1683.19
4,6644,0.176264,4.93888328e-05,1683.68
4,6646,0.227101,4.93857515e-05,1684.19
4,6648,0.228581,4.93826738e-05,1684.78
4,6650,0.216608,4.93795997e-05,1685.25
4,6652,0.198106,4.93765219e-05,1685.82
4,6654,0.206903,4.93734478e-05,1686.33
4,6656,0.209913,4.93703701e-05,1686.90
4,6658,0.211520,4.93672960e-05,1687.39
4,6660,0.200980,4.93642146e-05,1687.91
4,6662,0.228371,4.93611369e-05,1688.38
4,6664,0.222294,4.93580555e-05,1688.88
4,6666,0.220492,4.93549778e-05,1689.47
4,6668,0.194910,4.93519074e-05,1689.99
4,6670,0.208978,4.93488260e-05,1690.58
4,6672,0.189372,4.93457483e-05,1691.10
4,6674,0.225976,4.93426705e-05,1691.64
4,6676,0.220983,4.93395892e-05,1692.11
4,6678,0.206923,4.93365114e-05,1692.59
4,6680,0.235167,4.93334301e-05,1693.09
4,6682,0.233149,4.93303523e-05,1693.57
4,6684,0.190782,4.93272746e-05,1694.10
4,6686,0.235801,4.93241932e-05,1694.58
4,6688,0.219467,4.93211155e-05,1695.08
4,6690,0.239709,4.93180378e-05,1695.61
4,6692,0.220390,4.93149564e-05,1696.09
4,6694,0.233783,4.93118787e-05,1696.59
4,6696,0.213809,4.93087937e-05,1697.06
4,6698,0.230877,4.93057159e-05,1697.61
4,6700,0.241477,4.93026419e-05,1698.07
4,6702,0.211705,4.92995568e-05,1698.55
4,6704,0.211616,4.92964791e-05,1699.06
4,6706,0.219892,4.92933941e-05,1699.55
4,6708,0.249876,4.92903164e-05,1700.14
4,6710,0.234686,4.92872314e-05,1700.69
4,6712,0.218284,4.92841536e-05,1701.21
4,6714,0.218114,4.92810686e-05,1701.72
4,6716,0.222759,4.92779909e-05,1702.20
4,6718,0.207189,4.92749095e-05,1702.75
4,6720,0.229566,4.92718282e-05,1703.27
4,6722,0.253814,4.92687432e-05,1703.82
4,6724,0.213645,4.92656654e-05,1704.30
4,6726,0.217992,4.92625804e-05,1704.81
4,6728,0.221062,4.92594991e-05,1705.30
4,6730,0.239939,4.92564141e-05,1705.84
4,6732,0.224222,4.92533363e-05,1706.35
4,6734,0.244040,4.92502513e-05,1706.77
4,6736,0.215001,4.92471736e-05,1707.36
4,6738,0.242521,4.92440849e-05,1707.82
4,6740,0.233715,4.92410072e-05,1708.30
4,6742,0.196305,4.92379186e-05,1708.77
4,6744,0.228158,4.92348408e-05,1709.24
4,6746,0.229994,4.92317522e-05,1709.72
4,6748,0.240266,4.92286745e-05,1710.19
4,6750,0.240807,4.92255895e-05,1710.72
4,6752,0.214903,4.92225081e-05,1711.22
4,6754,0.206654,4.92194231e-05,1711.72
4,6756,0.217387,4.92163381e-05,1712.21
4,6758,0.176596,4.92132531e-05,1712.68
4,6760,0.224291,4.92101681e-05,1713.13
4,6762,0.223088,4.92070867e-05,1713.55
4,6764,0.223799,4.92040017e-05,1714.05
4,6766,0.229407,4.92009203e-05,1714.52
4,6768,0.210394,4.91978317e-05,1715.00
4,6770,0.219729,4.91947467e-05,1715.47
4,6772,0.221792,4.91916617e-05,1715.99
4,6774,0.209211,4.91885767e-05,1716.46
4,6776,0.230873,4.91854880e-05,1716.91
4,6778,0.243766,4.91824030e-05,1717.41
4,6780,0.225734,4.91793216e-05,1717.84
4,6782,0.238666,4.91762366e-05,1718.40
4,6784,0.216332,4.91731480e-05,1718.91
4,6786,0.244366,4.91700630e-05,1719.44
4,6788,0.214243,4.91669780e-05,1719.93
4,6790,0.231983,4.91638893e-05,1720.48
4,6792,0.243067,4.91608043e-05,1720.97
4,6794,0.221526,4.91577193e-05,1721.46
4,6796,0.282539,4.91546343e-05,1721.99
4,6798,0.234012,4.91515493e-05,1722.45
4,6800,0.217749,4.91484607e-05,1723.00
4,6802,0.207527,4.91453720e-05,1723.47
4,6804,0.218632,4.91422834e-05,1723.92
4,6806,0.232601,4.91391984e-05,1724.49
4,6808,0.236227,4.91361097e-05,1725.00
4,6810,0.240245,4.91330211e-05,1725.52
4,6812,0.185263,4.91299397e-05,1726.01
4,6814,0.195201,4.91268474e-05,1726.46
4,6816,0.246669,4.91237588e-05,1726.93
4,6818,0.216779,4.91206738e-05,1727.40
4,6820,0.214518,4.91175815e-05,1727.88
4,6822,0.181496,4.91144929e-05,1728.38
4,6824,0.188407,4.91114042e-05,1728.88
4,6826,0.234636,4.91083192e-05,1729.34
4,6828,0.181073,4.91052306e-05,1729.95
4,6830,0.225867,4.91021419e-05,1730.49
4,6832,0.247412,4.90990533e-05,1731.00
4,6834,0.232177,4.90959646e-05,1731.51
4,6836,0.216343,4.90928724e-05,1731.96
4,6838,0.202532,4.90897837e-05,1732.51
4,6840,0.212029,4.90866914e-05,1732.98
4,6842,0.244984,4.90836064e-05,1733.47
4,6844,0.185908,4.90805178e-05,1733.94
4,6846,0.193197,4.90774255e-05,1734.45
4,6848,0.238295,4.90743405e-05,1734.89
4,6850,0.218229,4.90712482e-05,1735.36
4,6852,0.201415,4.90681559e-05,1735.88
4,6854,0.246952,4.90650636e-05,1736.47
4,6856,0.212012,4.90619714e-05,1737.00
4,6858,0.170452,4.90588827e-05,1737.43
5,0,0.196015,4.90573402e-05,1.69
5,2,0.247049,4.90542479e-05,2.21
5,4,0.245035,4.90511557e-05,2.67
5,6,0.246206,4.90480670e-05,3.12
5,8,0.197436,4.90449747e-05,3.59
5,10,0.222138,4.90418861e-05,4.08
5,12,0.222917,4.90387938e-05,4.52
5,14,0.216636,4.90357015e-05,5.00
5,16,0.213992,4.90326056e-05,5.45
5,18,0.217137,4.90295206e-05,5.95
5,20,0.210537,4.90264247e-05,6.39
5,22,0.203095,4.90233324e-05,6.89
5,24,0.203731,4.90202401e-05,7.64
5,26,0.201036,4.90171515e-05,8.14
5,28,0.222899,4.90140555e-05,8.64
5,30,0.245353,4.90109669e-05,9.08
5,32,0.204124,4.90078746e-05,9.55
5,34,0.222340,4.90047787e-05,10.07
5,36,0.212260,4.90016828e-05,10.58
5,38,0.227685,4.89985905e-05,11.08
5,40,0.227050,4.89954982e-05,11.58
5,42,0.217533,4.89924059e-05,12.11
5,44,0.239079,4.89893137e-05,12.56
5,46,0.195669,4.89862177e-05,13.05
5,48,0.200861,4.89831218e-05,13.49
5,50,0.201807,4.89800332e-05,14.02
5,52,0.203594,4.89769373e-05,14.53
5,54,0.249545,4.89738413e-05,15.04
5,56,0.210787,4.89707490e-05,15.58
5,58,0.191452,4.89676568e-05,16.01
5,60,0.238598,4.89645608e-05,16.50
5,62,0.206991,4.89614649e-05,16.99
5,64,0.226677,4.89583690e-05,17.49
5,66,0.230040,4.89552731e-05,17.99
5,68,0.199849,4.89521772e-05,18.52
5,70,0.215998,4.89490849e-05,18.99
5,72,0.206464,4.89459890e-05,19.45
5,74,0.213157,4.89428930e-05,19.94
5,76,0.188906,4.89397971e-05,20.48
5,78,0.222673,4.89367012e-05,20.98
5,80,0.206013,4.89336053e-05,21.50
5,82,0.230770,4.89305094e-05,21.97
5,84,0.203083,4.89274134e-05,22.50
5,86,0.238305,4.89243175e-05,22.95
5,88,0.193103,4.89212180e-05,23.42
5,90,0.226776,4.89181257e-05,23.95
5,92,0.234125,4.89150298e-05,24.48
5,94,0.176006,4.89119302e-05,24.99
5,96,0.234443,4.89088343e-05,25.43
5,98,0.259468,4.89057347e-05,25.97
5,100,0.237416,4.89026388e-05,26.40
5,102,0.219985,4.88995429e-05,26.91
5,104,0.203597,4.88964433e-05,27.38
5,106,0.238139,4.88933510e-05,27.84
5,108,0.240635,4.88902515e-05,28.36
5,110,0.208391,4.88871519e-05,28.85
5,112,0.207278,4.88840560e-05,29.33
5,114,0.181539,4.88809565e-05,29.87
5,116,0.216728,4.88778569e-05,30.31
5,118,0.222108,4.88747610e-05,30.79
5,120,0.215397,4.88716614e-05,31.30
5,122,0.200025,4.88685655e-05,31.83
5,124,0.205699,4.88654623e-05,32.31
5,126,0.218236,4.88623664e-05,32.82
5,128,0.207558,4.88592668e-05,33.34
5,130,0.243331,4.88561673e-05,33.79
5,132,0.179482,4.88530677e-05,34.29
5,134,0.234807,4.88499682e-05,34.80
5,136,0.200368,4.88468686e-05,35.29
5,138,0.173614,4.88437727e-05,35.78
5,140,0.189768,4.88406731e-05,36.24
5,142,0.228748,4.88375736e-05,36.73
5,144,0.227294,4.88344704e-05,37.24
5,146,0.200316,4.88313672e-05,37.70
5,148,0.226494,4.88282712e-05,38.23
5,150,0.190074,4.88251681e-05,38.74
5,152,0.210506,4.88220685e-05,39.21
5,154,0.232136,4.88189726e-05,39.78
5,156,0.207639,4.88158730e-05,40.22
5,158,0.242083,4.88127662e-05,40.73
5,160,0.236295,4.88096666e-05,41.19
5,162,0.221224,4.88065634e-05,41.67
5,164,0.229919,4.88034639e-05,42.12
5,166,0.189128,4.88003607e-05,42.61
5,168,0.242497,4.87972575e-05,43.14
5,170,0.203173,4.87941579e-05,43.58
5,172,0.234159,4.87910584e-05,44.11
5,174,0.214696,4.87879552e-05,44.58
5,176,0.219260,4.87848556e-05,45.07
5,178,0.221788,4.87817488e-05,45.59
5,180,0.209100,4.87786456e-05,46.04
5,182,0.203304,4.87755460e-05,46.58
5,184,0.223258,4.87724428e-05,47.03
5,186,0.213033,4.87693433e-05,47.51
5,188,0.176803,4.87662364e-05,48.01
5,190,0.209369,4.87631332e-05,48.55
5,192,0.245884,4.87600337e-05,49.07
5,194,0.222688,4.87569305e-05,49.53
5,196,0.206707,4.87538236e-05,50.02
5,198,0.214987,4.87507205e-05,50.52
5,200,0.211202,4.87476173e-05,50.94
5,202,0.214359,4.87445177e-05,51.43
5,204,0.215271,4.87414109e-05,51.96
5,206,0.220889,4.87383077e-05,52.53
5,208,0.255917,4.87352045e-05,53.01
5,210,0.203366,4.87321013e-05,53.51
5,212,0.237606,4.87289944e-05,53.99
5,214,0.214467,4.87258912e-05,54.52
5,216,0.196052,4.87227844e-05,54.97
5,218,0.239100,4.87196812e-05,55.46
5,220,0.248387,4.87165780e-05,55.95
5,222,0.225941,4.87134712e-05,56.42
5,224,0.240436,4.87103644e-05,56.90
5,226,0.227132,4.87072575e-05,57.36
5,228,0.229487,4.87041543e-05,57.83
5,230,0.255513,4.87010475e-05,58.42
5,232,0.223741,4.86979407e-05,59.08
5,234,0.207544,4.86948411e-05,59.58
5,236,0.239412,4.86917306e-05,60.06
5,238,0.200054,4.86886274e-05,60.52
5,240,0.221239,4.86855206e-05,61.08
5,242,0.211056,4.86824174e-05,61.59
5,244,0.219329,4.86793069e-05,62.12
5,246,0.208186,4.86762001e-05,62.61
5,248,0.212292,4.86730933e-05,63.09
5,250,0.247686,4.86699901e-05,63.61
5,252,0.219788,4.86668832e-05,64.26
5,254,0.216505,4.86637728e-05,64.85
5,256,0.191822,4.86606659e-05,65.39
5,258,0.227852,4.86575555e-05,65.85
5,260,0.257380,4.86544523e-05,66.38
5,262,0.206287,4.86513454e-05,66.88
5,264,0.189134,4.86482350e-05,67.43
5,266,0.226704,4.86451318e-05,68.00
5,268,0.228733,4.86420249e-05,68.49
5,270,0.215328,4.86389144e-05,69.00
5,272,0.207186,4.86358076e-05,69.50
5,274,0.210899,4.86326971e-05,70.01
5,276,0.203865,4.86295867e-05,70.50
5,278,0.190603,4.86264762e-05,71.01
5,280,0.202618,4.86233694e-05,71.49
5,282,0.204037,4.86202662e-05,72.00
5,284,0.200135,4.86171521e-05,72.46
5,286,0.220151,4.86140452e-05,72.97
5,288,0.224094,4.86109348e-05,73.49
5,290,0.207588,4.86078279e-05,73.94
5,292,0.203162,4.86047138e-05,74.43
5,294,0.195375,4.86016070e-05,74.89
5,296,0.221449,4.85984929e-05,75.43
5,298,0.188165,4.85953897e-05,75.93
5,300,0.252456,4.85922756e-05,76.44
5,302,0.215028,4.85891687e-05,76.91
5,304,0.194491,4.85860546e-05,77.41
5,306,0.232493,4.85829478e-05,77.89
5,308,0.231630,4.85798337e-05,78.40
5,310,0.200554,4.85767232e-05,78.90
5,312,0.229240,4.85736127e-05,79.32
5,314,0.218267,4.85705059e-05,79.80
5,316,0.216702,4.85673918e-05,80.27
5,318,0.224119,4.85642813e-05,80.77
5,320,0.252107,4.85611708e-05,81.35
5,322,0.208247,4.85580604e-05,81.88
5,324,0.238985,4.85549463e-05,82.39
5,326,0.203989,4.85518358e-05,82.90
5,328,0.203062,4.85487217e-05,83.42
5,330,0.236008,4.85456148e-05,83.89
5,332,0.215191,4.85425007e-05,84.35
5,334,0.207882,4.85393866e-05,84.83
5,336,0.250177,4.85362762e-05,85.27
5,338,0.216176,4.85331620e-05,85.84
5,340,0.206141,4.85300516e-05,86.31
5,342,0.228323,4.85269375e-05,86.78
5,344,0.229741,4.85238270e-05,87.35
5,346,0.217041,4.85207129e-05,87.83
5,348,0.228822,4.85175988e-05,88.33
5,350,0.214049,4.85144883e-05,88.85
5,352,0.189255,4.85113742e-05,89.33
5,354,0.216722,4.85082637e-05,89.85
5,356,0.210492,4.85051460e-05,90.49
5,358,0.194703,4.85020319e-05,90.94
5,360,0.214838,4.84989177e-05,91.41
5,362,0.209820,4.84958036e-05,91.93
5,364,0.210912,4.84926932e-05,92.47
5,366,0.211035,4.84895791e-05,92.93
5,368,0.212465,4.84864649e-05,93.46
5,370,0.265819,4.84833508e-05,93.95
5,372,0.194349,4.84802331e-05,94.43
5,374,0.169145,4.84771190e-05,94.93
5,376,0.217269,4.84740049e-05,95.42
5,378,0.254472,4.84708871e-05,95.94
5,380,0.232242,4.84677803e-05,96.45
5,382,0.255767,4.84646625e-05,97.07
5,384,0.204588,4.84615448e-05,97.59
5,386,0.207973,4.84584270e-05,98.13
5,388,0.228188,4.84553166e-05,98.57
5,390,0.221531,4.84521988e-05,99.04
5,392,0.225512,4.84490811e-05,99.47
5,394,0.201221,4.84459670e-05,99.99
5,396,0.197409,4.84428529e-05,100.44
5,398,0.250938,4.84397351e-05,101.00
5,400,0.227664,4.84366210e-05,101.52
5,402,0.202658,4.84335033e-05,102.06
5,404,0.229846,4.84303855e-05,102.56
5,406,0.196024,4.84272678e-05,103.04
5,408,0.263623,4.84241536e-05,103.57
5,410,0.219034,4.84210359e-05,104.13
5,412,0.244869,4.84179218e-05,104.57
5,414,0.217933,4.84148040e-05,105.25
5,416,0.192741,4.84116863e-05,105.75
5,418,0.222760,4.84085685e-05,106.25
5,420,0.215180,4.84054472e-05,106.74
5,422,0.236939,4.84023331e-05,107.30
5,424,0.196396,4.83992153e-05,107.83
5,426,0.236962,4.83960939e-05,108.29
5,428,0.238477,4.83929798e-05,108.75
5,430,0.187969,4.83898621e-05,109.21
5,432,0.207317,4.83867443e-05,109.66
5,434,0.198359,4.83836266e-05,110.18
5,436,0.222147,4.83805052e-05,110.65
5,438,0.218231,4.83773838e-05,111.14
5,440,0.214557,4.83742697e-05,111.61
5,442,0.198028,4.83711483e-05,112.08
5,444,0.207632,4.83680305e-05,112.55
5,446,0.224200,4.83649128e-05,113.07
5,448,0.224165,4.83617951e-05,113.53
5,450,0.198510,4.83586737e-05,114.01
5,452,0.258809,4.83555559e-05,114.49
5,454,0.234796,4.83524345e-05,115.02
5,456,0.238041,4.83493131e-05,115.46
5,458,0.218345,4.83461918e-05,115.93
5,460,0.203612,4.83430777e-05,116.38
5,462,0.209516,4.83399563e-05,116.88
5,464,0.234532,4.83368349e-05,117.37
5,466,0.222888,4.83337135e-05,117.89
5,468,0.221598,4.83305921e-05,118.41
5,470,0.184911,4.83274707e-05,118.97
5,472,0.241546,4.83243493e-05,119.46
5,474,0.268176,4.83212316e-05,119.95
5,476,0.235910,4.83181138e-05,120.52
5,478,0.196020,4.83149925e-05,121.01
5,480,0.207778,4.83118711e-05,121.50
5,482,0.207406,4.83087460e-05,122.01
5,484,0.239212,4.83056247e-05,122.53
5,486,0.257316,4.83025033e-05,123.04
5,488,0.253678,4.82993782e-05,123.55
5,490,0.224023,4.82962569e-05,124.03
5,492,0.216071,4.82931428e-05,124.62
5,494,0.224596,4.82900177e-05,125.10
5,496,0.213537,4.82868963e-05,125.61
5,498,0.197500,4.82837713e-05,126.08
5,500,0.222611,4.82806499e-05,126.60
5,502,0.226413,4.82775249e-05,127.08
5,504,0.243612,4.82744035e-05,127.55
5,506,0.225582,4.82712785e-05,128.00
5,508,0.258686,4.82681608e-05,128.50
5,510,0.247173,4.82650357e-05,128.92
5,512,0.212310,4.82619107e-05,129.44
5,514,0.208166,4.82587893e-05,129.92
5,516,0.236639,4.82556643e-05,130.42
5,518,0.233582,4.82525393e-05,130.95
5,520,0.186855,4.82494142e-05,131.43
5,522,0.204439,4.82462892e-05,131.95
5,524,0.203550,4.82431751e-05,132.47
5,526,0.232803,4.82400501e-05,133.03
5,528,0.185376,4.82369251e-05,133.55
5,530,0.194795,4.82338000e-05,134.00
5,532,0.212546,4.82306750e-05,134.48
5,534,0.203904,4.82275500e-05,135.02
5,536,0.223218,4.82244250e-05,135.52
5,538,0.186506,4.82212999e-05,136.01
5,540,0.206010,4.82181786e-05,136.47
5,542,0.184651,4.82150535e-05,137.02
5,544,0.229593,4.82119285e-05,137.55
5,546,0.223257,4.82087999e-05,138.01
5,548,0.240183,4.82056748e-05,138.49
5,550,0.217581,4.82025498e-05,139.00
5,552,0.212593,4.81994248e-05,139.54
5,554,0.246027,4.81962998e-05,140.09
5,556,0.200338,4.81931711e-05,140.64
5,558,0.250130,4.81900461e-05,141.16
5,560,0.226466,4.81869174e-05,141.71
5,562,0.240207,4.81837924e-05,142.21
5,564,0.210029,4.81806674e-05,142.75
5,566,0.226695,4.81775387e-05,143.35
5,568,0.230719,4.81744100e-05,143.88
5,570,0.232845,4.81712850e-05,144.36
5,572,0.216962,4.81681600e-05,144.84
5,574,0.226168,4.81650350e-05,145.31
5,576,0.223663,4.81619063e-05,145.87
5,578,0.222450,4.81587813e-05,146.36
5,580,0.213538,4.81556526e-05,146.84
5,582,0.203691,4.81525203e-05,147.31
5,584,0.202925,4.81493917e-05,147.74
5,586,0.197865,4.81462666e-05,148.32
5,588,0.199793,4.81431416e-05,148.73
5,590,0.226199,4.81400130e-05,149.24
5,592,0.229261,4.81368843e-05,149.74
5,594,0.206296,4.81337556e-05,150.28
5,596,0.213591,4.81306270e-05,150.80
5,598,0.230775,4.81275019e-05,151.25
5,600,0.228476,4.81243696e-05,151.77
5,602,0.234371,4.81212410e-05,152.22
5,604,0.216909,4.81181160e-05,152.72
5,606,0.217924,4.81149873e-05,153.15
5,608,0.220992,4.81118586e-05,153.69
5,610,0.234658,4.81087300e-05,154.14
5,612,0.201482,4.81055940e-05,154.57
5,614,0.219105,4.81024654e-05,155.02
5,616,0.205899,4.80993367e-05,155.56
5,618,0.267722,4.80962080e-05,156.16
5,620,0.246642,4.80930830e-05,156.68
5,622,0.235182,4.80899507e-05,157.18
5,624,0.208020,4.80868221e-05,157.68
5,626,0.202097,4.80836861e-05,158.17
5,628,0.211398,4.80805575e-05,158.70
5,630,0.185942,4.80774288e-05,159.20
5,632,0.213906,4.80742965e-05,159.69
5,634,0.213090,4.80711642e-05,160.16
5,636,0.219531,4.80680355e-05,160.62
5,638,0.200549,4.80649069e-05,161.20
5,640,0.227390,4.80617746e-05,161.70
5,642,0.225342,4.80586459e-05,162.19
5,644,0.196681,4.80555100e-05,162.68
5,646,0.195471,4.80523777e-05,163.15
5,648,0.213743,4.80492490e-05,163.67
5,650,0.228838,4.80461167e-05,164.19
5,652,0.183280,4.80429844e-05,164.64
5,654,0.177291,4.80398521e-05,165.07
5,656,0.209242,4.80367235e-05,165.55
5,658,0.220218,4.80335912e-05,166.03
5,660,0.202456,4.80304552e-05,166.48
5,662,0.208424,4.80273229e-05,166.99
5,664,0.228774,4.80241906e-05,167.44
5,666,0.224002,4.80210620e-05,167.93
5,668,0.204910,4.80179297e-05,168.40
5,670,0.246860,4.80147937e-05,168.84
5,672,0.237664,4.80116651e-05,169.41
5,674,0.214270,4.80085255e-05,169.93
5,676,0.201732,4.80053968e-05,170.44
5,678,0.215882,4.80022609e-05,170.98
5,680,0.206050,4.79991249e-05,171.44
5,682,0.192304,4.79959926e-05,171.93
5,684,0.259138,4.79928640e-05,172.40
5,686,0.209178,4.79897317e-05,172.88
5,688,0.214226,4.79865957e-05,173.37
5,690,0.225530,4.79834598e-05,173.82
5,692,0.221895,4.79803275e-05,174.31
5,694,0.210445,4.79771916e-05,174.82
5,696,0.208616,4.79740556e-05,175.26
5,698,0.229053,4.79709197e-05,175.79
5,700,0.200512,4.79677874e-05,176.29
5,702,0.219915,4.79646551e-05,176.72
5,704,0.218517,4.79615228e-05,177.20
5,706,0.202762,4.79583832e-05,177.69
5,708,0.212070,4.79552473e-05,178.15
5,710,0.203815,4.79521113e-05,178.58
5,712,0.239352,4.79489754e-05,179.08
5,714,0.234435,4.79458431e-05,179.57
5,716,0.185119,4.79427072e-05,179.99
5,718,0.248260,4.79395712e-05,180.48
5,720,0.211005,4.79364389e-05,180.96
5,722,0.227187,4.79332994e-05,181.40
5,724,0.200158,4.79301634e-05,181.98
5,726,0.189009,4.79270238e-05,182.43
5,728,0.195771,4.79238879e-05,182.88
5,730,0.247344,4.79207520e-05,183.40
5,732,0.196485,4.79176197e-05,183.89
5,734,0.215152,4.79144837e-05,184.45
5,736,0.223255,4.79113442e-05,184.92
5,738,0.223146,4.79082082e-05,185.43
5,740,0.176326,4.79050686e-05,185.95
5,742,0.224463,4.79019327e-05,186.53
5,744,0.210249,4.78987931e-05,187.06
5,746,0.203661,4.78956572e-05,187.56
5,748,0.182435,4.78925249e-05,188.07
5,750,0.192550,4.78893817e-05,188.60
5,752,0.209440,4.78862457e-05,189.10
5,754,0.212839,4.78831062e-05,189.59
5,756,0.216598,4.78799702e-05,190.08
5,758,0.232621,4.78768306e-05,190.56
5,760,0.199031,4.78736947e-05,191.05
5,762,0.208062,4.78705515e-05,191.53
5,764,0.213993,4.78674192e-05,192.03
5,766,0.210989,4.78642796e-05,192.57
5,768,0.174164,4.78611400e-05,193.09
5,770,0.214715,4.78579968e-05,193.57
5,772,0.230715,4.78548609e-05,194.06
5,774,0.208396,4.78517213e-05,194.54
5,776,0.202092,4.78485817e-05,195.00
5,778,0.193802,4.78454422e-05,195.59
5,780,0.221117,4.78423062e-05,196.16
5,782,0.223842,4.78391630e-05,196.61
5,784,0.218161,4.78360271e-05,197.06
5,786,0.199336,4.78328839e-05,197.58
5,788,0.223868,4.78297443e-05,198.12
5,790,0.198871,4.78266047e-05,198.65
5,792,0.187183,4.78234615e-05,199.13
5,794,0.205157,4.78203219e-05,199.63
5,796,0.242973,4.78171823e-05,200.16
5,798,0.219997,4.78140464e-05,200.66
5,800,0.217436,4.78109032e-05,201.12
5,802,0.181253,4.78077636e-05,201.59
5,804,0.208019,4.78046204e-05,202.08
5,806,0.187085,4.78014808e-05,202.58
5,808,0.240894,4.77983376e-05,203.04
5,810,0.222682,4.77951944e-05,203.55
5,812,0.232543,4.77920585e-05,204.00
5,814,0.230958,4.77889153e-05,204.57
5,816,0.221576,4.77857757e-05,205.06
5,818,0.210556,4.77826325e-05,205.50
5,820,0.202562,4.77794893e-05,206.02
5,822,0.220323,4.77763460e-05,206.53
5,824,0.216390,4.77732028e-05,207.01
5,826,0.199252,4.77700632e-05,207.53
5,828,0.212517,4.77669237e-05,208.01
5,830,0.190363,4.77637768e-05,208.52
5,832,0.229118,4.77606372e-05,209.12
5,834,0.250330,4.77574940e-05,209.66
5,836,0.227435,4.77543472e-05,210.26
5,838,0.212350,4.77512076e-05,210.78
5,840,0.210456,4.77480644e-05,211.28
5,842,0.235974,4.77449175e-05,211.82
5,844,0.233890,4.77417816e-05,212.39
5,846,0.244090,4.77386347e-05,212.90
5,848,0.224165,4.77354952e-05,213.39
5,850,0.212088,4.77323483e-05,213.94
5,852,0.223048,4.77292051e-05,214.37
5,854,0.234257,4.77260619e-05,214.94
5,856,0.220765,4.77229150e-05,215.45
5,858,0.208306,4.77197718e-05,215.95
5,860,0.238417,4.77166250e-05,216.45
5,862,0.202479,4.77134854e-05,216.92
5,864,0.185515,4.77103385e-05,217.45
5,866,0.200816,4.77071953e-05,217.94
5,868,0.213765,4.77040521e-05,218.39
5,870,0.254392,4.77009053e-05,218.86
5,872,0.225252,4.76977584e-05,219.33
5,874,0.191732,4.76946152e-05,219.82
5,876,0.205583,4.76914684e-05,220.37
5,878,0.207714,4.76883251e-05,220.84
5,880,0.232501,4.76851783e-05,221.31
5,882,0.245067,4.76820351e-05,221.85
5,884,0.208532,4.76788882e-05,222.35
5,886,0.239094,4.76757414e-05,222.89
5,888,0.226741,4.76725945e-05,223.36
5,890,0.210025,4.76694513e-05,223.89
5,892,0.243531,4.76663045e-05,224.39
5,894,0.234753,4.76631576e-05,224.85
5,896,0.198487,4.76600108e-05,225.36
5,898,0.194994,4.76568675e-05,225.85
5,900,0.206214,4.76537207e-05,226.31
5,902,0.203380,4.76505738e-05,226.80
5,904,0.231583,4.76474233e-05,227.34
5,906,0.209564,4.76442801e-05,227.87
5,908,0.230138,4.76411296e-05,228.41
5,910,0.197908,4.76379864e-05,228.90
5,912,0.243623,4.76348396e-05,229.46
5,914,0.215925,4.76316891e-05,229.98
5,916,0.219674,4.76285459e-05,230.45
5,918,0.213219,4.76253954e-05,230.91
5,920,0.226072,4.76222449e-05,231.42
5,922,0.173610,4.76190980e-05,231.91
# RESTART AT EPOCH 5
5,0,0.230544,4.90573402e-05,14.46
5,2,0.223630,4.90542479e-05,15.32
5,4,0.239514,4.90511557e-05,15.80
5,6,0.233560,4.90480670e-05,16.30
5,8,0.218550,4.90449747e-05,16.88
5,10,0.200945,4.90418861e-05,17.45
5,12,0.200005,4.90387938e-05,17.91
5,14,0.232262,4.90357015e-05,18.45
5,16,0.254484,4.90326056e-05,18.92
5,18,0.216263,4.90295206e-05,19.47
5,20,0.243449,4.90264247e-05,19.92
5,22,0.221735,4.90233324e-05,20.43
5,24,0.207489,4.90202401e-05,20.86
5,26,0.287019,4.90171515e-05,21.36
5,28,0.211305,4.90140555e-05,21.84
5,30,0.229844,4.90109669e-05,22.65
5,32,0.215102,4.90078746e-05,23.21
5,34,0.214474,4.90047787e-05,23.76
5,36,0.208694,4.90016828e-05,24.29
5,38,0.219998,4.89985905e-05,24.84
5,40,0.250522,4.89954982e-05,25.42
5,42,0.255827,4.89924059e-05,26.02
5,44,0.213010,4.89893137e-05,26.51
5,46,0.241204,4.89862177e-05,27.01
5,48,0.169951,4.89831218e-05,27.49
5,50,0.211130,4.89800332e-05,27.99
5,52,0.217332,4.89769373e-05,28.51
5,54,0.229307,4.89738413e-05,29.02
5,56,0.212399,4.89707490e-05,29.51
5,58,0.238579,4.89676568e-05,29.98
5,60,0.228929,4.89645608e-05,30.46
5,62,0.212240,4.89614649e-05,30.93
5,64,0.187839,4.89583690e-05,31.43
5,66,0.194975,4.89552731e-05,31.90
5,68,0.196191,4.89521772e-05,32.39
5,70,0.243863,4.89490849e-05,32.87
5,72,0.203094,4.89459890e-05,33.39
5,74,0.205003,4.89428930e-05,33.84
5,76,0.209615,4.89397971e-05,34.38
5,78,0.219088,4.89367012e-05,34.90
5,80,0.240970,4.89336053e-05,35.47
5,82,0.216445,4.89305094e-05,35.96
5,84,0.229918,4.89274134e-05,36.45
5,86,0.192641,4.89243175e-05,36.96
5,88,0.205343,4.89212180e-05,37.46
5,90,0.209669,4.89181257e-05,37.89
5,92,0.217368,4.89150298e-05,38.39
5,94,0.205494,4.89119302e-05,38.88
5,96,0.183919,4.89088343e-05,39.35
5,98,0.201929,4.89057347e-05,39.85
5,100,0.219991,4.89026388e-05,40.39
5,102,0.202514,4.88995429e-05,40.83
5,104,0.208413,4.88964433e-05,41.32
5,106,0.211549,4.88933510e-05,41.82
5,108,0.211106,4.88902515e-05,42.49
5,110,0.183387,4.88871519e-05,43.02
5,112,0.218418,4.88840560e-05,43.52
5,114,0.220357,4.88809565e-05,44.02
5,116,0.198333,4.88778569e-05,44.47
5,118,0.192216,4.88747610e-05,44.94
5,120,0.237670,4.88716614e-05,45.59
5,122,0.195559,4.88685655e-05,46.07
5,124,0.223499,4.88654623e-05,46.59
5,126,0.213255,4.88623664e-05,47.03
5,128,0.223436,4.88592668e-05,47.53
5,130,0.196974,4.88561673e-05,47.97
5,132,0.199316,4.88530677e-05,48.47
5,134,0.239819,4.88499682e-05,49.02
5,136,0.220155,4.88468686e-05,49.52
5,138,0.234667,4.88437727e-05,49.99
5,140,0.186180,4.88406731e-05,50.45
5,142,0.179400,4.88375736e-05,50.97
5,144,0.231363,4.88344704e-05,51.44
5,146,0.259546,4.88313672e-05,51.95
5,148,0.236547,4.88282712e-05,52.47
5,150,0.221281,4.88251681e-05,52.92
5,152,0.220666,4.88220685e-05,53.44
5,154,0.227146,4.88189726e-05,53.95
5,156,0.231695,4.88158730e-05,54.44
5,158,0.233592,4.88127662e-05,54.90
5,160,0.232484,4.88096666e-05,55.37
5,162,0.203052,4.88065634e-05,55.86
5,164,0.235430,4.88034639e-05,56.34
5,166,0.210572,4.88003607e-05,56.79
5,168,0.236905,4.87972575e-05,57.25
5,170,0.196773,4.87941579e-05,57.77
5,172,0.212202,4.87910584e-05,58.20
5,174,0.259863,4.87879552e-05,58.77
5,176,0.210064,4.87848556e-05,59.29
5,178,0.207402,4.87817488e-05,59.87
5,180,0.238061,4.87786456e-05,60.41
5,182,0.230916,4.87755460e-05,60.92
5,184,0.180598,4.87724428e-05,61.45
5,186,0.234699,4.87693433e-05,61.94
5,188,0.224724,4.87662364e-05,62.47
5,190,0.257033,4.87631332e-05,62.95
5,192,0.230780,4.87600337e-05,63.42
5,194,0.206334,4.87569305e-05,63.90
5,196,0.240352,4.87538236e-05,64.43
5,198,0.219332,4.87507205e-05,64.94
5,200,0.230933,4.87476173e-05,65.45
5,202,0.211347,4.87445177e-05,65.98
5,204,0.181684,4.87414109e-05,66.43
5,206,0.220616,4.87383077e-05,66.93
5,208,0.216341,4.87352045e-05,67.40
5,210,0.227978,4.87321013e-05,67.87
5,212,0.230172,4.87289944e-05,68.33
5,214,0.232284,4.87258912e-05,68.80
5,216,0.183461,4.87227844e-05,69.38
5,218,0.232343,4.87196812e-05,69.97
5,220,0.202948,4.87165780e-05,70.43
5,222,0.201842,4.87134712e-05,70.95
5,224,0.207410,4.87103644e-05,71.44
5,226,0.192918,4.87072575e-05,71.94
5,228,0.215711,4.87041543e-05,72.46
5,230,0.238512,4.87010475e-05,73.04
5,232,0.252317,4.86979407e-05,73.53
5,234,0.240585,4.86948411e-05,74.04
5,236,0.211095,4.86917306e-05,74.52
5,238,0.218186,4.86886274e-05,75.02
5,240,0.255202,4.86855206e-05,75.53
5,242,0.239714,4.86824174e-05,76.00
5,244,0.189214,4.86793069e-05,76.48
5,246,0.202695,4.86762001e-05,77.04
5,248,0.209311,4.86730933e-05,77.53
5,250,0.195501,4.86699901e-05,78.06
5,252,0.247763,4.86668832e-05,78.55
5,254,0.184546,4.86637728e-05,79.07
5,256,0.211489,4.86606659e-05,79.66
5,258,0.159066,4.86575555e-05,80.15
5,260,0.192116,4.86544523e-05,80.64
5,262,0.240921,4.86513454e-05,81.11
5,264,0.199848,4.86482350e-05,81.61
5,266,0.218347,4.86451318e-05,82.11
5,268,0.205041,4.86420249e-05,82.62
5,270,0.221728,4.86389144e-05,83.16
5,272,0.226957,4.86358076e-05,83.69
5,274,0.207586,4.86326971e-05,84.25
5,276,0.228798,4.86295867e-05,84.73
5,278,0.205249,4.86264762e-05,85.19
5,280,0.229892,4.86233694e-05,85.72
5,282,0.204861,4.86202662e-05,86.20
5,284,0.218414,4.86171521e-05,86.69
5,286,0.222082,4.86140452e-05,87.19
5,288,0.230523,4.86109348e-05,87.69
5,290,0.206384,4.86078279e-05,88.20
5,292,0.270759,4.86047138e-05,88.75
5,294,0.254035,4.86016070e-05,89.32
5,296,0.171407,4.85984929e-05,89.84
5,298,0.252950,4.85953897e-05,90.32
5,300,0.257168,4.85922756e-05,90.76
5,302,0.244496,4.85891687e-05,91.25
5,304,0.208335,4.85860546e-05,91.73
5,306,0.200940,4.85829478e-05,92.20
5,308,0.220426,4.85798337e-05,92.67
5,310,0.228875,4.85767232e-05,93.13
5,312,0.192968,4.85736127e-05,93.67
5,314,0.215124,4.85705059e-05,94.24
5,316,0.190624,4.85673918e-05,94.71
5,318,0.207304,4.85642813e-05,95.19
5,320,0.232886,4.85611708e-05,95.62
5,322,0.228113,4.85580604e-05,96.16
5,324,0.229981,4.85549463e-05,96.60
5,326,0.212001,4.85518358e-05,97.09
5,328,0.206662,4.85487217e-05,97.61
5,330,0.188737,4.85456148e-05,98.18
5,332,0.202997,4.85425007e-05,98.71
5,334,0.200525,4.85393866e-05,99.22
5,336,0.238961,4.85362762e-05,99.79
5,338,0.223680,4.85331620e-05,100.42
5,340,0.230728,4.85300516e-05,100.91
5,342,0.214225,4.85269375e-05,101.36
5,344,0.211967,4.85238270e-05,101.89
5,346,0.242118,4.85207129e-05,102.37
5,348,0.233192,4.85175988e-05,102.80
5,350,0.204687,4.85144883e-05,103.36
5,352,0.224131,4.85113742e-05,103.98
5,354,0.254778,4.85082637e-05,104.51
5,356,0.211179,4.85051460e-05,104.97
5,358,0.253430,4.85020319e-05,105.40
5,360,0.198404,4.84989177e-05,105.91
5,362,0.265587,4.84958036e-05,106.39
5,364,0.230776,4.84926932e-05,106.85
5,366,0.189468,4.84895791e-05,107.32
5,368,0.210822,4.84864649e-05,107.85
5,370,0.203318,4.84833508e-05,108.31
5,372,0.217408,4.84802331e-05,108.83
5,374,0.215299,4.84771190e-05,109.31
5,376,0.221241,4.84740049e-05,109.81
5,378,0.207035,4.84708871e-05,110.28
5,380,0.226316,4.84677803e-05,110.79
5,382,0.217101,4.84646625e-05,111.25
5,384,0.223042,4.84615448e-05,111.70
5,386,0.233020,4.84584270e-05,112.22
5,388,0.225934,4.84553166e-05,112.70
5,390,0.228423,4.84521988e-05,113.16
5,392,0.215922,4.84490811e-05,113.68
5,394,0.234041,4.84459670e-05,114.18
5,396,0.186653,4.84428529e-05,114.62
5,398,0.257890,4.84397351e-05,115.17
5,400,0.189527,4.84366210e-05,115.64
5,402,0.287009,4.84335033e-05,116.15
5,404,0.243157,4.84303855e-05,116.64
5,406,0.213380,4.84272678e-05,117.13
5,408,0.216068,4.84241536e-05,117.59
5,410,0.218228,4.84210359e-05,118.10
5,412,0.207510,4.84179218e-05,118.55
5,414,0.222949,4.84148040e-05,119.09
5,416,0.161372,4.84116863e-05,119.61
5,418,0.207771,4.84085685e-05,120.10
5,420,0.207649,4.84054472e-05,120.60
5,422,0.266018,4.84023331e-05,121.07
5,424,0.193993,4.83992153e-05,121.61
5,426,0.223448,4.83960939e-05,122.19
5,428,0.223427,4.83929798e-05,122.71
5,430,0.195398,4.83898621e-05,123.15
5,432,0.208168,4.83867443e-05,123.67
5,434,0.204459,4.83836266e-05,124.19
5,436,0.210906,4.83805052e-05,124.69
5,438,0.195542,4.83773838e-05,125.18
5,440,0.217601,4.83742697e-05,125.70
5,442,0.212308,4.83711483e-05,126.21
5,444,0.213172,4.83680305e-05,126.67
5,446,0.241411,4.83649128e-05,127.20
5,448,0.227133,4.83617951e-05,127.64
5,450,0.220837,4.83586737e-05,128.16
5,452,0.195061,4.83555559e-05,128.68
5,454,0.239334,4.83524345e-05,129.14
5,456,0.221586,4.83493131e-05,129.67
5,458,0.211163,4.83461918e-05,130.25
5,460,0.242857,4.83430777e-05,130.79
5,462,0.212518,4.83399563e-05,131.28
5,464,0.233302,4.83368349e-05,131.77
5,466,0.237511,4.83337135e-05,132.37
5,468,0.247985,4.83305921e-05,132.86
5,470,0.201816,4.83274707e-05,133.35
5,472,0.225360,4.83243493e-05,133.85
5,474,0.212069,4.83212316e-05,134.44
5,476,0.218825,4.83181138e-05,134.98
5,478,0.241839,4.83149925e-05,135.51
5,480,0.203726,4.83118711e-05,135.94
5,482,0.190492,4.83087460e-05,136.37
5,484,0.273122,4.83056247e-05,136.88
5,486,0.203048,4.83025033e-05,137.35
5,488,0.221380,4.82993782e-05,137.82
5,490,0.197518,4.82962569e-05,138.33
5,492,0.204203,4.82931428e-05,138.84
5,494,0.230726,4.82900177e-05,139.30
5,496,0.229331,4.82868963e-05,139.77
5,498,0.252941,4.82837713e-05,140.24
5,500,0.259167,4.82806499e-05,140.76
5,502,0.215375,4.82775249e-05,141.31
5,504,0.235948,4.82744035e-05,141.81
5,506,0.238323,4.82712785e-05,142.33
5,508,0.248210,4.82681608e-05,142.92
5,510,0.229277,4.82650357e-05,143.46
5,512,0.216760,4.82619107e-05,143.99
5,514,0.192675,4.82587893e-05,144.47
5,516,0.232295,4.82556643e-05,144.93
5,518,0.221809,4.82525393e-05,145.44
5,520,0.211596,4.82494142e-05,145.91
5,522,0.218663,4.82462892e-05,146.43
5,524,0.236016,4.82431751e-05,146.91
5,526,0.196027,4.82400501e-05,147.41
5,528,0.220369,4.82369251e-05,147.91
5,530,0.245072,4.82338000e-05,148.34
5,532,0.249378,4.82306750e-05,148.84
5,534,0.187495,4.82275500e-05,149.33
5,536,0.232469,4.82244250e-05,149.83
5,538,0.174076,4.82212999e-05,150.29
5,540,0.206359,4.82181786e-05,150.75
5,542,0.188594,4.82150535e-05,151.25
5,544,0.179901,4.82119285e-05,151.73
5,546,0.193739,4.82087999e-05,152.23
5,548,0.245576,4.82056748e-05,152.72
5,550,0.209873,4.82025498e-05,153.18
5,552,0.219142,4.81994248e-05,153.75
5,554,0.257303,4.81962998e-05,154.35
5,556,0.204097,4.81931711e-05,154.90
5,558,0.238751,4.81900461e-05,155.44
5,560,0.234318,4.81869174e-05,155.94
5,562,0.225195,4.81837924e-05,156.41
5,564,0.232750,4.81806674e-05,156.94
5,566,0.223627,4.81775387e-05,157.46
5,568,0.232018,4.81744100e-05,157.96
5,570,0.214956,4.81712850e-05,158.46
5,572,0.215299,4.81681600e-05,158.99
5,574,0.214724,4.81650350e-05,159.55
5,576,0.218053,4.81619063e-05,160.09
5,578,0.217460,4.81587813e-05,160.54
5,580,0.237243,4.81556526e-05,161.02
5,582,0.218244,4.81525203e-05,161.56
5,584,0.264093,4.81493917e-05,162.04
5,586,0.230128,4.81462666e-05,162.53
5,588,0.196889,4.81431416e-05,162.99
5,590,0.201015,4.81400130e-05,163.48
5,592,0.251754,4.81368843e-05,164.07
5,594,0.202289,4.81337556e-05,164.56
5,596,0.219264,4.81306270e-05,164.99
5,598,0.209724,4.81275019e-05,165.49
5,600,0.223080,4.81243696e-05,165.97
5,602,0.208603,4.81212410e-05,166.48
5,604,0.213049,4.81181160e-05,166.96
5,606,0.222137,4.81149873e-05,167.46
5,608,0.247225,4.81118586e-05,168.03
5,610,0.232358,4.81087300e-05,168.56
5,612,0.234910,4.81055940e-05,169.06
5,614,0.231126,4.81024654e-05,169.55
5,616,0.217251,4.80993367e-05,170.03
5,618,0.243099,4.80962080e-05,170.54
5,620,0.198767,4.80930830e-05,171.05
5,622,0.261010,4.80899507e-05,171.58
5,624,0.178805,4.80868221e-05,172.08
5,626,0.198999,4.80836861e-05,172.55
5,628,0.256248,4.80805575e-05,173.07
5,630,0.177312,4.80774288e-05,173.62
5,632,0.199304,4.80742965e-05,174.11
5,634,0.250662,4.80711642e-05,174.70
5,636,0.230145,4.80680355e-05,175.16
5,638,0.204751,4.80649069e-05,175.66
5,640,0.211290,4.80617746e-05,176.21
5,642,0.244610,4.80586459e-05,176.70
5,644,0.229820,4.80555100e-05,177.22
5,646,0.199100,4.80523777e-05,177.79
5,648,0.209264,4.80492490e-05,178.29
5,650,0.232866,4.80461167e-05,178.84
5,652,0.243871,4.80429844e-05,179.36
5,654,0.214788,4.80398521e-05,179.93
5,656,0.241568,4.80367235e-05,180.43
5,658,0.210592,4.80335912e-05,180.91
5,660,0.198687,4.80304552e-05,181.45
5,662,0.241132,4.80273229e-05,181.93
5,664,0.242711,4.80241906e-05,182.46
5,666,0.238996,4.80210620e-05,182.95
5,668,0.204321,4.80179297e-05,183.50
5,670,0.214060,4.80147937e-05,184.01
5,672,0.221806,4.80116651e-05,184.53
5,674,0.207861,4.80085255e-05,185.06
5,676,0.216161,4.80053968e-05,185.59
5,678,0.204614,4.80022609e-05,186.05
5,680,0.269022,4.79991249e-05,186.58
5,682,0.238129,4.79959926e-05,187.05
5,684,0.213145,4.79928640e-05,187.58
5,686,0.190351,4.79897317e-05,188.10
5,688,0.226751,4.79865957e-05,188.56
5,690,0.210890,4.79834598e-05,189.05
5,692,0.218530,4.79803275e-05,189.56
5,694,0.183162,4.79771916e-05,190.03
5,696,0.210337,4.79740556e-05,190.54
5,698,0.219782,4.79709197e-05,191.02
5,700,0.192629,4.79677874e-05,191.59
5,702,0.240248,4.79646551e-05,192.16
5,704,0.224049,4.79615228e-05,192.69
5,706,0.198980,4.79583832e-05,193.23
5,708,0.229557,4.79552473e-05,193.81
5,710,0.250116,4.79521113e-05,194.29
5,712,0.189183,4.79489754e-05,194.79
5,714,0.208505,4.79458431e-05,195.31
5,716,0.238998,4.79427072e-05,195.74
5,718,0.213987,4.79395712e-05,196.16
5,720,0.220809,4.79364389e-05,196.65
5,722,0.224578,4.79332994e-05,197.13
5,724,0.233609,4.79301634e-05,197.64
5,726,0.244169,4.79270238e-05,198.17
5,728,0.263395,4.79238879e-05,198.62
5,730,0.237176,4.79207520e-05,199.22
5,732,0.235618,4.79176197e-05,199.71
5,734,0.224342,4.79144837e-05,200.25
5,736,0.205830,4.79113442e-05,200.74
5,738,0.209085,4.79082082e-05,201.30
5,740,0.187909,4.79050686e-05,201.84
5,742,0.222802,4.79019327e-05,202.33
5,744,0.222011,4.78987931e-05,202.81
5,746,0.212175,4.78956572e-05,203.31
5,748,0.227003,4.78925249e-05,203.85
5,750,0.216032,4.78893817e-05,204.36
5,752,0.221527,4.78862457e-05,204.92
5,754,0.194730,4.78831062e-05,205.41
5,756,0.235320,4.78799702e-05,205.93
5,758,0.243741,4.78768306e-05,206.37
5,760,0.215497,4.78736947e-05,206.93
5,762,0.213944,4.78705515e-05,207.45
5,764,0.213106,4.78674192e-05,207.96
5,766,0.206861,4.78642796e-05,208.41
5,768,0.206894,4.78611400e-05,208.98
5,770,0.219196,4.78579968e-05,209.47
5,772,0.227258,4.78548609e-05,209.93
5,774,0.224322,4.78517213e-05,210.45
5,776,0.203659,4.78485817e-05,210.92
5,778,0.198909,4.78454422e-05,211.37
5,780,0.203415,4.78423062e-05,211.86
5,782,0.204330,4.78391630e-05,212.32
5,784,0.222967,4.78360271e-05,212.79
5,786,0.197351,4.78328839e-05,213.26
5,788,0.198404,4.78297443e-05,213.76
5,790,0.209869,4.78266047e-05,214.28
5,792,0.224984,4.78234615e-05,214.85
5,794,0.209985,4.78203219e-05,215.40
5,796,0.213381,4.78171823e-05,215.94
5,798,0.208976,4.78140464e-05,216.43
5,800,0.239437,4.78109032e-05,216.88
5,802,0.201585,4.78077636e-05,217.43
5,804,0.190102,4.78046204e-05,217.95
5,806,0.233237,4.78014808e-05,218.43
5,808,0.204766,4.77983376e-05,218.89
5,810,0.234995,4.77951944e-05,219.34
5,812,0.233499,4.77920585e-05,219.84
5,814,0.224468,4.77889153e-05,220.28
5,816,0.246725,4.77857757e-05,220.73
5,818,0.216077,4.77826325e-05,221.19
5,820,0.211013,4.77794893e-05,221.68
5,822,0.240571,4.77763460e-05,222.15
5,824,0.176204,4.77732028e-05,222.65
5,826,0.177867,4.77700632e-05,223.14
5,828,0.231258,4.77669237e-05,223.65
5,830,0.232394,4.77637768e-05,224.09
5,832,0.227634,4.77606372e-05,224.56
5,834,0.223479,4.77574940e-05,225.08
5,836,0.227622,4.77543472e-05,225.54
5,838,0.225746,4.77512076e-05,226.01
5,840,0.237921,4.77480644e-05,226.50
5,842,0.250682,4.77449175e-05,227.00
5,844,0.220508,4.77417816e-05,227.54
5,846,0.202602,4.77386347e-05,228.08
5,848,0.202131,4.77354952e-05,228.60
5,850,0.222733,4.77323483e-05,229.05
5,852,0.256680,4.77292051e-05,229.54
5,854,0.225551,4.77260619e-05,230.05
5,856,0.210123,4.77229150e-05,230.55
5,858,0.230840,4.77197718e-05,231.06
5,860,0.225957,4.77166250e-05,231.55
5,862,0.211086,4.77134854e-05,232.02
5,864,0.207524,4.77103385e-05,232.55
5,866,0.193295,4.77071953e-05,233.12
5,868,0.210375,4.77040521e-05,233.69
5,870,0.199199,4.77009053e-05,234.19
5,872,0.225563,4.76977584e-05,234.72
5,874,0.248006,4.76946152e-05,235.17
5,876,0.247017,4.76914684e-05,235.71
5,878,0.213713,4.76883251e-05,236.18
5,880,0.232760,4.76851783e-05,236.64
5,882,0.212115,4.76820351e-05,237.18
5,884,0.221842,4.76788882e-05,237.67
5,886,0.234530,4.76757414e-05,238.15
5,888,0.255302,4.76725945e-05,238.64
5,890,0.214810,4.76694513e-05,239.17
5,892,0.213284,4.76663045e-05,239.75
5,894,0.222777,4.76631576e-05,240.34
5,896,0.233398,4.76600108e-05,240.82
5,898,0.203958,4.76568675e-05,241.41
5,900,0.210678,4.76537207e-05,241.99
5,902,0.216293,4.76505738e-05,242.55
5,904,0.196651,4.76474233e-05,243.07
5,906,0.182874,4.76442801e-05,243.55
5,908,0.214827,4.76411296e-05,243.99
5,910,0.211592,4.76379864e-05,244.52
5,912,0.223568,4.76348396e-05,245.01
5,914,0.210033,4.76316891e-05,245.51
5,916,0.193364,4.76285459e-05,245.95
5,918,0.195589,4.76253954e-05,246.47
5,920,0.224679,4.76222449e-05,247.07
5,922,0.202394,4.76190980e-05,247.61
5,924,0.196076,4.76159512e-05,248.06
5,926,0.228927,4.76128080e-05,248.53
5,928,0.214468,4.76096575e-05,249.01
5,930,0.213186,4.76065070e-05,249.49
5,932,0.228975,4.76033601e-05,249.96
5,934,0.222081,4.76002097e-05,250.45
5,936,0.193361,4.75970592e-05,251.00
5,938,0.213347,4.75939087e-05,251.58
5,940,0.257840,4.75907618e-05,252.10
5,942,0.220707,4.75876150e-05,252.60
5,944,0.220817,4.75844681e-05,253.03
5,946,0.191833,4.75813176e-05,253.52
5,948,0.201606,4.75781671e-05,254.09
5,950,0.228372,4.75750167e-05,254.58
5,952,0.241458,4.75718662e-05,255.04
5,954,0.235031,4.75687193e-05,255.56
5,956,0.181041,4.75655688e-05,256.09
5,958,0.189770,4.75624220e-05,256.63
5,960,0.187630,4.75592678e-05,257.10
5,962,0.217899,4.75561210e-05,257.61
5,964,0.203180,4.75529669e-05,258.09
5,966,0.226267,4.75498164e-05,258.60
5,968,0.222083,4.75466659e-05,259.07
5,970,0.224763,4.75435154e-05,259.54
5,972,0.230339,4.75403613e-05,260.06
5,974,0.200786,4.75372181e-05,260.54
5,976,0.229049,4.75340676e-05,261.03
5,978,0.229944,4.75309134e-05,261.53
5,980,0.207881,4.75277629e-05,262.02
5,982,0.235580,4.75246125e-05,262.51
5,984,0.208020,4.75214583e-05,263.00
5,986,0.205380,4.75183042e-05,263.48
5,988,0.215805,4.75151537e-05,264.01
5,990,0.229032,4.75120032e-05,264.54
5,992,0.232252,4.75088527e-05,265.12
5,994,0.202498,4.75056986e-05,265.64
5,996,0.210996,4.75025481e-05,266.10
5,998,0.207702,4.74993940e-05,266.60
5,1000,0.228276,4.74962399e-05,267.08
5,1002,0.215652,4.74930894e-05,267.61
5,1004,0.215885,4.74899352e-05,268.09
5,1006,0.196460,4.74867848e-05,268.60
5,1008,0.189215,4.74836306e-05,269.16
5,1010,0.221988,4.74804801e-05,269.66
5,1012,0.239887,4.74773260e-05,270.19
5,1014,0.193026,4.74741719e-05,270.68
5,1016,0.200785,4.74710178e-05,271.16
5,1018,0.204466,4.74678636e-05,271.61
5,1020,0.212846,4.74647095e-05,272.10
5,1022,0.201279,4.74615590e-05,272.57
5,1024,0.221729,4.74584049e-05,273.09
5,1026,0.251878,4.74552508e-05,273.60
5,1028,0.200052,4.74520966e-05,274.08
5,1030,0.220673,4.74489425e-05,274.56
5,1032,0.203474,4.74457884e-05,275.02
5,1034,0.199311,4.74426342e-05,275.48
5,1036,0.220695,4.74394801e-05,276.01
5,1038,0.224088,4.74363260e-05,276.51
5,1040,0.217191,4.74331719e-05,277.08
5,1042,0.223032,4.74300177e-05,277.61
5,1044,0.199045,4.74268636e-05,278.09
5,1046,0.220211,4.74237058e-05,278.57
5,1048,0.211328,4.74205517e-05,279.02
5,1050,0.192197,4.74173903e-05,279.52
5,1052,0.210849,4.74142362e-05,280.00
5,1054,0.210642,4.74110857e-05,280.50
5,1056,0.244252,4.74079279e-05,281.05
5,1058,0.203631,4.74047738e-05,281.56
5,1060,0.245375,4.74016160e-05,282.04
5,1062,0.211140,4.73984619e-05,282.60
5,1064,0.212016,4.73953041e-05,283.13
5,1066,0.190449,4.73921500e-05,283.61
5,1068,0.198261,4.73889922e-05,284.12
5,1070,0.183881,4.73858381e-05,284.57
5,1072,0.189347,4.73826803e-05,285.07
5,1074,0.209422,4.73795226e-05,285.60
5,1076,0.242993,4.73763648e-05,286.10
5,1078,0.238366,4.73732071e-05,286.61
5,1080,0.207169,4.73700529e-05,287.16
5,1082,0.244895,4.73668952e-05,287.65
5,1084,0.232367,4.73637338e-05,288.13
5,1086,0.255475,4.73605796e-05,288.71
5,1088,0.222240,4.73574219e-05,289.21
5,1090,0.241513,4.73542641e-05,289.74
5,1092,0.226459,4.73511100e-05,290.26
5,1094,0.198815,4.73479486e-05,290.77
5,1096,0.217531,4.73447944e-05,291.26
5,1098,0.185551,4.73416294e-05,291.78
5,1100,0.210124,4.73384753e-05,292.27
5,1102,0.200539,4.73353175e-05,292.75
5,1104,0.216727,4.73321597e-05,293.32
5,1106,0.216166,4.73290020e-05,293.91
5,1108,0.191193,4.73258442e-05,294.42
5,1110,0.206952,4.73226828e-05,295.01
5,1112,0.193163,4.73195250e-05,295.67
5,1114,0.207192,4.73163636e-05,296.25
5,1116,0.222257,4.73132059e-05,296.84
5,1118,0.193969,4.73100445e-05,297.38
5,1120,0.232468,4.73068867e-05,297.94
5,1122,0.210153,4.73037289e-05,298.47
5,1124,0.223918,4.73005675e-05,299.07
5,1126,0.218927,4.72974098e-05,299.61
5,1128,0.224236,4.72942484e-05,300.14
5,1130,0.202109,4.72910870e-05,300.64
5,1132,0.260731,4.72879292e-05,301.14
5,1134,0.203684,4.72847714e-05,301.61
5,1136,0.223580,4.72816100e-05,302.08
5,1138,0.212518,4.72784486e-05,302.60
5,1140,0.224932,4.72752909e-05,303.03
5,1142,0.241239,4.72721294e-05,303.53
5,1144,0.251256,4.72689644e-05,304.12
5,1146,0.228016,4.72658030e-05,304.69
5,1148,0.215284,4.72626452e-05,305.22
5,1150,0.250048,4.72594875e-05,305.77
5,1152,0.214795,4.72563224e-05,306.31
5,1154,0.195527,4.72531610e-05,306.82
5,1156,0.194747,4.72500033e-05,307.27
5,1158,0.182549,4.72468382e-05,307.75
5,1160,0.236129,4.72436768e-05,308.23
5,1162,0.203977,4.72405154e-05,308.72
5,1164,0.195185,4.72373504e-05,309.19
5,1166,0.200988,4.72341926e-05,309.64
5,1168,0.197829,4.72310312e-05,310.14
5,1170,0.217977,4.72278662e-05,310.69
5,1172,0.237507,4.72247048e-05,311.23
5,1174,0.233907,4.72215434e-05,311.67
5,1176,0.181527,4.72183783e-05,312.26
5,1178,0.204224,4.72152169e-05,312.76
5,1180,0.197826,4.72120555e-05,313.25
5,1182,0.191727,4.72088905e-05,313.78
5,1184,0.204995,4.72057291e-05,314.32
5,1186,0.214389,4.72025677e-05,314.82
5,1188,0.209303,4.71994026e-05,315.30
5,1190,0.230804,4.71962412e-05,315.84
5,1192,0.252300,4.71930762e-05,316.35
5,1194,0.207726,4.71899111e-05,316.84
5,1196,0.203755,4.71867461e-05,317.36
5,1198,0.229675,4.71835883e-05,317.83
5,1200,0.211982,4.71804196e-05,318.39
5,1202,0.225353,4.71772582e-05,318.89
5,1204,0.238226,4.71740932e-05,319.47
5,1206,0.209910,4.71709282e-05,319.95
5,1208,0.181968,4.71677668e-05,320.42
5,1210,0.224463,4.71645981e-05,320.90
5,1212,0.222929,4.71614367e-05,321.39
5,1214,0.221946,4.71582753e-05,321.88
5,1216,0.235225,4.71551066e-05,322.41
5,1218,0.231487,4.71519415e-05,322.93
5,1220,0.219340,4.71487765e-05,323.40
5,1222,0.172369,4.71456115e-05,323.89
5,1224,0.179525,4.71424428e-05,324.35
5,1226,0.211123,4.71392814e-05,324.85
5,1228,0.206812,4.71361127e-05,325.32
5,1230,0.208492,4.71329513e-05,325.78
5,1232,0.191186,4.71297863e-05,326.32
5,1234,0.218142,4.71266176e-05,326.85
5,1236,0.202512,4.71234525e-05,327.31
5,1238,0.253377,4.71202875e-05,327.84
5,1240,0.195186,4.71171188e-05,328.30
5,1242,0.227418,4.71139538e-05,328.83
5,1244,0.174883,4.71107851e-05,329.30
5,1246,0.234984,4.71076200e-05,329.82
5,1248,0.199650,4.71044550e-05,330.35
5,1250,0.246316,4.71012863e-05,330.88
5,1252,0.227924,4.70981213e-05,331.32
5,1254,0.225104,4.70949526e-05,331.80
5,1256,0.208650,4.70917876e-05,332.24
5,1258,0.222904,4.70886225e-05,332.79
5,1260,0.219329,4.70854502e-05,333.32
5,1262,0.177083,4.70822888e-05,333.85
5,1264,0.219797,4.70791201e-05,334.34
5,1266,0.201618,4.70759551e-05,334.81
5,1268,0.207546,4.70727828e-05,335.27
5,1270,0.201115,4.70696141e-05,335.78
5,1272,0.199060,4.70664454e-05,336.26
5,1274,0.215023,4.70632767e-05,336.72
5,1276,0.228832,4.70601080e-05,337.25
5,1278,0.196797,4.70569430e-05,337.79
5,1280,0.202819,4.70537743e-05,338.27
5,1282,0.235814,4.70506056e-05,338.74
5,1284,0.207504,4.70474406e-05,339.21
5,1286,0.213364,4.70442683e-05,339.71
5,1288,0.174073,4.70410996e-05,340.23
5,1290,0.183662,4.70379273e-05,340.73
5,1292,0.225667,4.70347586e-05,341.25
5,1294,0.207521,4.70315936e-05,341.82
5,1296,0.189491,4.70284212e-05,342.40
5,1298,0.202110,4.70252562e-05,342.89
5,1300,0.215063,4.70220839e-05,343.34
5,1302,0.217334,4.70189152e-05,343.91
5,1304,0.203158,4.70157429e-05,344.38
5,1306,0.202089,4.70125742e-05,344.92
5,1308,0.202241,4.70094055e-05,345.46
5,1310,0.225951,4.70062369e-05,345.94
5,1312,0.206119,4.70030682e-05,346.46
5,1314,0.242116,4.69998959e-05,346.95
5,1316,0.205459,4.69967235e-05,347.45
5,1318,0.219941,4.69935549e-05,347.96
5,1320,0.188045,4.69903825e-05,348.47
5,1322,0.225755,4.69872139e-05,349.01
5,1324,0.219873,4.69840415e-05,349.48
5,1326,0.186044,4.69808729e-05,349.99
5,1328,0.195033,4.69777005e-05,350.50
5,1330,0.186885,4.69745282e-05,351.03
5,1332,0.220390,4.69713559e-05,351.51
5,1334,0.207061,4.69681872e-05,351.98
5,1336,0.184609,4.69650113e-05,352.46
5,1338,0.199144,4.69618390e-05,353.10
5,1340,0.223357,4.69586703e-05,353.59
5,1342,0.236025,4.69554980e-05,354.13
5,1344,0.196801,4.69523293e-05,354.65
5,1346,0.213340,4.69491570e-05,355.12
5,1348,0.201414,4.69459846e-05,355.66
5,1350,0.221353,4.69428087e-05,356.10
5,1352,0.243814,4.69396364e-05,356.60
5,1354,0.202392,4.69364641e-05,357.10
5,1356,0.187256,4.69332917e-05,357.58
5,1358,0.194733,4.69301231e-05,358.06
5,1360,0.241974,4.69269471e-05,358.57
5,1362,0.187480,4.69237748e-05,359.13
5,1364,0.208803,4.69206025e-05,359.74
5,1366,0.205349,4.69174302e-05,360.24
5,1368,0.221877,4.69142542e-05,360.71
5,1370,0.227088,4.69110782e-05,361.31
5,1372,0.200409,4.69079096e-05,361.80
5,1374,0.231429,4.69047372e-05,362.27
5,1376,0.216059,4.69015613e-05,362.79
5,1378,0.221125,4.68983890e-05,363.31
5,1380,0.178500,4.68952130e-05,363.88
5,1382,0.227525,4.68920371e-05,364.39
5,1384,0.196630,4.68888647e-05,364.91
5,1386,0.199641,4.68856888e-05,365.44
5,1388,0.204369,4.68825165e-05,365.91
5,1390,0.229451,4.68793442e-05,366.44
5,1392,0.210058,4.68761646e-05,366.94
5,1394,0.247260,4.68729959e-05,367.48
5,1396,0.204668,4.68698163e-05,367.96
5,1398,0.217823,4.68666440e-05,368.53
5,1400,0.174116,4.68634644e-05,369.05
5,1402,0.224862,4.68602884e-05,369.56
5,1404,0.196435,4.68571161e-05,370.06
5,1406,0.211500,4.68539401e-05,370.53
5,1408,0.212487,4.68507678e-05,370.98
5,1410,0.215521,4.68475955e-05,371.49
5,1412,0.165983,4.68444159e-05,372.00
5,1414,0.216796,4.68412400e-05,372.51
5,1416,0.192345,4.68380640e-05,373.07
5,1418,0.215715,4.68348844e-05,373.61
5,1420,0.212375,4.68317085e-05,374.17
5,1422,0.202293,4.68285361e-05,374.64
5,1424,0.193606,4.68253602e-05,375.15
5,1426,0.226656,4.68221842e-05,375.69
5,1428,0.172893,4.68190046e-05,376.29
5,1430,0.189584,4.68158250e-05,376.78
5,1432,0.230435,4.68126491e-05,377.30
5,1434,0.208162,4.68094768e-05,377.76
5,1436,0.202100,4.68062972e-05,378.31
5,1438,0.203925,4.68031176e-05,378.86
5,1440,0.250114,4.67999453e-05,379.31
5,1442,0.244131,4.67967657e-05,379.83
5,1444,0.238984,4.67935861e-05,380.32
5,1446,0.209700,4.67904138e-05,380.85
5,1448,0.195227,4.67872342e-05,381.32
5,1450,0.231509,4.67840546e-05,381.83
5,1452,0.206062,4.67808786e-05,382.31
5,1454,0.264592,4.67776990e-05,382.82
5,1456,0.247465,4.67745231e-05,383.39
5,1458,0.195202,4.67713435e-05,383.96
5,1460,0.186468,4.67681639e-05,384.55
5,1462,0.196714,4.67649843e-05,385.07
5,1464,0.232429,4.67618083e-05,385.57
5,1466,0.211010,4.67586287e-05,386.07
5,1468,0.207813,4.67554491e-05,386.58
5,1470,0.232166,4.67522696e-05,387.09
5,1472,0.221884,4.67490936e-05,387.63
5,1474,0.216249,4.67459140e-05,388.12
5,1476,0.213301,4.67427344e-05,388.69
5,1478,0.207075,4.67395548e-05,389.17
5,1480,0.176922,4.67363752e-05,389.64
5,1482,0.265783,4.67331956e-05,390.19
5,1484,0.231710,4.67300124e-05,390.68
5,1486,0.222908,4.67268328e-05,391.21
5,1488,0.219378,4.67236605e-05,391.73
5,1490,0.229945,4.67204809e-05,392.32
5,1492,0.201020,4.67172977e-05,392.82
5,1494,0.201556,4.67141181e-05,393.28
5,1496,0.266095,4.67109348e-05,393.82
5,1498,0.181201,4.67077552e-05,394.29
5,1500,0.225552,4.67045757e-05,394.86
5,1502,0.214104,4.67013924e-05,395.38
5,1504,0.230254,4.66982165e-05,395.82
5,1506,0.221410,4.66950332e-05,396.34
5,1508,0.245881,4.66918536e-05,396.81
5,1510,0.207364,4.66886704e-05,397.33
5,1512,0.211278,4.66854908e-05,397.81
5,1514,0.217631,4.66823076e-05,398.29
5,1516,0.212376,4.66791244e-05,398.81
5,1518,0.219855,4.66759448e-05,399.32
5,1520,0.186078,4.66727652e-05,399.85
5,1522,0.212135,4.66695819e-05,400.28
5,1524,0.172820,4.66663987e-05,400.90
5,1526,0.218028,4.66632191e-05,401.53
5,1528,0.229371,4.66600359e-05,402.05
5,1530,0.220646,4.66568526e-05,402.63
5,1532,0.186098,4.66536731e-05,403.13
5,1534,0.220046,4.66504862e-05,403.64
5,1536,0.213018,4.66473102e-05,404.19
5,1538,0.235540,4.66441270e-05,404.66
5,1540,0.201684,4.66409438e-05,405.15
5,1542,0.229854,4.66377605e-05,405.68
5,1544,0.209710,4.66345773e-05,406.19
5,1546,0.238390,4.66313941e-05,406.66
5,1548,0.206170,4.66282072e-05,407.22
5,1550,0.212507,4.66250240e-05,407.70
5,1552,0.228411,4.66218444e-05,408.19
5,1554,0.226012,4.66186575e-05,408.63
5,1556,0.190230,4.66154779e-05,409.11
5,1558,0.234431,4.66122910e-05,409.60
5,1560,0.200037,4.66091078e-05,410.07
5,1562,0.233214,4.66059246e-05,410.61
5,1564,0.215660,4.66027377e-05,411.07
5,1566,0.202965,4.65995545e-05,411.58
5,1568,0.196349,4.65963749e-05,412.06
5,1570,0.202754,4.65931917e-05,412.52
5,1572,0.182399,4.65900011e-05,413.04
5,1574,0.172921,4.65868179e-05,413.50
5,1576,0.231843,4.65836347e-05,413.98
5,1578,0.181647,4.65804478e-05,414.46
5,1580,0.199553,4.65772646e-05,414.92
5,1582,0.217408,4.65740777e-05,415.41
5,1584,0.188551,4.65708981e-05,415.86
5,1586,0.195965,4.65677113e-05,416.34
5,1588,0.199113,4.65645280e-05,416.81
5,1590,0.230625,4.65613375e-05,417.36
5,1592,0.208610,4.65581506e-05,417.87
5,1594,0.240008,4.65549674e-05,418.38
5,1596,0.215380,4.65517805e-05,418.97
5,1598,0.223468,4.65485973e-05,419.47
5,1600,0.232535,4.65454141e-05,419.95
5,1602,0.186891,4.65422272e-05,420.44
5,1604,0.209104,4.65390367e-05,420.90
5,1606,0.209651,4.65358535e-05,421.41
5,1608,0.184232,4.65326666e-05,421.96
5,1610,0.174441,4.65294797e-05,422.51
5,1612,0.218076,4.65262929e-05,423.02
5,1614,0.234382,4.65231024e-05,423.58
5,1616,0.244132,4.65199191e-05,424.06
5,1618,0.206006,4.65167323e-05,424.56
5,1620,0.253354,4.65135454e-05,425.08
5,1622,0.245800,4.65103585e-05,425.60
5,1624,0.233000,4.65071680e-05,426.11
5,1626,0.215006,4.65039811e-05,426.65
5,1628,0.176999,4.65007943e-05,427.12
5,1630,0.240709,4.64976074e-05,427.62
5,1632,0.229900,4.64944242e-05,428.09
5,1634,0.189984,4.64912373e-05,428.53
5,1636,0.209645,4.64880468e-05,429.04
5,1638,0.217829,4.64848563e-05,429.53
5,1640,0.182396,4.64816694e-05,430.06
5,1642,0.191938,4.64784825e-05,430.54
5,1644,0.207251,4.64752884e-05,431.07
5,1646,0.223664,4.64721015e-05,431.70
5,1648,0.206527,4.64689183e-05,432.23
5,1650,0.225296,4.64657242e-05,432.74
5,1652,0.233571,4.64625373e-05,433.20
5,1654,0.212263,4.64593504e-05,433.67
5,1656,0.222025,4.64561599e-05,434.17
5,1658,0.201118,4.64529694e-05,434.76
5,1660,0.184466,4.64497789e-05,435.32
5,1662,0.190289,4.64465920e-05,435.82
5,1664,0.186408,4.64434052e-05,436.38
5,1666,0.197412,4.64402146e-05,436.89
5,1668,0.187607,4.64370241e-05,437.39
5,1670,0.192005,4.64338336e-05,437.87
5,1672,0.218268,4.64306468e-05,438.37
5,1674,0.218687,4.64274526e-05,438.94
5,1676,0.221263,4.64242657e-05,439.41
5,1678,0.183164,4.64210752e-05,439.91
5,1680,0.248877,4.64178847e-05,440.38
5,1682,0.186700,4.64146979e-05,440.92
5,1684,0.228983,4.64115074e-05,441.40
5,1686,0.169081,4.64083132e-05,441.87
5,1688,0.211847,4.64051227e-05,442.38
5,1690,0.208517,4.64019322e-05,442.85
5,1692,0.206674,4.63987380e-05,443.33
5,1694,0.214561,4.63955475e-05,443.75
5,1696,0.268390,4.63923607e-05,444.22
5,1698,0.223172,4.63891738e-05,444.73
5,1700,0.225787,4.63859760e-05,445.20
5,1702,0.200168,4.63827892e-05,445.72
5,1704,0.196637,4.63795914e-05,446.23
5,1706,0.198152,4.63764009e-05,446.72
5,1708,0.224119,4.63732104e-05,447.19
5,1710,0.272397,4.63700162e-05,447.75
5,1712,0.227381,4.63668293e-05,448.22
5,1714,0.204212,4.63636388e-05,448.67
5,1716,0.217275,4.63604410e-05,449.21
5,1718,0.221138,4.63572542e-05,449.70
5,1720,0.215307,4.63540564e-05,450.19
5,1722,0.216198,4.63508659e-05,450.66
5,1724,0.210214,4.63476754e-05,451.16
5,1726,0.229920,4.63444776e-05,451.62
5,1728,0.212152,4.63412907e-05,452.10
5,1730,0.178138,4.63380929e-05,452.57
5,1732,0.205577,4.63349024e-05,453.05
5,1734,0.199771,4.63317119e-05,453.55
5,1736,0.223509,4.63285141e-05,454.05
5,1738,0.214905,4.63253236e-05,454.51
5,1740,0.218856,4.63221259e-05,454.96
5,1742,0.233919,4.63189353e-05,455.46
5,1744,0.209443,4.63157448e-05,456.02
5,1746,0.223124,4.63125507e-05,456.51
5,1748,0.220477,4.63093565e-05,457.01
5,1750,0.194187,4.63061588e-05,457.49
5,1752,0.213584,4.63029683e-05,458.00
5,1754,0.225855,4.62997705e-05,458.51
5,1756,0.179350,4.62965800e-05,459.02
5,1758,0.200643,4.62933822e-05,459.49
5,1760,0.228264,4.62901917e-05,459.96
5,1762,0.256632,4.62869975e-05,460.48
5,1764,0.210089,4.62838034e-05,460.97
5,1766,0.180115,4.62806092e-05,461.47
5,1768,0.211677,4.62774115e-05,461.95
5,1770,0.206621,4.62742173e-05,462.42
5,1772,0.232697,4.62710195e-05,462.91
5,1774,0.207336,4.62678254e-05,463.41
5,1776,0.214547,4.62646312e-05,463.96
5,1778,0.267913,4.62614371e-05,464.47
5,1780,0.197470,4.62582393e-05,465.01
5,1782,0.212888,4.62550452e-05,465.58
5,1784,0.250322,4.62518474e-05,466.10
5,1786,0.205990,4.62486532e-05,466.55
5,1788,0.252159,4.62454555e-05,467.07
5,1790,0.232898,4.62422613e-05,467.57
5,1792,0.236931,4.62390672e-05,468.06
5,1794,0.221551,4.62358730e-05,468.53
5,1796,0.204640,4.62326716e-05,469.00
5,1798,0.209203,4.62294774e-05,469.47
5,1800,0.198883,4.62262797e-05,469.94
5,1802,0.248904,4.62230819e-05,470.41
5,1804,0.200542,4.62198841e-05,470.92
5,1806,0.199407,4.62166900e-05,471.43
5,1808,0.190954,4.62134922e-05,471.99
5,1810,0.199630,4.62102944e-05,472.45
5,1812,0.217952,4.62071002e-05,472.98
5,1814,0.219280,4.62038988e-05,473.48
5,1816,0.180063,4.62007047e-05,473.97
5,1818,0.218534,4.61975033e-05,474.45
5,1820,0.217339,4.61943091e-05,474.98
5,1822,0.234667,4.61911113e-05,475.49
5,1824,0.213459,4.61879172e-05,476.02
5,1826,0.231030,4.61847158e-05,476.54
5,1828,0.216199,4.61815180e-05,477.03
5,1830,0.225830,4.61783202e-05,477.52
5,1832,0.208618,4.61751224e-05,478.06
5,1834,0.210940,4.61719246e-05,478.55
5,1836,0.215193,4.61687232e-05,479.10
5,1838,0.204173,4.61655218e-05,479.68
5,1840,0.243731,4.61623313e-05,480.12
5,1842,0.213412,4.61591299e-05,480.67
5,1844,0.215594,4.61559321e-05,481.25
5,1846,0.252425,4.61527306e-05,481.83
5,1848,0.199147,4.61495292e-05,482.30
5,1850,0.204093,4.61463351e-05,482.76
5,1852,0.215867,4.61431300e-05,483.19
5,1854,0.208337,4.61399359e-05,483.68
5,1856,0.179972,4.61367381e-05,484.16
5,1858,0.234532,4.61335367e-05,484.66
5,1860,0.184423,4.61303389e-05,485.18
5,1862,0.189210,4.61271375e-05,485.64
5,1864,0.208303,4.61239360e-05,486.17
5,1866,0.211321,4.61207346e-05,486.64
5,1868,0.230414,4.61175368e-05,487.23
5,1870,0.211905,4.61143318e-05,487.74
5,1872,0.249406,4.61111376e-05,488.32
5,1874,0.221293,4.61079362e-05,488.87
5,1876,0.210513,4.61047348e-05,489.33
5,1878,0.210708,4.61015334e-05,489.89
5,1880,0.223063,4.60983319e-05,490.39
5,1882,0.209626,4.60951305e-05,490.88
5,1884,0.177473,4.60919327e-05,491.42
5,1886,0.169096,4.60887313e-05,491.94
5,1888,0.183095,4.60855299e-05,492.43
5,1890,0.222279,4.60823321e-05,492.89
5,1892,0.199954,4.60791271e-05,493.37
5,1894,0.220553,4.60759256e-05,493.90
5,1896,0.208752,4.60727279e-05,494.42
5,1898,0.232858,4.60695228e-05,494.88
5,1900,0.237629,4.60663177e-05,495.37
5,1902,0.190160,4.60631163e-05,495.90
5,1904,0.197894,4.60599185e-05,496.36
5,1906,0.207025,4.60567171e-05,496.88
5,1908,0.235683,4.60535121e-05,497.40
5,1910,0.219819,4.60503143e-05,497.91
5,1912,0.190071,4.60471092e-05,498.39
5,1914,0.194335,4.60439041e-05,498.96
5,1916,0.216979,4.60407027e-05,499.42
5,1918,0.182216,4.60374977e-05,499.90
5,1920,0.227599,4.60342999e-05,500.43
5,1922,0.204430,4.60310948e-05,500.93
5,1924,0.214760,4.60278934e-05,501.44
5,1926,0.214231,4.60246920e-05,501.90
5,1928,0.185158,4.60214869e-05,502.43
5,1930,0.212140,4.60182819e-05,502.92
5,1932,0.224411,4.60150768e-05,503.44
5,1934,0.226528,4.60118754e-05,503.92
5,1936,0.200227,4.60086740e-05,504.40
5,1938,0.252335,4.60054689e-05,504.90
5,1940,0.220783,4.60022638e-05,505.43
5,1942,0.188624,4.59990588e-05,505.94
5,1944,0.225011,4.59958537e-05,506.47
5,1946,0.220895,4.59926523e-05,506.99
5,1948,0.228650,4.59894472e-05,507.44
5,1950,0.220031,4.59862422e-05,507.95
5,1952,0.180825,4.59830371e-05,508.38
5,1954,0.201733,4.59798393e-05,508.82
5,1956,0.182130,4.59766343e-05,509.34
5,1958,0.225813,4.59734256e-05,509.85
5,1960,0.250923,4.59702205e-05,510.35
5,1962,0.192897,4.59670155e-05,510.83
5,1964,0.208678,4.59638104e-05,511.33
5,1966,0.196556,4.59606090e-05,511.82
5,1968,0.200989,4.59574003e-05,512.29
5,1970,0.176285,4.59541989e-05,512.75
5,1972,0.184423,4.59509938e-05,513.22
5,1974,0.186016,4.59477851e-05,513.75
5,1976,0.208385,4.59445801e-05,514.27
5,1978,0.216116,4.59413714e-05,514.77
5,1980,0.215098,4.59381699e-05,515.29
5,1982,0.196215,4.59349612e-05,515.77
5,1984,0.233095,4.59317562e-05,516.24
5,1986,0.211481,4.59285511e-05,516.73
5,1988,0.209771,4.59253424e-05,517.19
5,1990,0.216974,4.59221374e-05,517.65
5,1992,0.207146,4.59189359e-05,518.15
5,1994,0.170662,4.59157272e-05,518.66
5,1996,0.213434,4.59125185e-05,519.23
5,1998,0.257731,4.59093135e-05,519.69
5,2000,0.201161,4.59061048e-05,520.20
5,2002,0.204073,4.59028997e-05,520.75
5,2004,0.230251,4.58996910e-05,521.33
5,2006,0.217926,4.58964860e-05,521.85
5,2008,0.205182,4.58932736e-05,522.34
5,2010,0.209983,4.58900686e-05,522.82
5,2012,0.200592,4.58868635e-05,523.31
5,2014,0.219238,4.58836548e-05,523.78
5,2016,0.221236,4.58804461e-05,524.37
5,2018,0.207825,4.58772411e-05,524.84
5,2020,0.179918,4.58740324e-05,525.28
5,2022,0.241079,4.58708237e-05,525.73
5,2024,0.229991,4.58676150e-05,526.20
5,2026,0.168869,4.58644063e-05,526.76
5,2028,0.210073,4.58611976e-05,527.22
5,2030,0.194243,4.58579889e-05,527.69
5,2032,0.167993,4.58547802e-05,528.19
5,2034,0.200181,4.58515751e-05,528.67
5,2036,0.178233,4.58483664e-05,529.13
5,2038,0.210973,4.58451577e-05,529.61
5,2040,0.207455,4.58419454e-05,530.11
5,2042,0.209024,4.58387367e-05,530.57
5,2044,0.217441,4.58355280e-05,531.05
5,2046,0.209325,4.58323157e-05,531.53
5,2048,0.194209,4.58291070e-05,531.97
5,2050,0.210458,4.58259055e-05,532.47
5,2052,0.174439,4.58226968e-05,532.96
5,2054,0.192483,4.58194845e-05,533.47
5,2056,0.269968,4.58162758e-05,533.96
5,2058,0.226951,4.58130671e-05,534.44
5,2060,0.194629,4.58098548e-05,534.94
5,2062,0.233362,4.58066388e-05,535.47
5,2064,0.232652,4.58034301e-05,535.94
5,2066,0.237358,4.58002251e-05,536.40
5,2068,0.217396,4.57970164e-05,536.89
5,2070,0.211440,4.57938004e-05,537.37
5,2072,0.193477,4.57905953e-05,537.87
5,2074,0.213624,4.57873793e-05,538.41
5,2076,0.205993,4.57841670e-05,539.05
5,2078,0.210041,4.57809583e-05,539.55
5,2080,0.218305,4.57777460e-05,540.15
5,2082,0.209089,4.57745373e-05,540.64
5,2084,0.218650,4.57713286e-05,541.18
5,2086,0.235850,4.57681163e-05,541.70
5,2088,0.190003,4.57649039e-05,542.19
5,2090,0.193063,4.57616952e-05,542.81
5,2092,0.204148,4.57584829e-05,543.34
5,2094,0.205026,4.57552705e-05,543.81
5,2096,0.226285,4.57520582e-05,544.42
5,2098,0.208780,4.57488495e-05,545.06
5,2100,0.231328,4.57456372e-05,545.53
5,2102,0.194619,4.57424248e-05,545.99
5,2104,0.228835,4.57392125e-05,546.48
5,2106,0.225649,4.57360002e-05,546.99
5,2108,0.227487,4.57327878e-05,547.52
5,2110,0.202266,4.57295719e-05,548.00
5,2112,0.199576,4.57263595e-05,548.44
5,2114,0.193610,4.57231508e-05,548.94
5,2116,0.191424,4.57199385e-05,549.48
5,2118,0.177686,4.57167262e-05,549.95
5,2120,0.207320,4.57135138e-05,550.40
5,2122,0.194642,4.57102979e-05,550.98
5,2124,0.160676,4.57070855e-05,551.47
5,2126,0.192722,4.57038732e-05,551.96
5,2128,0.225048,4.57006608e-05,552.45
5,2130,0.189990,4.56974449e-05,552.90
5,2132,0.224263,4.56942325e-05,553.39
5,2134,0.208522,4.56910202e-05,553.94
5,2136,0.220030,4.56878042e-05,554.44
5,2138,0.169000,4.56845919e-05,554.94
5,2140,0.200485,4.56813796e-05,555.38
5,2142,0.201067,4.56781636e-05,555.90
5,2144,0.219550,4.56749476e-05,556.39
5,2146,0.236877,4.56717353e-05,556.98
5,2148,0.198871,4.56685229e-05,557.59
5,2150,0.229997,4.56653070e-05,558.07
5,2152,0.243796,4.56620946e-05,558.56
5,2154,0.163176,4.56588787e-05,559.03
5,2156,0.201427,4.56556591e-05,559.48
5,2158,0.225411,4.56524467e-05,559.95
5,2160,0.187311,4.56492307e-05,560.45
5,2162,0.195518,4.56460220e-05,560.93
5,2164,0.208364,4.56428061e-05,561.44
5,2166,0.218916,4.56395901e-05,561.90
5,2168,0.220076,4.56363778e-05,562.43
5,2170,0.205606,4.56331582e-05,562.95
5,2172,0.204580,4.56299422e-05,563.44
5,2174,0.221346,4.56267262e-05,564.02
5,2176,0.212386,4.56235102e-05,564.46
5,2178,0.186450,4.56202943e-05,564.97
5,2180,0.209309,4.56170819e-05,565.44
5,2182,0.216005,4.56138660e-05,565.94
5,2184,0.208976,4.56106500e-05,566.47
5,2186,0.221883,4.56074340e-05,566.94
5,2188,0.176313,4.56042144e-05,567.42
5,2190,0.181829,4.56009984e-05,567.89
5,2192,0.207030,4.55977824e-05,568.39
5,2194,0.193248,4.55945701e-05,568.96
5,2196,0.223375,4.55913541e-05,569.50
5,2198,0.202048,4.55881345e-05,569.97
5,2200,0.203921,4.55849149e-05,570.44
5,2202,0.195404,4.55817026e-05,570.91
5,2204,0.220105,4.55784793e-05,571.45
5,2206,0.199156,4.55752634e-05,571.94
5,2208,0.204531,4.55720474e-05,572.39
5,2210,0.204676,4.55688350e-05,572.88
5,2212,0.221211,4.55656118e-05,573.38
5,2214,0.223129,4.55623958e-05,573.84
5,2216,0.217426,4.55591799e-05,574.35
5,2218,0.184590,4.55559602e-05,574.82
5,2220,0.193030,4.55527406e-05,575.35
5,2222,0.211294,4.55495247e-05,575.81
5,2224,0.234616,4.55463050e-05,576.27
5,2226,0.172172,4.55430927e-05,576.79
5,2228,0.186799,4.55398695e-05,577.26
5,2230,0.223612,4.55366535e-05,577.80
5,2232,0.175651,4.55334375e-05,578.25
5,2234,0.187758,4.55302143e-05,578.70
5,2236,0.215947,4.55269947e-05,579.16
5,2238,0.190950,4.55237787e-05,579.66
5,2240,0.257232,4.55205591e-05,580.18
5,2242,0.191048,4.55173431e-05,580.65
5,2244,0.204459,4.55141235e-05,581.13
5,2246,0.233847,4.55109075e-05,581.63
5,2248,0.204903,4.55076843e-05,582.16
5,2250,0.198820,4.55044647e-05,582.60
5,2252,0.193043,4.55012414e-05,583.11
5,2254,0.217347,4.54980254e-05,583.57
5,2256,0.241104,4.54948058e-05,584.11
5,2258,0.222596,4.54915898e-05,584.71
5,2260,0.231591,4.54883666e-05,585.26
5,2262,0.224193,4.54851470e-05,585.72
5,2264,0.197486,4.54819237e-05,586.22
5,2266,0.175553,4.54787078e-05,586.71
5,2268,0.220807,4.54754882e-05,587.23
5,2270,0.218056,4.54722649e-05,587.74
5,2272,0.219523,4.54690453e-05,588.30
5,2274,0.215379,4.54658293e-05,588.87
5,2276,0.207890,4.54626061e-05,589.46
5,2278,0.222548,4.54593865e-05,589.96
5,2280,0.214179,4.54561668e-05,590.46
5,2282,0.201058,4.54529436e-05,591.01
5,2284,0.227370,4.54497240e-05,591.52
5,2286,0.202429,4.54465007e-05,592.08
5,2288,0.179588,4.54432811e-05,592.58
5,2290,0.230432,4.54400615e-05,593.06
5,2292,0.207743,4.54368383e-05,593.53
5,2294,0.209345,4.54336187e-05,594.05
5,2296,0.209034,4.54303954e-05,594.55
5,2298,0.203829,4.54271722e-05,595.02
5,2300,0.211374,4.54239489e-05,595.53
5,2302,0.188859,4.54207293e-05,596.04
5,2304,0.211788,4.54175060e-05,596.51
5,2306,0.170133,4.54142864e-05,596.97
5,2308,0.209019,4.54110668e-05,597.48
5,2310,0.203518,4.54078399e-05,597.96
5,2312,0.228571,4.54046203e-05,598.43
5,2314,0.224273,4.54014007e-05,598.99
5,2316,0.212861,4.53981738e-05,599.52
5,2318,0.245922,4.53949469e-05,600.01
5,2320,0.184376,4.53917273e-05,600.49
5,2322,0.213382,4.53885077e-05,600.94
5,2324,0.182313,4.53852845e-05,601.43
5,2326,0.187788,4.53820612e-05,601.91
5,2328,0.189906,4.53788380e-05,602.45
5,2330,0.215470,4.53756147e-05,602.96
5,2332,0.217219,4.53723915e-05,603.49
5,2334,0.228159,4.53691682e-05,603.99
5,2336,0.196255,4.53659413e-05,604.48
5,2338,0.236734,4.53627217e-05,605.03
5,2340,0.225923,4.53595021e-05,605.61
5,2342,0.215893,4.53562752e-05,606.11
5,2344,0.223665,4.53530520e-05,606.61
5,2346,0.233475,4.53498251e-05,607.15
5,2348,0.229448,4.53465982e-05,607.62
5,2350,0.199807,4.53433786e-05,608.13
5,2352,0.230664,4.53401553e-05,608.62
5,2354,0.230691,4.53369321e-05,609.15
5,2356,0.205498,4.53337088e-05,609.60
5,2358,0.206838,4.53304820e-05,610.12
5,2360,0.215399,4.53272587e-05,610.62
5,2362,0.236473,4.53240318e-05,611.15
5,2364,0.231951,4.53208049e-05,611.67
5,2366,0.194596,4.53175817e-05,612.25
5,2368,0.206441,4.53143548e-05,612.78
5,2370,0.211118,4.53111352e-05,613.27
5,2372,0.221770,4.53079047e-05,613.84
5,2374,0.187204,4.53046850e-05,614.45
5,2376,0.242679,4.53014545e-05,615.03
5,2378,0.203231,4.52982313e-05,615.52
5,2380,0.181099,4.52950044e-05,616.04
5,2382,0.201703,4.52917811e-05,616.52
5,2384,0.250407,4.52885542e-05,616.99
5,2386,0.199778,4.52853310e-05,617.51
5,2388,0.215890,4.52821041e-05,618.08
5,2390,0.225362,4.52788736e-05,618.55
5,2392,0.194150,4.52756503e-05,619.04
5,2394,0.224074,4.52724234e-05,619.54
5,2396,0.212600,4.52691966e-05,620.02
5,2398,0.205551,4.52659697e-05,620.50
5,2400,0.214564,4.52627428e-05,621.04
5,2402,0.198712,4.52595195e-05,621.48
5,2404,0.233342,4.52562927e-05,621.98
5,2406,0.198783,4.52530658e-05,622.49
5,2408,0.206691,4.52498352e-05,623.04
5,2410,0.204566,4.52466084e-05,623.53
5,2412,0.224495,4.52433851e-05,624.03
5,2414,0.239841,4.52401546e-05,624.58
5,2416,0.195864,4.52369277e-05,625.14
5,2418,0.188289,4.52337044e-05,625.66
5,2420,0.222255,4.52304739e-05,626.15
5,2422,0.192912,4.52272470e-05,626.60
5,2424,0.213581,4.52240165e-05,627.04
5,2426,0.192752,4.52207933e-05,627.52
5,2428,0.222964,4.52175627e-05,628.04
5,2430,0.185057,4.52143322e-05,628.61
5,2432,0.208507,4.52111090e-05,629.13
5,2434,0.207975,4.52078821e-05,629.65
5,2436,0.195894,4.52046515e-05,630.16
5,2438,0.216190,4.52014247e-05,630.58
5,2440,0.163803,4.51981941e-05,631.08
5,2442,0.197430,4.51949636e-05,631.59
5,2444,0.233642,4.51917367e-05,632.03
5,2446,0.199188,4.51885062e-05,632.52
5,2448,0.211907,4.51852757e-05,633.00
5,2450,0.217292,4.51820524e-05,633.51
5,2452,0.213058,4.51788219e-05,634.05
5,2454,0.211965,4.51755914e-05,634.53
5,2456,0.197240,4.51723645e-05,635.03
5,2458,0.225689,4.51691340e-05,635.51
5,2460,0.208106,4.51659034e-05,636.04
5,2462,0.191604,4.51626765e-05,636.55
5,2464,0.187585,4.51594460e-05,637.09
5,2466,0.229941,4.51562155e-05,637.61
5,2468,0.231602,4.51529886e-05,638.14
5,2470,0.205036,4.51497581e-05,638.61
5,2472,0.220132,4.51465276e-05,639.12
5,2474,0.202151,4.51433007e-05,639.66
5,2476,0.219155,4.51400665e-05,640.12
5,2478,0.213807,4.51368360e-05,640.62
5,2480,0.218705,4.51336018e-05,641.15
5,2482,0.187378,4.51303749e-05,641.72
5,2484,0.168026,4.51271480e-05,642.24
5,2486,0.222503,4.51239139e-05,642.69
5,2488,0.197997,4.51206834e-05,643.23
5,2490,0.192310,4.51174565e-05,643.73
5,2492,0.200159,4.51142223e-05,644.28
5,2494,0.202188,4.51109881e-05,644.86
5,2496,0.202391,4.51077576e-05,645.41
5,2498,0.185106,4.51045307e-05,645.93
5,2500,0.183520,4.51013002e-05,646.49
5,2502,0.209145,4.50980660e-05,646.94
5,2504,0.210372,4.50948319e-05,647.38
5,2506,0.214693,4.50916050e-05,647.82
5,2508,0.183169,4.50883708e-05,648.35
5,2510,0.240505,4.50851403e-05,648.90
5,2512,0.213402,4.50819061e-05,649.36
5,2514,0.220054,4.50786756e-05,649.85
5,2516,0.216783,4.50754487e-05,650.32
5,2518,0.193348,4.50722146e-05,650.82
5,2520,0.208922,4.50689804e-05,651.27
5,2522,0.224054,4.50657499e-05,651.75
5,2524,0.203026,4.50625157e-05,652.27
5,2526,0.201939,4.50592852e-05,652.74
5,2528,0.232528,4.50560474e-05,653.21
5,2530,0.213372,4.50528169e-05,653.70
5,2532,0.216809,4.50495900e-05,654.19
5,2534,0.215529,4.50463558e-05,654.63
5,2536,0.187145,4.50431216e-05,655.11
5,2538,0.242955,4.50398875e-05,655.61
5,2540,0.185229,4.50366533e-05,656.10
5,2542,0.193957,4.50334192e-05,656.56
5,2544,0.223168,4.50301886e-05,657.03
5,2546,0.223111,4.50269508e-05,657.47
5,2548,0.215061,4.50237203e-05,657.96
5,2550,0.222946,4.50204861e-05,658.45
5,2552,0.223773,4.50172520e-05,658.95
5,2554,0.234659,4.50140178e-05,659.49
5,2556,0.220936,4.50107873e-05,660.00
5,2558,0.212373,4.50075495e-05,660.56
5,2560,0.230847,4.50043153e-05,661.16
5,2562,0.203826,4.50010812e-05,661.69
5,2564,0.231785,4.49978506e-05,662.21
5,2566,0.180430,4.49946128e-05,662.68
5,2568,0.209466,4.49913823e-05,663.29
5,2570,0.215735,4.49881481e-05,663.89
5,2572,0.200525,4.49849103e-05,664.38
5,2574,0.238858,4.49816762e-05,664.88
5,2576,0.214596,4.49784420e-05,665.39
5,2578,0.205101,4.49752042e-05,665.88
5,2580,0.213663,4.49719737e-05,666.46
5,2582,0.215975,4.49687359e-05,666.99
5,2584,0.198428,4.49655054e-05,667.51
5,2586,0.172511,4.49622676e-05,667.99
5,2588,0.225314,4.49590334e-05,668.51
5,2590,0.184199,4.49557956e-05,669.02
5,2592,0.216353,4.49525578e-05,669.55
5,2594,0.224943,4.49493236e-05,670.06
5,2596,0.210958,4.49460895e-05,670.59
5,2598,0.214036,4.49428517e-05,671.10
5,2600,0.211424,4.49396175e-05,671.56
5,2602,0.208088,4.49363797e-05,672.02
5,2604,0.202790,4.49331492e-05,672.50
5,2606,0.214097,4.49299114e-05,673.03
5,2608,0.203987,4.49266736e-05,673.54
5,2610,0.213675,4.49234358e-05,674.11
5,2612,0.204117,4.49202016e-05,674.62
5,2614,0.196679,4.49169675e-05,675.21
5,2616,0.203478,4.49137297e-05,675.67
5,2618,0.192007,4.49104919e-05,676.15
5,2620,0.196509,4.49072541e-05,676.66
5,2622,0.221752,4.49040162e-05,677.17
5,2624,0.184012,4.49007784e-05,677.63
5,2626,0.246675,4.48975406e-05,678.13
5,2628,0.201272,4.48943065e-05,678.62
5,2630,0.226945,4.48910687e-05,679.11
5,2632,0.180079,4.48878309e-05,679.54
5,2634,0.244781,4.48845931e-05,680.02
5,2636,0.235935,4.48813553e-05,680.53
5,2638,0.207634,4.48781138e-05,681.02
5,2640,0.219174,4.48748760e-05,681.59
5,2642,0.249210,4.48716382e-05,682.10
5,2644,0.210577,4.48684041e-05,682.63
5,2646,0.224738,4.48651663e-05,683.10
5,2648,0.226269,4.48619285e-05,683.58
5,2650,0.216913,4.48586870e-05,684.09
5,2652,0.212653,4.48554492e-05,684.64
5,2654,0.207737,4.48522114e-05,685.20
5,2656,0.237487,4.48489736e-05,685.75
5,2658,0.222906,4.48457322e-05,686.24
5,2660,0.206503,4.48424980e-05,686.72
5,2662,0.206729,4.48392602e-05,687.30
5,2664,0.205614,4.48360188e-05,687.91
5,2666,0.207758,4.48327810e-05,688.43
5,2668,0.199010,4.48295395e-05,688.91
5,2670,0.210391,4.48263017e-05,689.52
5,2672,0.187038,4.48230639e-05,689.98
5,2674,0.201046,4.48198225e-05,690.49
5,2676,0.203459,4.48165883e-05,690.97
5,2678,0.203043,4.48133469e-05,691.46
5,2680,0.216249,4.48101055e-05,692.03
5,2682,0.245013,4.48068677e-05,692.54
5,2684,0.204909,4.48036262e-05,693.05
5,2686,0.209232,4.48003848e-05,693.60
5,2688,0.244628,4.47971470e-05,694.10
5,2690,0.207606,4.47939055e-05,694.60
5,2692,0.192842,4.47906714e-05,695.12
5,2694,0.193091,4.47874299e-05,695.61
5,2696,0.218761,4.47841885e-05,696.07
5,2698,0.218768,4.47809434e-05,696.54
5,2700,0.227711,4.47777020e-05,697.11
5,2702,0.222291,4.47744642e-05,697.65
5,2704,0.177424,4.47712227e-05,698.12
5,2706,0.191853,4.47679813e-05,698.75
5,2708,0.197048,4.47647435e-05,699.32
5,2710,0.196139,4.47615021e-05,699.90
5,2712,0.251205,4.47582606e-05,700.47
5,2714,0.214112,4.47550192e-05,701.01
5,2716,0.220271,4.47517778e-05,701.53
5,2718,0.207128,4.47485399e-05,702.14
5,2720,0.203251,4.47452912e-05,702.69
5,2722,0.166870,4.47420534e-05,703.30
5,2724,0.194278,4.47388120e-05,703.83
5,2726,0.180777,4.47355706e-05,704.37
5,2728,0.191831,4.47323291e-05,704.85
5,2730,0.216206,4.47290877e-05,705.44
5,2732,0.210034,4.47258462e-05,706.02
5,2734,0.197947,4.47226048e-05,706.49
5,2736,0.212636,4.47193634e-05,707.06
5,2738,0.216522,4.47161183e-05,707.55
5,2740,0.200287,4.47128768e-05,708.04
5,2742,0.206807,4.47096354e-05,708.53
5,2744,0.187184,4.47063940e-05,708.97
5,2746,0.188162,4.47031525e-05,709.48
5,2748,0.231400,4.46999074e-05,710.07
5,2750,0.209186,4.46966660e-05,710.57
5,2752,0.210536,4.46934209e-05,711.05
5,2754,0.223071,4.46901759e-05,711.55
5,2756,0.199605,4.46869381e-05,712.05
5,2758,0.194441,4.46836930e-05,712.56
5,2760,0.224723,4.46804515e-05,713.08
5,2762,0.187528,4.46772101e-05,713.63
5,2764,0.223396,4.46739614e-05,714.11
5,2766,0.206541,4.46707163e-05,714.66
5,2768,0.216624,4.46674749e-05,715.19
5,2770,0.184013,4.46642298e-05,715.75
5,2772,0.204930,4.46609920e-05,716.24
5,2774,0.200787,4.46577433e-05,716.77
5,2776,0.195226,4.46545018e-05,717.25
5,2778,0.200485,4.46512568e-05,717.77
5,2780,0.171197,4.46480117e-05,718.30
5,2782,0.166113,4.46447702e-05,718.82
5,2784,0.207528,4.46415215e-05,719.32
5,2786,0.198874,4.46382764e-05,719.87
5,2788,0.207793,4.46350350e-05,720.41
5,2790,0.203580,4.46317936e-05,720.89
5,2792,0.210008,4.46285485e-05,721.35
5,2794,0.185544,4.46252998e-05,721.84
5,2796,0.213716,4.46220547e-05,722.29
5,2798,0.207386,4.46188133e-05,722.75
5,2800,0.194617,4.46155682e-05,723.19
5,2802,0.212441,4.46123195e-05,723.67
5,2804,0.201027,4.46090780e-05,724.13
5,2806,0.208378,4.46058330e-05,724.63
5,2808,0.231943,4.46025879e-05,725.07
5,2810,0.218270,4.45993392e-05,725.54
5,2812,0.206808,4.45960941e-05,726.02
5,2814,0.203623,4.45928490e-05,726.48
5,2816,0.181648,4.45896039e-05,726.93
5,2818,0.190909,4.45863552e-05,727.41
5,2820,0.218837,4.45831138e-05,727.88
5,2822,0.209871,4.45798687e-05,728.34
5,2824,0.190682,4.45766236e-05,728.87
5,2826,0.227445,4.45733749e-05,729.33
5,2828,0.234658,4.45701262e-05,729.79
5,2830,0.218651,4.45668811e-05,730.29
5,2832,0.220275,4.45636324e-05,730.80
5,2834,0.211947,4.45603873e-05,731.33
5,2836,0.196875,4.45571459e-05,731.83
5,2838,0.221471,4.45538972e-05,732.30
5,2840,0.200273,4.45506485e-05,732.78
5,2842,0.195865,4.45473997e-05,733.25
5,2844,0.166654,4.45441547e-05,733.72
5,2846,0.195509,4.45409059e-05,734.22
5,2848,0.214325,4.45376609e-05,734.75
5,2850,0.209549,4.45344122e-05,735.25
5,2852,0.193716,4.45311707e-05,735.75
5,2854,0.217422,4.45279184e-05,736.31
5,2856,0.194534,4.45246733e-05,736.84
5,2858,0.159446,4.45214209e-05,737.30
5,2860,0.216370,4.45181759e-05,737.81
5,2862,0.218294,4.45149271e-05,738.29
5,2864,0.207435,4.45116784e-05,738.76
5,2866,0.163752,4.45084297e-05,739.22
5,2868,0.235292,4.45051846e-05,739.73
5,2870,0.198138,4.45019359e-05,740.24
5,2872,0.236185,4.44986872e-05,740.72
5,2874,0.196431,4.44954385e-05,741.20
5,2876,0.241466,4.44921898e-05,741.73
5,2878,0.237725,4.44889411e-05,742.22
5,2880,0.203467,4.44856923e-05,742.72
5,2882,0.202994,4.44824436e-05,743.24
5,2884,0.191498,4.44791986e-05,743.72
5,2886,0.215068,4.44759498e-05,744.22
5,2888,0.232567,4.44726975e-05,744.73
5,2890,0.193408,4.44694524e-05,745.34
5,2892,0.175367,4.44662001e-05,745.90
5,2894,0.212182,4.44629513e-05,746.39
5,2896,0.230228,4.44597026e-05,746.96
5,2898,0.229114,4.44564503e-05,747.49
5,2900,0.230923,4.44532052e-05,747.98
5,2902,0.213383,4.44499528e-05,748.53
5,2904,0.212218,4.44467041e-05,749.12
5,2906,0.229688,4.44434554e-05,749.59
5,2908,0.183895,4.44402031e-05,750.07
5,2910,0.217687,4.44369543e-05,750.55
5,2912,0.207626,4.44337020e-05,751.08
5,2914,0.229297,4.44304533e-05,751.55
5,2916,0.214700,4.44272082e-05,752.02
5,2918,0.180006,4.44239558e-05,752.55
5,2920,0.163947,4.44207071e-05,753.04
5,2922,0.204141,4.44174548e-05,753.59
5,2924,0.206650,4.44142024e-05,754.16
5,2926,0.199888,4.44109501e-05,754.66
5,2928,0.229972,4.44077014e-05,755.11
5,2930,0.233432,4.44044526e-05,755.61
5,2932,0.236254,4.44012003e-05,756.08
5,2934,0.216862,4.43979516e-05,756.58
5,2936,0.231059,4.43946992e-05,757.03
5,2938,0.223447,4.43914469e-05,757.50
5,2940,0.214117,4.43881945e-05,758.00
5,2942,0.212730,4.43849458e-05,758.46
5,2944,0.187947,4.43816898e-05,759.02
5,2946,0.243939,4.43784411e-05,759.57
5,2948,0.179348,4.43751960e-05,760.15
5,2950,0.223426,4.43719400e-05,760.68
5,2952,0.194100,4.43686913e-05,761.15
5,2954,0.164624,4.43654353e-05,761.61
5,2956,0.188038,4.43621866e-05,762.09
5,2958,0.214772,4.43589306e-05,762.61
5,2960,0.175139,4.43556819e-05,763.11
5,2962,0.205207,4.43524259e-05,763.62
5,2964,0.206019,4.43491808e-05,764.14
5,2966,0.227539,4.43459248e-05,764.68
5,2968,0.209686,4.43426725e-05,765.21
5,2970,0.182654,4.43394165e-05,765.68
5,2972,0.176917,4.43361678e-05,766.19
5,2974,0.182941,4.43329118e-05,766.70
5,2976,0.235361,4.43296631e-05,767.22
5,2978,0.189280,4.43264071e-05,767.71
5,2980,0.219768,4.43231584e-05,768.15
5,2982,0.216195,4.43199024e-05,768.58
5,2984,0.221567,4.43166500e-05,769.09
5,2986,0.216789,4.43133977e-05,769.58
5,2988,0.188108,4.43101453e-05,770.06
5,2990,0.165295,4.43068893e-05,770.53
5,2992,0.184995,4.43036370e-05,771.09
5,2994,0.226236,4.43003810e-05,771.52
5,2996,0.188987,4.42971323e-05,771.97
5,2998,0.244179,4.42938763e-05,772.50
5,3000,0.198093,4.42906203e-05,772.95
5,3002,0.191325,4.42873679e-05,773.42
5,3004,0.198869,4.42841119e-05,773.89
5,3006,0.218057,4.42808596e-05,774.41
5,3008,0.190133,4.42776036e-05,774.97
5,3010,0.211533,4.42743512e-05,775.46
5,3012,0.250061,4.42710989e-05,775.91
5,3014,0.203122,4.42678465e-05,776.38
5,3016,0.199713,4.42645905e-05,776.86
5,3018,0.223167,4.42613346e-05,777.38
5,3020,0.191228,4.42580786e-05,777.87
5,3022,0.236604,4.42548226e-05,778.34
5,3024,0.187690,4.42515702e-05,778.85
5,3026,0.215914,4.42483142e-05,779.39
5,3028,0.206852,4.42450546e-05,779.99
5,3030,0.203395,4.42418059e-05,780.53
5,3032,0.191315,4.42385499e-05,781.14
5,3034,0.225153,4.42352939e-05,781.67
5,3036,0.231670,4.42320379e-05,782.10
5,3038,0.202921,4.42287856e-05,782.57
5,3040,0.197270,4.42255259e-05,783.08
5,3042,0.210476,4.42222699e-05,783.61
5,3044,0.218474,4.42190139e-05,784.17
5,3046,0.187964,4.42157616e-05,784.66
5,3048,0.178444,4.42125020e-05,785.21
5,3050,0.223253,4.42092496e-05,785.70
5,3052,0.235369,4.42059936e-05,786.20
5,3054,0.187174,4.42027376e-05,786.65
5,3056,0.222300,4.41994780e-05,787.14
5,3058,0.213344,4.41962220e-05,787.65
5,3060,0.211390,4.41929697e-05,788.12
5,3062,0.192752,4.41897137e-05,788.58
5,3064,0.221733,4.41864540e-05,789.12
5,3066,0.220288,4.41831980e-05,789.61
5,3068,0.215148,4.41799421e-05,790.11
5,3070,0.186342,4.41766824e-05,790.59
5,3072,0.233964,4.41734264e-05,791.10
5,3074,0.242070,4.41701704e-05,791.63
5,3076,0.225186,4.41669108e-05,792.13
5,3078,0.187144,4.41636585e-05,792.62
5,3080,0.205208,4.41603988e-05,793.11
5,3082,0.199421,4.41571465e-05,793.63
5,3084,0.224696,4.41538868e-05,794.15
5,3086,0.222691,4.41506272e-05,794.64
5,3088,0.195495,4.41473676e-05,795.12
5,3090,0.185722,4.41441116e-05,795.60
5,3092,0.225378,4.41408520e-05,796.12
5,3094,0.213660,4.41375960e-05,796.61
5,3096,0.223142,4.41343400e-05,797.12
5,3098,0.231651,4.41310804e-05,797.63
5,3100,0.207035,4.41278207e-05,798.15
5,3102,0.242034,4.41245647e-05,798.58
5,3104,0.185134,4.41213051e-05,799.10
5,3106,0.170275,4.41180455e-05,799.60
5,3108,0.216640,4.41147859e-05,800.16
5,3110,0.206634,4.41115335e-05,800.64
5,3112,0.204943,4.41082739e-05,801.17
5,3114,0.204317,4.41050142e-05,801.68
5,3116,0.206731,4.41017546e-05,802.18
5,3118,0.209511,4.40984986e-05,802.69
5,3120,0.201371,4.40952354e-05,803.16
5,3122,0.181068,4.40919757e-05,803.70
5,3124,0.208934,4.40887197e-05,804.21
5,3126,0.172004,4.40854637e-05,804.73
5,3128,0.189239,4.40822005e-05,805.29
5,3130,0.174857,4.40789445e-05,805.75
5,3132,0.207632,4.40756849e-05,806.20
5,3134,0.149845,4.40724216e-05,806.69
5,3136,0.194401,4.40691620e-05,807.26
5,3138,0.163755,4.40659060e-05,807.71
5,3140,0.176967,4.40626427e-05,808.24
5,3142,0.231723,4.40593867e-05,808.75
5,3144,0.198143,4.40561234e-05,809.38
5,3146,0.216588,4.40528675e-05,809.87
5,3148,0.226957,4.40496042e-05,810.36
5,3150,0.241308,4.40463446e-05,810.85
5,3152,0.193487,4.40430813e-05,811.31
5,3154,0.202869,4.40398217e-05,811.84
5,3156,0.198366,4.40365620e-05,812.34
5,3158,0.186799,4.40333024e-05,812.82
5,3160,0.208119,4.40300428e-05,813.31
5,3162,0.215943,4.40267795e-05,813.85
5,3164,0.194405,4.40235235e-05,814.32
5,3166,0.198352,4.40202602e-05,814.87
5,3168,0.200875,4.40169970e-05,815.43
5,3170,0.223458,4.40137337e-05,815.95
5,3172,0.191299,4.40104741e-05,816.38
5,3174,0.189764,4.40072181e-05,816.89
5,3176,0.242426,4.40039548e-05,817.45
5,3178,0.198135,4.40006916e-05,817.95
5,3180,0.179481,4.39974319e-05,818.43
5,3182,0.183467,4.39941687e-05,818.90
5,3184,0.233860,4.39909054e-05,819.38
5,3186,0.194582,4.39876458e-05,819.87
5,3188,0.207590,4.39843825e-05,820.42
5,3190,0.226238,4.39811229e-05,820.95
5,3192,0.188182,4.39778596e-05,821.50
5,3194,0.226933,4.39745963e-05,822.03
5,3196,0.185918,4.39713331e-05,822.54
5,3198,0.200585,4.39680771e-05,823.07
5,3200,0.209172,4.39648102e-05,823.57
5,3202,0.200946,4.39615469e-05,824.13
5,3204,0.203037,4.39582836e-05,824.68
5,3206,0.205065,4.39550276e-05,825.16
5,3208,0.244666,4.39517680e-05,825.67
5,3210,0.195641,4.39485011e-05,826.24
5,3212,0.180940,4.39452378e-05,826.72
5,3214,0.179691,4.39419746e-05,827.21
5,3216,0.245617,4.39387113e-05,827.70
5,3218,0.214125,4.39354480e-05,828.15
5,3220,0.198109,4.39321811e-05,828.65
5,3222,0.200193,4.39289215e-05,829.11
5,3224,0.210817,4.39256619e-05,829.57
5,3226,0.205847,4.39223986e-05,830.09
5,3228,0.221233,4.39191317e-05,830.53
5,3230,0.230197,4.39158684e-05,831.01
5,3232,0.190543,4.39126052e-05,831.47
5,3234,0.206760,4.39093419e-05,831.94
5,3236,0.193761,4.39060750e-05,832.39
5,3238,0.202263,4.39028154e-05,832.85
5,3240,0.200034,4.38995485e-05,833.35
5,3242,0.156960,4.38962888e-05,833.81
5,3244,0.204443,4.38930219e-05,834.31
5,3246,0.218110,4.38897587e-05,834.78
5,3248,0.229683,4.38864954e-05,835.25
5,3250,0.242568,4.38832285e-05,835.80
5,3252,0.205373,4.38799616e-05,836.29
5,3254,0.246524,4.38767020e-05,836.77
5,3256,0.218245,4.38734351e-05,837.25
5,3258,0.231545,4.38701718e-05,837.78
5,3260,0.190961,4.38669049e-05,838.28
5,3262,0.233309,4.38636380e-05,838.76
5,3264,0.200180,4.38603747e-05,839.37
5,3266,0.191456,4.38571078e-05,839.86
5,3268,0.211224,4.38538409e-05,840.40
5,3270,0.214776,4.38505849e-05,840.88
5,3272,0.178592,4.38473180e-05,841.37
5,3274,0.230850,4.38440547e-05,841.87
5,3276,0.194419,4.38407878e-05,842.37
5,3278,0.206769,4.38375209e-05,842.91
5,3280,0.219820,4.38342540e-05,843.36
5,3282,0.224937,4.38309871e-05,843.85
5,3284,0.220233,4.38277239e-05,844.37
5,3286,0.242310,4.38244606e-05,844.88
5,3288,0.189063,4.38211937e-05,845.35
5,3290,0.216859,4.38179268e-05,845.86
5,3292,0.170324,4.38146599e-05,846.35
5,3294,0.236607,4.38113930e-05,846.81
5,3296,0.194432,4.38081261e-05,847.29
5,3298,0.219814,4.38048592e-05,847.78
5,3300,0.205328,4.38015923e-05,848.27
5,3302,0.162987,4.37983290e-05,848.75
5,3304,0.214268,4.37950621e-05,849.23
5,3306,0.188833,4.37917952e-05,849.72
5,3308,0.172974,4.37885283e-05,850.21
5,3310,0.194624,4.37852614e-05,850.74
5,3312,0.195066,4.37819945e-05,851.23
5,3314,0.234322,4.37787239e-05,851.70
5,3316,0.224567,4.37754570e-05,852.19
5,3318,0.200722,4.37721937e-05,852.65
5,3320,0.182479,4.37689268e-05,853.16
5,3322,0.190641,4.37656599e-05,853.68
5,3324,0.257349,4.37623930e-05,854.20
5,3326,0.194415,4.37591225e-05,854.75
5,3328,0.193907,4.37558556e-05,855.22
5,3330,0.200853,4.37525887e-05,855.70
5,3332,0.187488,4.37493181e-05,856.19
5,3334,0.221241,4.37460549e-05,856.68
5,3336,0.189649,4.37427880e-05,857.21
5,3338,0.217976,4.37395174e-05,857.68
5,3340,0.181561,4.37362505e-05,858.19
5,3342,0.209531,4.37329763e-05,858.71
5,3344,0.206452,4.37297094e-05,859.26
5,3346,0.187172,4.37264425e-05,859.76
5,3348,0.219667,4.37231720e-05,860.26
5,3350,0.220434,4.37199087e-05,860.69
5,3352,0.224619,4.37166382e-05,861.18
5,3354,0.172167,4.37133713e-05,861.65
5,3356,0.207270,4.37101007e-05,862.12
5,3358,0.210135,4.37068338e-05,862.61
5,3360,0.199347,4.37035633e-05,863.11
5,3362,0.210094,4.37002927e-05,863.65
5,3364,0.228846,4.36970258e-05,864.17
5,3366,0.179565,4.36937589e-05,864.68
5,3368,0.182664,4.36904884e-05,865.21
5,3370,0.200816,4.36872215e-05,865.70
5,3372,0.212386,4.36839473e-05,866.18
5,3374,0.190548,4.36806768e-05,866.72
5,3376,0.177361,4.36774098e-05,867.20
5,3378,0.211877,4.36741393e-05,867.64
5,3380,0.204835,4.36708688e-05,868.15
5,3382,0.239308,4.36676019e-05,868.61
5,3384,0.228450,4.36643350e-05,869.15
5,3386,0.195205,4.36610644e-05,869.64
5,3388,0.177444,4.36577939e-05,870.12
5,3390,0.219113,4.36545233e-05,870.60
5,3392,0.196109,4.36512491e-05,871.16
5,3394,0.187458,4.36479786e-05,871.66
5,3396,0.244478,4.36447081e-05,872.13
5,3398,0.226191,4.36414412e-05,872.65
5,3400,0.206821,4.36381706e-05,873.14
5,3402,0.207461,4.36349001e-05,873.58
5,3404,0.197829,4.36316295e-05,874.08
5,3406,0.201897,4.36283553e-05,874.63
5,3408,0.203612,4.36250848e-05,875.09
5,3410,0.203254,4.36218143e-05,875.56
5,3412,0.212616,4.36185437e-05,876.10
5,3414,0.204190,4.36152768e-05,876.58
5,3416,0.201134,4.36120063e-05,877.14
5,3418,0.209849,4.36087357e-05,877.69
5,3420,0.207929,4.36054652e-05,878.15
5,3422,0.196983,4.36021874e-05,878.61
5,3424,0.212207,4.35989168e-05,879.07
5,3426,0.249594,4.35956463e-05,879.55
5,3428,0.191310,4.35923757e-05,880.07
5,3430,0.199537,4.35891088e-05,880.53
5,3432,0.208818,4.35858310e-05,881.07
5,3434,0.201887,4.35825605e-05,881.59
5,3436,0.203984,4.35792899e-05,882.11
5,3438,0.205130,4.35760157e-05,882.63
5,3440,0.238974,4.35727452e-05,883.17
5,3442,0.175347,4.35694747e-05,883.61
5,3444,0.222582,4.35661968e-05,884.20
5,3446,0.175591,4.35629299e-05,884.68
5,3448,0.203463,4.35596558e-05,885.17
5,3450,0.219602,4.35563852e-05,885.73
5,3452,0.189205,4.35531074e-05,886.31
5,3454,0.194622,4.35498368e-05,886.85
5,3456,0.231685,4.35465627e-05,887.29
5,3458,0.204721,4.35432921e-05,887.81
5,3460,0.197450,4.35400179e-05,888.30
5,3462,0.223318,4.35367510e-05,888.78
5,3464,0.220963,4.35334732e-05,889.26
5,3466,0.169297,4.35302027e-05,889.71
5,3468,0.186319,4.35269285e-05,890.25
5,3470,0.208850,4.35236543e-05,890.75
5,3472,0.216135,4.35203801e-05,891.26
5,3474,0.202490,4.35171060e-05,891.79
5,3476,0.234717,4.35138318e-05,892.23
5,3478,0.210830,4.35105649e-05,892.72
5,3480,0.185243,4.35072870e-05,893.21
5,3482,0.211155,4.35040129e-05,893.69
5,3484,0.229483,4.35007387e-05,894.22
5,3486,0.206744,4.34974681e-05,894.68
5,3488,0.205058,4.34941903e-05,895.20
5,3490,0.221138,4.34909161e-05,895.66
5,3492,0.195383,4.34876420e-05,896.16
5,3494,0.211094,4.34843714e-05,896.67
5,3496,0.205635,4.34810936e-05,897.17
5,3498,0.217540,4.34778231e-05,897.65
5,3500,0.205289,4.34745452e-05,898.17
5,3502,0.213253,4.34712747e-05,898.60
5,3504,0.207684,4.34679969e-05,899.17
5,3506,0.235259,4.34647227e-05,899.68
5,3508,0.213506,4.34614485e-05,900.17
5,3510,0.217100,4.34581780e-05,900.68
5,3512,0.169279,4.34549002e-05,901.15
5,3514,0.220381,4.34516223e-05,901.65
5,3516,0.187027,4.34483518e-05,902.17
5,3518,0.206970,4.34450703e-05,902.71
5,3520,0.211782,4.34417962e-05,903.29
5,3522,0.183159,4.34385220e-05,903.81
5,3524,0.183288,4.34352442e-05,904.34
5,3526,0.208918,4.34319736e-05,904.89
5,3528,0.204822,4.34286994e-05,905.48
5,3530,0.193031,4.34254180e-05,905.95
5,3532,0.226178,4.34221438e-05,906.43
5,3534,0.177016,4.34188696e-05,906.98
5,3536,0.183787,4.34155918e-05,907.49
5,3538,0.195939,4.34123176e-05,908.01
5,3540,0.195987,4.34090398e-05,908.49
5,3542,0.185116,4.34057692e-05,908.99
5,3544,0.176022,4.34024878e-05,909.49
5,3546,0.184335,4.33992136e-05,909.97
5,3548,0.232994,4.33959394e-05,910.42
5,3550,0.202462,4.33926580e-05,910.92
5,3552,0.216960,4.33893838e-05,911.41
5,3554,0.201174,4.33861060e-05,911.90
5,3556,0.225582,4.33828282e-05,912.39
5,3558,0.196558,4.33795576e-05,912.83
5,3560,0.238445,4.33762762e-05,913.29
5,3562,0.183777,4.33730020e-05,913.79
5,3564,0.216871,4.33697242e-05,914.30
5,3566,0.210604,4.33664463e-05,914.85
5,3568,0.191212,4.33631685e-05,915.34
5,3570,0.212202,4.33598871e-05,915.84
5,3572,0.224906,4.33566129e-05,916.33
5,3574,0.213031,4.33533351e-05,916.79
5,3576,0.195878,4.33500645e-05,917.24
5,3578,0.190553,4.33467831e-05,917.73
5,3580,0.188837,4.33435052e-05,918.18
5,3582,0.198881,4.33402274e-05,918.67
5,3584,0.217701,4.33369496e-05,919.10
5,3586,0.227618,4.33336681e-05,919.60
5,3588,0.193159,4.33303903e-05,920.08
5,3590,0.226099,4.33271161e-05,920.61
5,3592,0.187930,4.33238383e-05,921.20
5,3594,0.217434,4.33205605e-05,921.68
5,3596,0.184874,4.33172827e-05,922.19
5,3598,0.228224,4.33140012e-05,922.64
5,3600,0.188529,4.33107234e-05,923.12
5,3602,0.231475,4.33074456e-05,923.61
5,3604,0.205347,4.33041678e-05,924.07
5,3606,0.213706,4.33008863e-05,924.57
5,3608,0.199569,4.32976121e-05,925.06
5,3610,0.240900,4.32943343e-05,925.53
5,3612,0.172639,4.32910529e-05,926.05
5,3614,0.175981,4.32877750e-05,926.57
5,3616,0.219179,4.32844936e-05,927.06
5,3618,0.175681,4.32812158e-05,927.55
5,3620,0.200207,4.32779343e-05,928.06
5,3622,0.192352,4.32746565e-05,928.65
5,3624,0.222027,4.32713823e-05,929.19
5,3626,0.193249,4.32681009e-05,929.68
5,3628,0.203311,4.32648230e-05,930.16
5,3630,0.224793,4.32615379e-05,930.65
5,3632,0.221584,4.32582601e-05,931.14
5,3634,0.179728,4.32549787e-05,931.60
5,3636,0.201106,4.32517008e-05,932.07
5,3638,0.213808,4.32484194e-05,932.58
5,3640,0.195199,4.32451416e-05,933.06
5,3642,0.181951,4.32418638e-05,933.54
5,3644,0.198317,4.32385823e-05,934.04
5,3646,0.189420,4.32353045e-05,934.45
5,3648,0.196203,4.32320194e-05,934.90
5,3650,0.185028,4.32287416e-05,935.44
5,3652,0.185348,4.32254601e-05,935.90
5,3654,0.182148,4.32221786e-05,936.32
5,3656,0.195470,4.32189008e-05,936.78
5,3658,0.224751,4.32156230e-05,937.34
5,3660,0.187649,4.32123379e-05,937.89
5,3662,0.193366,4.32090601e-05,938.35
5,3664,0.234514,4.32057750e-05,938.86
5,3666,0.206248,4.32024972e-05,939.32
5,3668,0.199311,4.31992121e-05,939.86
5,3670,0.195981,4.31959343e-05,940.29
5,3672,0.195923,4.31926528e-05,940.77
5,3674,0.215571,4.31893750e-05,941.23
5,3676,0.205732,4.31860899e-05,941.74
5,3678,0.228914,4.31828121e-05,942.22
5,3680,0.212852,4.31795270e-05,942.76
5,3682,0.220154,4.31762492e-05,943.35
5,3684,0.194883,4.31729641e-05,943.86
5,3686,0.198951,4.31696826e-05,944.48
5,3688,0.184021,4.31664048e-05,944.99
5,3690,0.217380,4.31631233e-05,945.54
5,3692,0.210396,4.31598382e-05,946.14
5,3694,0.201275,4.31565531e-05,946.64
5,3696,0.197561,4.31532753e-05,947.19
5,3698,0.168330,4.31499902e-05,947.71
5,3700,0.190872,4.31467088e-05,948.17
5,3702,0.219556,4.31434273e-05,948.80
5,3704,0.213290,4.31401495e-05,949.29
5,3706,0.240448,4.31368644e-05,949.83
5,3708,0.216260,4.31335829e-05,950.31
5,3710,0.233645,4.31302979e-05,950.77
5,3712,0.187263,4.31270164e-05,951.21
5,3714,0.238640,4.31237313e-05,951.64
5,3716,0.205439,4.31204462e-05,952.14
5,3718,0.224490,4.31171684e-05,952.61
5,3720,0.210515,4.31138869e-05,953.08
5,3722,0.211926,4.31106018e-05,953.59
5,3724,0.217174,4.31073204e-05,954.16
5,3726,0.219401,4.31040316e-05,954.66
5,3728,0.213916,4.31007538e-05,955.17
5,3730,0.177863,4.30974651e-05,955.68
5,3732,0.215345,4.30941836e-05,956.16
5,3734,0.213033,4.30908985e-05,956.64
5,3736,0.194259,4.30876207e-05,957.11
5,3738,0.210043,4.30843356e-05,957.56
5,3740,0.208761,4.30810505e-05,958.10
5,3742,0.217987,4.30777691e-05,958.59
5,3744,0.180922,4.30744840e-05,959.21
5,3746,0.200337,4.30711989e-05,959.75
5,3748,0.214694,4.30679138e-05,960.23
5,3750,0.215907,4.30646287e-05,960.78
5,3752,0.199194,4.30613509e-05,961.26
5,3754,0.216970,4.30580621e-05,961.76
5,3756,0.168450,4.30547807e-05,962.24
5,3758,0.198692,4.30514956e-05,962.77
5,3760,0.191731,4.30482105e-05,963.27
5,3762,0.212679,4.30449254e-05,963.80
5,3764,0.212278,4.30416403e-05,964.33
5,3766,0.205451,4.30383516e-05,964.85
5,3768,0.215036,4.30350738e-05,965.34
5,3770,0.202157,4.30317887e-05,965.89
5,3772,0.182666,4.30285036e-05,966.42
5,3774,0.183009,4.30252185e-05,966.90
5,3776,0.207471,4.30219297e-05,967.41
5,3778,0.231693,4.30186483e-05,967.91
5,3780,0.185412,4.30153632e-05,968.38
5,3782,0.198744,4.30120745e-05,968.86
5,3784,0.205315,4.30087930e-05,969.35
5,3786,0.187914,4.30055079e-05,969.85
5,3788,0.173643,4.30022192e-05,970.33
5,3790,0.212738,4.29989377e-05,970.80
5,3792,0.207034,4.29956490e-05,971.27
5,3794,0.222156,4.29923639e-05,971.83
5,3796,0.238105,4.29890788e-05,972.32
5,3798,0.204158,4.29857901e-05,972.86
5,3800,0.176652,4.29825086e-05,973.33
5,3802,0.194857,4.29792235e-05,973.86
5,3804,0.190541,4.29759348e-05,974.51
5,3806,0.216349,4.29726460e-05,974.96
5,3808,0.214951,4.29693646e-05,975.47
5,3810,0.212157,4.29660759e-05,975.99
5,3812,0.216435,4.29627871e-05,976.43
5,3814,0.211157,4.29594984e-05,976.90
5,3816,0.206914,4.29562169e-05,977.43
5,3818,0.170104,4.29529318e-05,978.02
5,3820,0.189573,4.29496431e-05,978.57
5,3822,0.186222,4.29463580e-05,979.09
5,3824,0.177755,4.29430693e-05,979.64
5,3826,0.201922,4.29397805e-05,980.21
5,3828,0.171825,4.29364954e-05,980.75
5,3830,0.216049,4.29332067e-05,981.27
5,3832,0.202831,4.29299216e-05,981.78
5,3834,0.212648,4.29266329e-05,982.29
5,3836,0.253660,4.29233478e-05,982.73
5,3838,0.215642,4.29200591e-05,983.23
5,3840,0.250604,4.29167703e-05,983.71
5,3842,0.208899,4.29134816e-05,984.29
5,3844,0.172087,4.29101965e-05,984.77
5,3846,0.172240,4.29069078e-05,985.31
5,3848,0.177746,4.29036227e-05,985.90
5,3850,0.199800,4.29003376e-05,986.39
5,3852,0.228747,4.28970488e-05,986.93
5,3854,0.173861,4.28937601e-05,987.36
5,3856,0.180187,4.28904677e-05,987.86
5,3858,0.196596,4.28871826e-05,988.34
5,3860,0.190585,4.28838939e-05,988.83
5,3862,0.212880,4.28806052e-05,989.30
5,3864,0.230482,4.28773201e-05,989.82
5,3866,0.212611,4.28740314e-05,990.31
5,3868,0.204514,4.28707426e-05,990.81
5,3870,0.225378,4.28674539e-05,991.32
5,3872,0.177954,4.28641652e-05,991.84
5,3874,0.186411,4.28608728e-05,992.34
5,3876,0.186542,4.28575877e-05,992.82
5,3878,0.222165,4.28542953e-05,993.37
5,3880,0.201263,4.28510102e-05,993.93
5,3882,0.184661,4.28477251e-05,994.44
5,3884,0.220216,4.28444328e-05,994.91
5,3886,0.191592,4.28411440e-05,995.44
5,3888,0.209688,4.28378517e-05,995.96
5,3890,0.179616,4.28345629e-05,996.48
5,3892,0.224013,4.28312705e-05,996.92
5,3894,0.203031,4.28279855e-05,997.45
5,3896,0.193723,4.28246967e-05,997.98
5,3898,0.211459,4.28214080e-05,998.44
5,3900,0.197035,4.28181156e-05,998.94
5,3902,0.189230,4.28148305e-05,999.42
5,3904,0.211071,4.28115382e-05,999.87
5,3906,0.191701,4.28082494e-05,1000.40
5,3908,0.201113,4.28049570e-05,1000.95
5,3910,0.179241,4.28016647e-05,1001.47
5,3912,0.174422,4.27983796e-05,1001.95
5,3914,0.206024,4.27950908e-05,1002.50
5,3916,0.191211,4.27917985e-05,1003.08
5,3918,0.181487,4.27885097e-05,1003.56
5,3920,0.196277,4.27852174e-05,1004.03
5,3922,0.174996,4.27819250e-05,1004.57
5,3924,0.194086,4.27786326e-05,1005.04
5,3926,0.233215,4.27753475e-05,1005.52
5,3928,0.187295,4.27720588e-05,1006.05
5,3930,0.231608,4.27687664e-05,1006.53
5,3932,0.175635,4.27654741e-05,1006.97
5,3934,0.222046,4.27621817e-05,1007.52
5,3936,0.209045,4.27588893e-05,1008.03
5,3938,0.176894,4.27556042e-05,1008.56
5,3940,0.167938,4.27523119e-05,1009.09
5,3942,0.214511,4.27490195e-05,1009.57
5,3944,0.248665,4.27457308e-05,1010.04
5,3946,0.205219,4.27424384e-05,1010.53
5,3948,0.204630,4.27391460e-05,1011.01
5,3950,0.202970,4.27358536e-05,1011.50
5,3952,0.210168,4.27325613e-05,1012.05
5,3954,0.195443,4.27292725e-05,1012.50
5,3956,0.225019,4.27259802e-05,1013.00
5,3958,0.197326,4.27226878e-05,1013.51
5,3960,0.198577,4.27193991e-05,1014.02
5,3962,0.230915,4.27161067e-05,1014.47
5,3964,0.184696,4.27128107e-05,1014.98
5,3966,0.212994,4.27095183e-05,1015.49
5,3968,0.198053,4.27062259e-05,1015.96
5,3970,0.189717,4.27029336e-05,1016.43
5,3972,0.241664,4.26996448e-05,1016.96
5,3974,0.205739,4.26963525e-05,1017.47
5,3976,0.214592,4.26930601e-05,1017.90
5,3978,0.205401,4.26897677e-05,1018.39
5,3980,0.184510,4.26864754e-05,1018.87
5,3982,0.187809,4.26831830e-05,1019.40
5,3984,0.221003,4.26798906e-05,1019.88
5,3986,0.237338,4.26765946e-05,1020.39
5,3988,0.180668,4.26733022e-05,1020.88
5,3990,0.225463,4.26700099e-05,1021.39
5,3992,0.227146,4.26667211e-05,1021.87
5,3994,0.187183,4.26634288e-05,1022.36
5,3996,0.219251,4.26601327e-05,1022.88
5,3998,0.172563,4.26568404e-05,1023.38
5,4000,0.176528,4.26535480e-05,1023.82
5,4002,0.191234,4.26502520e-05,1024.34
5,4004,0.183741,4.26469596e-05,1024.83
5,4006,0.195044,4.26436636e-05,1025.33
5,4008,0.189292,4.26403749e-05,1025.84
5,4010,0.188763,4.26370789e-05,1026.37
5,4012,0.203056,4.26337865e-05,1026.86
5,4014,0.193153,4.26304905e-05,1027.33
5,4016,0.198494,4.26271981e-05,1027.83
5,4018,0.224950,4.26239021e-05,1028.35
5,4020,0.222202,4.26206097e-05,1028.80
5,4022,0.189887,4.26173137e-05,1029.37
5,4024,0.229759,4.26140214e-05,1029.93
5,4026,0.185449,4.26107326e-05,1030.42
5,4028,0.157453,4.26074366e-05,1030.95
5,4030,0.201077,4.26041370e-05,1031.50
5,4032,0.188056,4.26008482e-05,1032.07
5,4034,0.196081,4.25975522e-05,1032.61
5,4036,0.194380,4.25942562e-05,1033.08
5,4038,0.206195,4.25909639e-05,1033.60
5,4040,0.197239,4.25876715e-05,1034.07
5,4042,0.225857,4.25843755e-05,1034.59
5,4044,0.205301,4.25810795e-05,1035.07
5,4046,0.184799,4.25777835e-05,1035.59
5,4048,0.185694,4.25744911e-05,1036.13
5,4050,0.195871,4.25711951e-05,1036.63
5,4052,0.213621,4.25678991e-05,1037.17
5,4054,0.204334,4.25646031e-05,1037.69
5,4056,0.192562,4.25613107e-05,1038.21
5,4058,0.182199,4.25580147e-05,1038.73
5,4060,0.202250,4.25547187e-05,1039.25
5,4062,0.212883,4.25514227e-05,1039.80
5,4064,0.210478,4.25481267e-05,1040.29
5,4066,0.176185,4.25448306e-05,1040.89
5,4068,0.211714,4.25415346e-05,1041.44
5,4070,0.219050,4.25382386e-05,1041.96
5,4072,0.196188,4.25349463e-05,1042.50
5,4074,0.238323,4.25316503e-05,1043.09
5,4076,0.213238,4.25283542e-05,1043.63
5,4078,0.215122,4.25250582e-05,1044.14
5,4080,0.202172,4.25217622e-05,1044.58
5,4082,0.194714,4.25184626e-05,1045.10
5,4084,0.222936,4.25151666e-05,1045.57
5,4086,0.217448,4.25118706e-05,1046.03
5,4088,0.212198,4.25085818e-05,1046.49
5,4090,0.176004,4.25052785e-05,1046.99
5,4092,0.176021,4.25019825e-05,1047.48
5,4094,0.210389,4.24986865e-05,1047.97
5,4096,0.230420,4.24953905e-05,1048.44
5,4098,0.213141,4.24920945e-05,1048.93
5,4100,0.174750,4.24887949e-05,1049.55
5,4102,0.226171,4.24854989e-05,1050.12
5,4104,0.174002,4.24822028e-05,1050.59
5,4106,0.195652,4.24789068e-05,1051.12
5,4108,0.223692,4.24756108e-05,1051.63
5,4110,0.212495,4.24723148e-05,1052.17
5,4112,0.224796,4.24690152e-05,1052.68
5,4114,0.182744,4.24657192e-05,1053.21
5,4116,0.213476,4.24624232e-05,1053.80
5,4118,0.205045,4.24591199e-05,1054.35
5,4120,0.190699,4.24558239e-05,1054.81
5,4122,0.176642,4.24525279e-05,1055.32
5,4124,0.221826,4.24492318e-05,1055.91
5,4126,0.224266,4.24459322e-05,1056.42
5,4128,0.218236,4.24426362e-05,1056.93
5,4130,0.192528,4.24393365e-05,1057.42
5,4132,0.189832,4.24360405e-05,1057.96
5,4134,0.210410,4.24327409e-05,1058.46
5,4136,0.217251,4.24294449e-05,1059.00
5,4138,0.175719,4.24261489e-05,1059.60
5,4140,0.207627,4.24228529e-05,1060.12
5,4142,0.159720,4.24195496e-05,1060.67
5,4144,0.221154,4.24162499e-05,1061.21
5,4146,0.210432,4.24129539e-05,1061.80
5,4148,0.204123,4.24096543e-05,1062.31
5,4150,0.232896,4.24063546e-05,1062.80
5,4152,0.182556,4.24030586e-05,1063.27
5,4154,0.195116,4.23997626e-05,1063.79
5,4156,0.181600,4.23964630e-05,1064.32
5,4158,0.185163,4.23931597e-05,1064.79
5,4160,0.198480,4.23898637e-05,1065.26
5,4162,0.185133,4.23865640e-05,1065.77
5,4164,0.208051,4.23832644e-05,1066.29
5,4166,0.221391,4.23799647e-05,1066.91
5,4168,0.214329,4.23766687e-05,1067.42
5,4170,0.206164,4.23733727e-05,1067.95
5,4172,0.194733,4.23700731e-05,1068.54
5,4174,0.198904,4.23667698e-05,1069.10
5,4176,0.197884,4.23634701e-05,1069.61
5,4178,0.233641,4.23601705e-05,1070.09
5,4180,0.213419,4.23568708e-05,1070.57
5,4182,0.189524,4.23535712e-05,1071.10
5,4184,0.203808,4.23502679e-05,1071.57
5,4186,0.209481,4.23469719e-05,1072.09
5,4188,0.224334,4.23436759e-05,1072.58
5,4190,0.203493,4.23403726e-05,1073.09
5,4192,0.194254,4.23370766e-05,1073.57
5,4194,0.196481,4.23337733e-05,1074.12
5,4196,0.210718,4.23304700e-05,1074.71
5,4198,0.214909,4.23271704e-05,1075.20
5,4200,0.197762,4.23238707e-05,1075.82
5,4202,0.179686,4.23205747e-05,1076.30
5,4204,0.187171,4.23172751e-05,1076.82
5,4206,0.199383,4.23139754e-05,1077.32
5,4208,0.200277,4.23106758e-05,1077.81
5,4210,0.171766,4.23073689e-05,1078.32
5,4212,0.222790,4.23040692e-05,1078.82
5,4214,0.223147,4.23007696e-05,1079.34
5,4216,0.189475,4.22974699e-05,1079.85
5,4218,0.186566,4.22941739e-05,1080.33
5,4220,0.180092,4.22908706e-05,1080.77
5,4222,0.232598,4.22875673e-05,1081.27
5,4224,0.212127,4.22842677e-05,1081.85
5,4226,0.191868,4.22809680e-05,1082.38
5,4228,0.195563,4.22776611e-05,1082.92
5,4230,0.156128,4.22743615e-05,1083.50
5,4232,0.224799,4.22710618e-05,1084.14
5,4234,0.202122,4.22677622e-05,1084.67
5,4236,0.184244,4.22644625e-05,1085.17
5,4238,0.216272,4.22611556e-05,1085.70
5,4240,0.213525,4.22578560e-05,1086.28
5,4242,0.221901,4.22545563e-05,1086.79
5,4244,0.169921,4.22512530e-05,1087.30
5,4246,0.209259,4.22479498e-05,1087.84
5,4248,0.205609,4.22446465e-05,1088.36
5,4250,0.222013,4.22413505e-05,1088.88
5,4252,0.193125,4.22380472e-05,1089.36
5,4254,0.217320,4.22347475e-05,1089.98
5,4256,0.223863,4.22314406e-05,1090.62
5,4258,0.214974,4.22281410e-05,1091.13
5,4260,0.197511,4.22248377e-05,1091.66
5,4262,0.189431,4.22215380e-05,1092.18
5,4264,0.191895,4.22182311e-05,1092.74
5,4266,0.173038,4.22149315e-05,1093.32
5,4268,0.202296,4.22116318e-05,1093.82
5,4270,0.197044,4.22083285e-05,1094.38
5,4272,0.202177,4.22050216e-05,1094.90
5,4274,0.179264,4.22017220e-05,1095.51
5,4276,0.191203,4.21984187e-05,1096.13
5,4278,0.202228,4.21951117e-05,1096.65
5,4280,0.229219,4.21918121e-05,1097.32
5,4282,0.178109,4.21885125e-05,1097.97
5,4284,0.174527,4.21852092e-05,1098.50
5,4286,0.186223,4.21819022e-05,1099.02
5,4288,0.191110,4.21786026e-05,1099.54
5,4290,0.194568,4.21752993e-05,1100.05
5,4292,0.204781,4.21719960e-05,1100.54
5,4294,0.206582,4.21686891e-05,1101.04
5,4296,0.211896,4.21653858e-05,1101.55
5,4298,0.207759,4.21620862e-05,1102.02
5,4300,0.200767,4.21587793e-05,1102.47
5,4302,0.193550,4.21554760e-05,1102.99
5,4304,0.194871,4.21521763e-05,1103.48
5,4306,0.202645,4.21488730e-05,1103.94
5,4308,0.165749,4.21455661e-05,1104.40
5,4310,0.226904,4.21422628e-05,1104.89
5,4312,0.185319,4.21389595e-05,1105.36
5,4314,0.194775,4.21356563e-05,1105.82
5,4316,0.192764,4.21323530e-05,1106.33
5,4318,0.185548,4.21290497e-05,1106.86
5,4320,0.218827,4.21257391e-05,1107.35
5,4322,0.235189,4.21224358e-05,1107.85
5,4324,0.186270,4.21191326e-05,1108.43
5,4326,0.213740,4.21158256e-05,1108.96
5,4328,0.213563,4.21125224e-05,1109.52
5,4330,0.176995,4.21092227e-05,1110.00
5,4332,0.233733,4.21059158e-05,1110.54
5,4334,0.226117,4.21026125e-05,1111.02
5,4336,0.238222,4.20993056e-05,1111.54
5,4338,0.226011,4.20959987e-05,1112.03
5,4340,0.216055,4.20926954e-05,1112.61
5,4342,0.196814,4.20893921e-05,1113.09
5,4344,0.216109,4.20860852e-05,1113.58
5,4346,0.190097,4.20827819e-05,1114.11
5,4348,0.182247,4.20794786e-05,1114.70
5,4350,0.242651,4.20761717e-05,1115.18
5,4352,0.184906,4.20728684e-05,1115.78
5,4354,0.155211,4.20695578e-05,1116.28
5,4356,0.169568,4.20662545e-05,1116.85
5,4358,0.221282,4.20629513e-05,1117.32
5,4360,0.181058,4.20596407e-05,1117.84
5,4362,0.208562,4.20563410e-05,1118.30
5,4364,0.183176,4.20530341e-05,1118.81
5,4366,0.180327,4.20497272e-05,1119.29
5,4368,0.185816,4.20464239e-05,1119.85
5,4370,0.226188,4.20431170e-05,1120.33
5,4372,0.211202,4.20398101e-05,1120.83
5,4374,0.183642,4.20365031e-05,1121.29
5,4376,0.212474,4.20331962e-05,1121.76
5,4378,0.193422,4.20298929e-05,1122.29
5,4380,0.193242,4.20265897e-05,1122.81
5,4382,0.149180,4.20232791e-05,1123.31
5,4384,0.207328,4.20199758e-05,1123.79
5,4386,0.211125,4.20166652e-05,1124.35
5,4388,0.211385,4.20133583e-05,1124.83
5,4390,0.194417,4.20100550e-05,1125.33
5,4392,0.217148,4.20067445e-05,1125.82
5,4394,0.215171,4.20034412e-05,1126.35
5,4396,0.168642,4.20001379e-05,1126.91
5,4398,0.171906,4.19968273e-05,1127.47
5,4400,0.202910,4.19935241e-05,1128.00
5,4402,0.204009,4.19902135e-05,1128.48
5,4404,0.167993,4.19869066e-05,1129.02
5,4406,0.192224,4.19835960e-05,1129.54
5,4408,0.192269,4.19802927e-05,1130.04
5,4410,0.239407,4.19769895e-05,1130.58
5,4412,0.168719,4.19736789e-05,1131.05
5,4414,0.212152,4.19703720e-05,1131.58
5,4416,0.203405,4.19670650e-05,1132.13
5,4418,0.180484,4.19637581e-05,1132.68
5,4420,0.178757,4.19604476e-05,1133.25
5,4422,0.204606,4.19571406e-05,1133.86
5,4424,0.205186,4.19538301e-05,1134.40
5,4426,0.189522,4.19505268e-05,1134.95
5,4428,0.199831,4.19472199e-05,1135.49
5,4430,0.254059,4.19439093e-05,1136.11
5,4432,0.214839,4.19406060e-05,1136.66
5,4434,0.196398,4.19372955e-05,1137.32
5,4436,0.193116,4.19339885e-05,1137.80
5,4438,0.197693,4.19306780e-05,1138.33
5,4440,0.225456,4.19273711e-05,1138.89
5,4442,0.168195,4.19240678e-05,1139.44
5,4444,0.196012,4.19207572e-05,1139.97
5,4446,0.188244,4.19174503e-05,1140.57
5,4448,0.192441,4.19141397e-05,1141.16
5,4450,0.212035,4.19108328e-05,1141.70
5,4452,0.208673,4.19075186e-05,1142.20
5,4454,0.187363,4.19042117e-05,1142.69
5,4456,0.224278,4.19009011e-05,1143.23
5,4458,0.204150,4.18975978e-05,1143.73
5,4460,0.197234,4.18942873e-05,1144.20
5,4462,0.193775,4.18909804e-05,1144.64
5,4464,0.189408,4.18876698e-05,1145.17
5,4466,0.193334,4.18843592e-05,1145.71
5,4468,0.204522,4.18810487e-05,1146.23
5,4470,0.207055,4.18777418e-05,1146.68
5,4472,0.199915,4.18744312e-05,1147.15
5,4474,0.204385,4.18711279e-05,1147.63
5,4476,0.184767,4.18678137e-05,1148.08
5,4478,0.188134,4.18645068e-05,1148.54
5,4480,0.192916,4.18611962e-05,1149.00
5,4482,0.209698,4.18578857e-05,1149.48
5,4484,0.211151,4.18545751e-05,1150.04
5,4486,0.170818,4.18512682e-05,1150.55
5,4488,0.200398,4.18479540e-05,1151.07
5,4490,0.212943,4.18446507e-05,1151.57
5,4492,0.192026,4.18413365e-05,1152.07
5,4494,0.189617,4.18380296e-05,1152.56
5,4496,0.169191,4.18347190e-05,1153.06
5,4498,0.201931,4.18314085e-05,1153.55
5,4500,0.190920,4.18280979e-05,1154.05
5,4502,0.204062,4.18247873e-05,1154.57
5,4504,0.205147,4.18214768e-05,1155.07
5,4506,0.238179,4.18181698e-05,1155.57
5,4508,0.182144,4.18148593e-05,1156.12
5,4510,0.201089,4.18115487e-05,1156.63
5,4512,0.192280,4.18082382e-05,1157.11
5,4514,0.199097,4.18049240e-05,1157.74
5,4516,0.212162,4.18016170e-05,1158.31
5,4518,0.188282,4.17983028e-05,1158.93
5,4520,0.165186,4.17949923e-05,1159.41
5,4522,0.170399,4.17916854e-05,1160.02
5,4524,0.215980,4.17883748e-05,1160.60
5,4526,0.210878,4.17850642e-05,1161.06
5,4528,0.210651,4.17817537e-05,1161.58
5,4530,0.212036,4.17784395e-05,1162.15
5,4532,0.217237,4.17751326e-05,1162.62
5,4534,0.193939,4.17718184e-05,1163.12
5,4536,0.189886,4.17685042e-05,1163.61
5,4538,0.172819,4.17651972e-05,1164.10
5,4540,0.184177,4.17618867e-05,1164.58
5,4542,0.230598,4.17585761e-05,1165.11
5,4544,0.185111,4.17552619e-05,1165.59
5,4546,0.223006,4.17519514e-05,1166.15
5,4548,0.183218,4.17486372e-05,1166.63
5,4550,0.194844,4.17453266e-05,1167.17
5,4552,0.198386,4.17420160e-05,1167.71
5,4554,0.193574,4.17387055e-05,1168.20
5,4556,0.200245,4.17353949e-05,1168.69
5,4558,0.189591,4.17320807e-05,1169.20
5,4560,0.235802,4.17287665e-05,1169.74
5,4562,0.220538,4.17254560e-05,1170.21
5,4564,0.159622,4.17221418e-05,1170.71
5,4566,0.230179,4.17188312e-05,1171.17
5,4568,0.181890,4.17155170e-05,1171.72
5,4570,0.219668,4.17122137e-05,1172.29
5,4572,0.213150,4.17088995e-05,1172.77
5,4574,0.193990,4.17055853e-05,1173.26
5,4576,0.215810,4.17022748e-05,1173.73
5,4578,0.211311,4.16989606e-05,1174.26
5,4580,0.236159,4.16956427e-05,1174.77
5,4582,0.189538,4.16923322e-05,1175.32
5,4584,0.232430,4.16890180e-05,1175.81
5,4586,0.163921,4.16857110e-05,1176.30
5,4588,0.199033,4.16823968e-05,1176.77
5,4590,0.209446,4.16790826e-05,1177.26
5,4592,0.200191,4.16757721e-05,1177.76
5,4594,0.219813,4.16724579e-05,1178.20
5,4596,0.211393,4.16691473e-05,1178.71
5,4598,0.174625,4.16658295e-05,1179.23
5,4600,0.207901,4.16625153e-05,1179.77
5,4602,0.201816,4.16592084e-05,1180.23
5,4604,0.200355,4.16558942e-05,1180.89
5,4606,0.198167,4.16525763e-05,1181.43
5,4608,0.207041,4.16492658e-05,1181.95
5,4610,0.206131,4.16459516e-05,1182.45
5,4612,0.187967,4.16426337e-05,1182.93
5,4614,0.187110,4.16393232e-05,1183.43
5,4616,0.176709,4.16360090e-05,1183.95
5,4618,0.211079,4.16327021e-05,1184.50
5,4620,0.167375,4.16293842e-05,1184.95
5,4622,0.156895,4.16260700e-05,1185.38
5,4624,0.230574,4.16227595e-05,1185.91
5,4626,0.207531,4.16194416e-05,1186.54
5,4628,0.175144,4.16161274e-05,1187.06
5,4630,0.181476,4.16128096e-05,1187.57
5,4632,0.178788,4.16094990e-05,1188.07
5,4634,0.208408,4.16061848e-05,1188.57
5,4636,0.207406,4.16028743e-05,1189.05
5,4638,0.192793,4.15995564e-05,1189.53
5,4640,0.191104,4.15962422e-05,1190.02
5,4642,0.194105,4.15929244e-05,1190.54
5,4644,0.188438,4.15896138e-05,1191.03
5,4646,0.207060,4.15862960e-05,1191.55
5,4648,0.204771,4.15829818e-05,1192.04
5,4650,0.169181,4.15796676e-05,1192.52
5,4652,0.226450,4.15763570e-05,1193.02
5,4654,0.187803,4.15730392e-05,1193.52
5,4656,0.196771,4.15697250e-05,1194.06
5,4658,0.236995,4.15664108e-05,1194.50
5,4660,0.246484,4.15630930e-05,1194.95
5,4662,0.206098,4.15597824e-05,1195.42
5,4664,0.218423,4.15564646e-05,1195.98
5,4666,0.211703,4.15531467e-05,1196.58
5,4668,0.195603,4.15498325e-05,1197.07
5,4670,0.188845,4.15465220e-05,1197.63
5,4672,0.166760,4.15432041e-05,1198.20
5,4674,0.191729,4.15398863e-05,1198.74
5,4676,0.187202,4.15365757e-05,1199.33
5,4678,0.219221,4.15332579e-05,1199.88
5,4680,0.214848,4.15299401e-05,1200.35
5,4682,0.194814,4.15266222e-05,1200.84
5,4684,0.214770,4.15233117e-05,1201.39
5,4686,0.174363,4.15199938e-05,1201.94
5,4688,0.210880,4.15166796e-05,1202.43
5,4690,0.186688,4.15133654e-05,1202.89
5,4692,0.188295,4.15100476e-05,1203.34
5,4694,0.202024,4.15067298e-05,1203.84
5,4696,0.219614,4.15034119e-05,1204.31
5,4698,0.184482,4.15000941e-05,1204.74
5,4700,0.179412,4.14967835e-05,1205.29
5,4702,0.183334,4.14934657e-05,1205.84
5,4704,0.229491,4.14901479e-05,1206.35
5,4706,0.184485,4.14868300e-05,1206.89
5,4708,0.198000,4.14835158e-05,1207.42
5,4710,0.194238,4.14801980e-05,1207.96
5,4712,0.200675,4.14768801e-05,1208.60
5,4714,0.180726,4.14735623e-05,1209.08
5,4716,0.210764,4.14702517e-05,1209.54
5,4718,0.173076,4.14669339e-05,1210.08
5,4720,0.163219,4.14636161e-05,1210.59
5,4722,0.178248,4.14602982e-05,1211.11
5,4724,0.183811,4.14569840e-05,1211.57
5,4726,0.224041,4.14536662e-05,1212.12
5,4728,0.210265,4.14503484e-05,1212.65
5,4730,0.203217,4.14470269e-05,1213.19
5,4732,0.161348,4.14437163e-05,1213.73
5,4734,0.219482,4.14403985e-05,1214.21
5,4736,0.204312,4.14370807e-05,1214.73
5,4738,0.228524,4.14337628e-05,1215.25
5,4740,0.208310,4.14304486e-05,1215.77
5,4742,0.221694,4.14271271e-05,1216.27
5,4744,0.212505,4.14238093e-05,1216.88
5,4746,0.191389,4.14204915e-05,1217.39
5,4748,0.178698,4.14171736e-05,1217.96
5,4750,0.203981,4.14138594e-05,1218.40
5,4752,0.165766,4.14105416e-05,1218.94
5,4754,0.211401,4.14072238e-05,1219.48
5,4756,0.197456,4.14039023e-05,1220.03
5,4758,0.213496,4.14005845e-05,1220.52
5,4760,0.184316,4.13972630e-05,1220.98
5,4762,0.198698,4.13939488e-05,1221.54
5,4764,0.177791,4.13906346e-05,1222.05
5,4766,0.213597,4.13873131e-05,1222.54
5,4768,0.219071,4.13839953e-05,1223.03
5,4770,0.197736,4.13806738e-05,1223.65
5,4772,0.196998,4.13773596e-05,1224.16
5,4774,0.196027,4.13740381e-05,1224.66
5,4776,0.163448,4.13707203e-05,1225.25
5,4778,0.201715,4.13674024e-05,1225.81
5,4780,0.209563,4.13640846e-05,1226.27
5,4782,0.185105,4.13607704e-05,1226.75
5,4784,0.183337,4.13574489e-05,1227.28
5,4786,0.209659,4.13541275e-05,1227.82
5,4788,0.191667,4.13508096e-05,1228.35
5,4790,0.190474,4.13474881e-05,1228.96
5,4792,0.200238,4.13441703e-05,1229.60
5,4794,0.144459,4.13408488e-05,1230.13
5,4796,0.229328,4.13375346e-05,1230.63
5,4798,0.206808,4.13342168e-05,1231.14
5,4800,0.179359,4.13308953e-05,1231.63
5,4802,0.209987,4.13275739e-05,1232.17
5,4804,0.198049,4.13242560e-05,1232.67
5,4806,0.204692,4.13209345e-05,1233.17
5,4808,0.178423,4.13176131e-05,1233.67
5,4810,0.160546,4.13142989e-05,1234.15
5,4812,0.238602,4.13109810e-05,1234.68
5,4814,0.201782,4.13076596e-05,1235.19
5,4816,0.179974,4.13043381e-05,1235.66
5,4818,0.192536,4.13010202e-05,1236.16
5,4820,0.204906,4.12976988e-05,1236.66
5,4822,0.173359,4.12943809e-05,1237.21
5,4824,0.205979,4.12910595e-05,1237.70
5,4826,0.235132,4.12877380e-05,1238.18
5,4828,0.220613,4.12844238e-05,1238.71
5,4830,0.166038,4.12811023e-05,1239.18
5,4832,0.207786,4.12777808e-05,1239.62
5,4834,0.185401,4.12744594e-05,1240.10
5,4836,0.197468,4.12711379e-05,1240.61
5,4838,0.175279,4.12678164e-05,1241.13
5,4840,0.186216,4.12644986e-05,1241.60
5,4842,0.166432,4.12611771e-05,1242.08
5,4844,0.211147,4.12578593e-05,1242.53
5,4846,0.203090,4.12545378e-05,1243.06
5,4848,0.210095,4.12512163e-05,1243.58
5,4850,0.183613,4.12478948e-05,1244.05
5,4852,0.193421,4.12445734e-05,1244.62
5,4854,0.165697,4.12412519e-05,1245.09
5,4856,0.159789,4.12379304e-05,1245.54
5,4858,0.184461,4.12346089e-05,1246.06
5,4860,0.197937,4.12312947e-05,1246.51
5,4862,0.176102,4.12279733e-05,1247.03
5,4864,0.191741,4.12246518e-05,1247.52
5,4866,0.204846,4.12213303e-05,1248.02
5,4868,0.200742,4.12180088e-05,1248.52
5,4870,0.213402,4.12146874e-05,1249.02
5,4872,0.174604,4.12113623e-05,1249.53
5,4874,0.173462,4.12080408e-05,1250.04
5,4876,0.226763,4.12047229e-05,1250.57
5,4878,0.164633,4.12014015e-05,1251.05
5,4880,0.200636,4.11980836e-05,1251.48
5,4882,0.223380,4.11947549e-05,1251.96
5,4884,0.180937,4.11914370e-05,1252.45
5,4886,0.207812,4.11881156e-05,1252.91
5,4888,0.195280,4.11847941e-05,1253.43
5,4890,0.237725,4.11814690e-05,1253.89
5,4892,0.186409,4.11781512e-05,1254.39
5,4894,0.204227,4.11748297e-05,1254.85
5,4896,0.210622,4.11715046e-05,1255.31
5,4898,0.189453,4.11681831e-05,1255.82
5,4900,0.197662,4.11648616e-05,1256.26
5,4902,0.187454,4.11615365e-05,1256.86
5,4904,0.196973,4.11582150e-05,1257.42
5,4906,0.221357,4.11548936e-05,1257.89
5,4908,0.210179,4.11515721e-05,1258.36
5,4910,0.194979,4.11482506e-05,1258.87
5,4912,0.203621,4.11449255e-05,1259.44
5,4914,0.210939,4.11416040e-05,1259.99
5,4916,0.190459,4.11382825e-05,1260.52
5,4918,0.165553,4.11349574e-05,1261.00
5,4920,0.173672,4.11316323e-05,1261.56
5,4922,0.180451,4.11283108e-05,1262.06
5,4924,0.225537,4.11249894e-05,1262.63
5,4926,0.189123,4.11216715e-05,1263.12
5,4928,0.215143,4.11183501e-05,1263.62
5,4930,0.200856,4.11150249e-05,1264.18
5,4932,0.217325,4.11116998e-05,1264.72
5,4934,0.177061,4.11083784e-05,1265.22
5,4936,0.191291,4.11050532e-05,1265.79
5,4938,0.219874,4.11017318e-05,1266.30
5,4940,0.221981,4.10984103e-05,1266.80
5,4942,0.169112,4.10950852e-05,1267.28
5,4944,0.221668,4.10917637e-05,1267.82
5,4946,0.172154,4.10884386e-05,1268.29
5,4948,0.182507,4.10851135e-05,1268.80
5,4950,0.203055,4.10817920e-05,1269.34
5,4952,0.212600,4.10784669e-05,1269.93
5,4954,0.216309,4.10751418e-05,1270.41
5,4956,0.217000,4.10718203e-05,1270.95
5,4958,0.187937,4.10684988e-05,1271.49
5,4960,0.179206,4.10651737e-05,1271.96
5,4962,0.200347,4.10618486e-05,1272.43
5,4964,0.186207,4.10585271e-05,1273.01
5,4966,0.210353,4.10552020e-05,1273.53
5,4968,0.210051,4.10518769e-05,1274.00
5,4970,0.174321,4.10485482e-05,1274.54
5,4972,0.206328,4.10452303e-05,1275.07
5,4974,0.213767,4.10419052e-05,1275.62
5,4976,0.202384,4.10385837e-05,1276.16
5,4978,0.159454,4.10352586e-05,1276.68
5,4980,0.195743,4.10319299e-05,1277.23
5,4982,0.200352,4.10286048e-05,1277.82
5,4984,0.180249,4.10252796e-05,1278.33
5,4986,0.192406,4.10219545e-05,1278.78
5,4988,0.188138,4.10186331e-05,1279.31
5,4990,0.210787,4.10153079e-05,1279.89
5,4992,0.228424,4.10119828e-05,1280.40
5,4994,0.223040,4.10086577e-05,1280.91
5,4996,0.180063,4.10053326e-05,1281.42
5,4998,0.182004,4.10020075e-05,1281.93
5,5000,0.193673,4.09986824e-05,1282.42
5,5002,0.181060,4.09953573e-05,1282.96
5,5004,0.205606,4.09920358e-05,1283.47
5,5006,0.180447,4.09887107e-05,1283.95
5,5008,0.178770,4.09853856e-05,1284.45
5,5010,0.204766,4.09820605e-05,1284.92
5,5012,0.156869,4.09787353e-05,1285.40
5,5014,0.200972,4.09754066e-05,1285.92
5,5016,0.167874,4.09720778e-05,1286.36
5,5018,0.211369,4.09687527e-05,1286.81
5,5020,0.162309,4.09654313e-05,1287.38
5,5022,0.197677,4.09621061e-05,1287.86
5,5024,0.184560,4.09587810e-05,1288.36
5,5026,0.150398,4.09554523e-05,1288.81
5,5028,0.182758,4.09521272e-05,1289.38
5,5030,0.190759,4.09488021e-05,1289.88
5,5032,0.187253,4.09454769e-05,1290.39
5,5034,0.160224,4.09421518e-05,1290.88
5,5036,0.200118,4.09388267e-05,1291.42
5,5038,0.191994,4.09355016e-05,1291.92
5,5040,0.192471,4.09321765e-05,1292.41
5,5042,0.222097,4.09288514e-05,1292.96
5,5044,0.171146,4.09255190e-05,1293.48
5,5046,0.175520,4.09221939e-05,1294.05
5,5048,0.194629,4.09188688e-05,1294.57
5,5050,0.220310,4.09155400e-05,1295.08
5,5052,0.179749,4.09122185e-05,1295.58
5,5054,0.196274,4.09088898e-05,1296.19
5,5056,0.223395,4.09055647e-05,1296.67
5,5058,0.228562,4.09022396e-05,1297.20
5,5060,0.240680,4.08989108e-05,1297.70
5,5062,0.220791,4.08955857e-05,1298.18
5,5064,0.166907,4.08922533e-05,1298.70
5,5066,0.203568,4.08889282e-05,1299.20
5,5068,0.233769,4.08856031e-05,1299.74
5,5070,0.176916,4.08822780e-05,1300.25
5,5072,0.229644,4.08789492e-05,1300.73
5,5074,0.192795,4.08756241e-05,1301.28
5,5076,0.227366,4.08722954e-05,1301.78
5,5078,0.188511,4.08689702e-05,1302.24
5,5080,0.219821,4.08656379e-05,1302.73
5,5082,0.219483,4.08623127e-05,1303.19
5,5084,0.195234,4.08589876e-05,1303.66
5,5086,0.168657,4.08556589e-05,1304.21
5,5088,0.182311,4.08523338e-05,1304.71
5,5090,0.182910,4.08490050e-05,1305.21
5,5092,0.176171,4.08456799e-05,1305.73
5,5094,0.194591,4.08423512e-05,1306.24
5,5096,0.190133,4.08390188e-05,1306.81
5,5098,0.175144,4.08356937e-05,1307.27
5,5100,0.186362,4.08323685e-05,1307.78
5,5102,0.213990,4.08290398e-05,1308.25
5,5104,0.201699,4.08257110e-05,1308.72
5,5106,0.234375,4.08223859e-05,1309.19
5,5108,0.198545,4.08190535e-05,1309.71
5,5110,0.206763,4.08157248e-05,1310.15
5,5112,0.190892,4.08123997e-05,1310.59
5,5114,0.249081,4.08090709e-05,1311.09
5,5116,0.209856,4.08057458e-05,1311.54
5,5118,0.191657,4.08024171e-05,1312.07
5,5120,0.200860,4.07990883e-05,1312.57
5,5122,0.209290,4.07957596e-05,1313.09
5,5124,0.200058,4.07924308e-05,1313.62
5,5126,0.235836,4.07891021e-05,1314.09
5,5128,0.210865,4.07857733e-05,1314.58
5,5130,0.208421,4.07824446e-05,1315.09
5,5132,0.211508,4.07791194e-05,1315.55
5,5134,0.210517,4.07757871e-05,1315.98
5,5136,0.191388,4.07724583e-05,1316.52
5,5138,0.221211,4.07691332e-05,1317.01
5,5140,0.179139,4.07658044e-05,1317.45
5,5142,0.179303,4.07624757e-05,1317.92
5,5144,0.199975,4.07591433e-05,1318.44
5,5146,0.209606,4.07558146e-05,1318.93
5,5148,0.190176,4.07524894e-05,1319.46
5,5150,0.183398,4.07491607e-05,1319.93
5,5152,0.215074,4.07458319e-05,1320.47
5,5154,0.221824,4.07425032e-05,1321.05
5,5156,0.192178,4.07391708e-05,1321.62
5,5158,0.173932,4.07358384e-05,1322.10
5,5160,0.223048,4.07325097e-05,1322.64
5,5162,0.214749,4.07291809e-05,1323.17
5,5164,0.202699,4.07258522e-05,1323.63
5,5166,0.173260,4.07225234e-05,1324.17
5,5168,0.199013,4.07191947e-05,1324.70
5,5170,0.172388,4.07158659e-05,1325.16
5,5172,0.174998,4.07125372e-05,1325.62
5,5174,0.194104,4.07092048e-05,1326.10
5,5176,0.202576,4.07058724e-05,1326.61
5,5178,0.181314,4.07025436e-05,1327.08
5,5180,0.206193,4.06992149e-05,1327.65
5,5182,0.182886,4.06958898e-05,1328.17
5,5184,0.195839,4.06925574e-05,1328.71
5,5186,0.222116,4.06892250e-05,1329.24
5,5188,0.200808,4.06858962e-05,1329.74
5,5190,0.173168,4.06825675e-05,1330.27
5,5192,0.238081,4.06792351e-05,1330.76
5,5194,0.185531,4.06759027e-05,1331.30
5,5196,0.189442,4.06725740e-05,1331.80
5,5198,0.206441,4.06692488e-05,1332.27
5,5200,0.200651,4.06659128e-05,1332.75
5,5202,0.181193,4.06625841e-05,1333.22
5,5204,0.188908,4.06592553e-05,1333.76
5,5206,0.215564,4.06559229e-05,1334.23
5,5208,0.176149,4.06525905e-05,1334.73
5,5210,0.246666,4.06492618e-05,1335.17
5,5212,0.197022,4.06459294e-05,1335.70
5,5214,0.195538,4.06426043e-05,1336.15
5,5216,0.163843,4.06392683e-05,1336.64
5,5218,0.206510,4.06359395e-05,1337.15
5,5220,0.192746,4.06326071e-05,1337.63
5,5222,0.192295,4.06292784e-05,1338.14
5,5224,0.195267,4.06259460e-05,1338.62
5,5226,0.186621,4.06226136e-05,1339.13
5,5228,0.197171,4.06192812e-05,1339.70
5,5230,0.212031,4.06159561e-05,1340.23
5,5232,0.203755,4.06126201e-05,1340.74
5,5234,0.199995,4.06092913e-05,1341.22
5,5236,0.184981,4.06059589e-05,1341.77
5,5238,0.167706,4.06026302e-05,1342.21
5,5240,0.186467,4.05992942e-05,1342.75
5,5242,0.162883,4.05959654e-05,1343.26
5,5244,0.188479,4.05926330e-05,1343.75
5,5246,0.167042,4.05893006e-05,1344.29
5,5248,0.221364,4.05859719e-05,1344.80
5,5250,0.171893,4.05826395e-05,1345.32
5,5252,0.153478,4.05793107e-05,1345.76
5,5254,0.183013,4.05759747e-05,1346.23
5,5256,0.196298,4.05726423e-05,1346.76
5,5258,0.203141,4.05693136e-05,1347.24
5,5260,0.169861,4.05659775e-05,1347.73
5,5262,0.173783,4.05626488e-05,1348.22
5,5264,0.187846,4.05593164e-05,1348.77
5,5266,0.209646,4.05559877e-05,1349.29
5,5268,0.161314,4.05526516e-05,1349.80
5,5270,0.183326,4.05493192e-05,1350.27
5,5272,0.222021,4.05459832e-05,1350.81
5,5274,0.177282,4.05426508e-05,1351.25
5,5276,0.184595,4.05393221e-05,1351.76
5,5278,0.198566,4.05359933e-05,1352.23
5,5280,0.217780,4.05326573e-05,1352.74
5,5282,0.215121,4.05293249e-05,1353.30
5,5284,0.217002,4.05259925e-05,1353.81
5,5286,0.181262,4.05226565e-05,1354.28
5,5288,0.193584,4.05193277e-05,1354.82
5,5290,0.188004,4.05159954e-05,1355.32
5,5292,0.188512,4.05126593e-05,1355.83
5,5294,0.202058,4.05093306e-05,1356.37
5,5296,0.209709,4.05059982e-05,1356.90
5,5298,0.211464,4.05026622e-05,1357.40
5,5300,0.210352,4.04993298e-05,1357.93
5,5302,0.167253,4.04959974e-05,1358.43
5,5304,0.194121,4.04926614e-05,1358.95
5,5306,0.184086,4.04893290e-05,1359.51
5,5308,0.220514,4.04859966e-05,1360.00
5,5310,0.205175,4.04826642e-05,1360.53
5,5312,0.209712,4.04793318e-05,1361.02
5,5314,0.233629,4.04759994e-05,1361.50
5,5316,0.192083,4.04726634e-05,1362.01
5,5318,0.182807,4.04693310e-05,1362.52
5,5320,0.193774,4.04659986e-05,1363.02
5,5322,0.202422,4.04626626e-05,1363.45
5,5324,0.224828,4.04593302e-05,1363.91
5,5326,0.172870,4.04560014e-05,1364.51
5,5328,0.197924,4.04526654e-05,1365.06
5,5330,0.150797,4.04493330e-05,1365.55
5,5332,0.194706,4.04459970e-05,1365.99
5,5334,0.164516,4.04426610e-05,1366.46
5,5336,0.184443,4.04393286e-05,1366.95
5,5338,0.206496,4.04359926e-05,1367.39
5,5340,0.244214,4.04326602e-05,1367.87
5,5342,0.204813,4.04293314e-05,1368.41
5,5344,0.174929,4.04259918e-05,1368.92
5,5346,0.208585,4.04226594e-05,1369.36
5,5348,0.203264,4.04193270e-05,1369.87
5,5350,0.214003,4.04159873e-05,1370.38
5,5352,0.186303,4.04126549e-05,1370.88
5,5354,0.207637,4.04093189e-05,1371.43
5,5356,0.176657,4.04059865e-05,1371.95
5,5358,0.184320,4.04026541e-05,1372.44
5,5360,0.198943,4.03993181e-05,1372.98
5,5362,0.164310,4.03959857e-05,1373.50
5,5364,0.237519,4.03926497e-05,1374.01
5,5366,0.211978,4.03893137e-05,1374.57
5,5368,0.198662,4.03859813e-05,1375.10
5,5370,0.190573,4.03826416e-05,1375.64
5,5372,0.200280,4.03793092e-05,1376.14
5,5374,0.158864,4.03759805e-05,1376.65
5,5376,0.201199,4.03726408e-05,1377.23
5,5378,0.193438,4.03693084e-05,1377.72
5,5380,0.202960,4.03659687e-05,1378.28
5,5382,0.206084,4.03626364e-05,1378.74
5,5384,0.216245,4.03593040e-05,1379.25
5,5386,0.218918,4.03559643e-05,1379.76
5,5388,0.210116,4.03526283e-05,1380.25
5,5390,0.229430,4.03492959e-05,1380.72
5,5392,0.197887,4.03459599e-05,1381.20
5,5394,0.169457,4.03426275e-05,1381.69
5,5396,0.167878,4.03392914e-05,1382.18
5,5398,0.198873,4.03359554e-05,1382.68
5,5400,0.172508,4.03326158e-05,1383.11
5,5402,0.226993,4.03292834e-05,1383.58
5,5404,0.221650,4.03259437e-05,1384.08
5,5406,0.198160,4.03226150e-05,1384.56
5,5408,0.201478,4.03192789e-05,1384.99
5,5410,0.213594,4.03159429e-05,1385.55
5,5412,0.179541,4.03126069e-05,1386.06
5,5414,0.228285,4.03092672e-05,1386.55
5,5416,0.176546,4.03059312e-05,1387.06
5,5418,0.222614,4.03025952e-05,1387.57
5,5420,0.175160,4.02992591e-05,1388.07
5,5422,0.173614,4.02959267e-05,1388.53
5,5424,0.176747,4.02925907e-05,1388.96
5,5426,0.202403,4.02892547e-05,1389.41
5,5428,0.205228,4.02859150e-05,1389.94
5,5430,0.188458,4.02825826e-05,1390.45
5,5432,0.196779,4.02792430e-05,1390.94
5,5434,0.180262,4.02759069e-05,1391.43
5,5436,0.188989,4.02725673e-05,1391.94
5,5438,0.228460,4.02692385e-05,1392.42
5,5440,0.195262,4.02659025e-05,1392.88
5,5442,0.180891,4.02625628e-05,1393.35
5,5444,0.203462,4.02592268e-05,1393.89
5,5446,0.177200,4.02558871e-05,1394.46
5,5448,0.186676,4.02525548e-05,1394.97
5,5450,0.223945,4.02492151e-05,1395.49
5,5452,0.168713,4.02458791e-05,1395.98
5,5454,0.163584,4.02425430e-05,1396.47
5,5456,0.208683,4.02392070e-05,1396.95
5,5458,0.223105,4.02358673e-05,1397.45
5,5460,0.180632,4.02325313e-05,1397.92
5,5462,0.209789,4.02291917e-05,1398.46
5,5464,0.166328,4.02258556e-05,1398.95
5,5466,0.217897,4.02225196e-05,1399.41
5,5468,0.192883,4.02191836e-05,1399.92
5,5470,0.194970,4.02158512e-05,1400.37
5,5472,0.194511,4.02125115e-05,1400.86
5,5474,0.218263,4.02091755e-05,1401.35
5,5476,0.192508,4.02058358e-05,1401.81
5,5478,0.167064,4.02024998e-05,1402.29
5,5480,0.181969,4.01991601e-05,1402.80
5,5482,0.190594,4.01958241e-05,1403.27
5,5484,0.212344,4.01924844e-05,1403.75
5,5486,0.178771,4.01891484e-05,1404.20
5,5488,0.203865,4.01858088e-05,1404.67
5,5490,0.194988,4.01824727e-05,1405.14
5,5492,0.197241,4.01791331e-05,1405.63
5,5494,0.220628,4.01757970e-05,1406.23
5,5496,0.203641,4.01724574e-05,1406.77
5,5498,0.183582,4.01691213e-05,1407.27
5,5500,0.197547,4.01657817e-05,1407.77
5,5502,0.213599,4.01624493e-05,1408.23
5,5504,0.192900,4.01591060e-05,1408.77
5,5506,0.234543,4.01557700e-05,1409.19
5,5508,0.228264,4.01524303e-05,1409.76
5,5510,0.181942,4.01490943e-05,1410.25
5,5512,0.193408,4.01457546e-05,1410.74
5,5514,0.206512,4.01424186e-05,1411.27
5,5516,0.179928,4.01390753e-05,1411.74
5,5518,0.216456,4.01357429e-05,1412.26
5,5520,0.203755,4.01324032e-05,1412.78
5,5522,0.180818,4.01290672e-05,1413.27
5,5524,0.199498,4.01257239e-05,1413.76
5,5526,0.203354,4.01223842e-05,1414.23
5,5528,0.213631,4.01190482e-05,1414.71
5,5530,0.191498,4.01157049e-05,1415.28
5,5532,0.234769,4.01123689e-05,1415.76
5,5534,0.224981,4.01090329e-05,1416.21
5,5536,0.187832,4.01056932e-05,1416.73
5,5538,0.189266,4.01023535e-05,1417.21
5,5540,0.224886,4.00990175e-05,1417.67
5,5542,0.188278,4.00956742e-05,1418.16
5,5544,0.185641,4.00923382e-05,1418.61
5,5546,0.210967,4.00889985e-05,1419.14
5,5548,0.223067,4.00856552e-05,1419.62
5,5550,0.179105,4.00823228e-05,1420.05
5,5552,0.183325,4.00789795e-05,1420.62
5,5554,0.198838,4.00756435e-05,1421.11
5,5556,0.220027,4.00723002e-05,1421.58
5,5558,0.185106,4.00689642e-05,1422.05
5,5560,0.185867,4.00656209e-05,1422.50
5,5562,0.187401,4.00622848e-05,1423.01
5,5564,0.190896,4.00589452e-05,1423.52
5,5566,0.195486,4.00556091e-05,1424.03
5,5568,0.202766,4.00522695e-05,1424.55
5,5570,0.170610,4.00489262e-05,1425.02
5,5572,0.206314,4.00455865e-05,1425.54
5,5574,0.171171,4.00422468e-05,1426.03
5,5576,0.185610,4.00389072e-05,1426.53
5,5578,0.206867,4.00355675e-05,1427.02
5,5580,0.209593,4.00322242e-05,1427.53
5,5582,0.200711,4.00288882e-05,1427.99
5,5584,0.182589,4.00255485e-05,1428.51
5,5586,0.206728,4.00222089e-05,1429.02
5,5588,0.191197,4.00188692e-05,1429.48
5,5590,0.179230,4.00155295e-05,1429.95
5,5592,0.198404,4.00121862e-05,1430.49
5,5594,0.211964,4.00088466e-05,1430.97
5,5596,0.230331,4.00055069e-05,1431.49
5,5598,0.165308,4.00021672e-05,1431.92
5,5600,0.179472,3.99988312e-05,1432.48
5,5602,0.201449,3.99954879e-05,1432.95
5,5604,0.163059,3.99921446e-05,1433.42
5,5606,0.201973,3.99888049e-05,1433.89
5,5608,0.218882,3.99854653e-05,1434.36
5,5610,0.190131,3.99821256e-05,1434.82
5,5612,0.171860,3.99787823e-05,1435.31
5,5614,0.210015,3.99754463e-05,1435.78
5,5616,0.201348,3.99721030e-05,1436.28
5,5618,0.174121,3.99687633e-05,1436.74
5,5620,0.181276,3.99654236e-05,1437.25
5,5622,0.187489,3.99620803e-05,1437.82
5,5624,0.201119,3.99587370e-05,1438.30
5,5626,0.179000,3.99553974e-05,1438.76
5,5628,0.188540,3.99520577e-05,1439.20
5,5630,0.188958,3.99487217e-05,1439.75
5,5632,0.212641,3.99453784e-05,1440.26
5,5634,0.214107,3.99420351e-05,1440.78
5,5636,0.206867,3.99386954e-05,1441.25
5,5638,0.205234,3.99353521e-05,1441.69
5,5640,0.184378,3.99320124e-05,1442.23
5,5642,0.195388,3.99286691e-05,1442.73
5,5644,0.201947,3.99253258e-05,1443.27
5,5646,0.197072,3.99219898e-05,1443.84
5,5648,0.189865,3.99186465e-05,1444.33
5,5650,0.217638,3.99153032e-05,1444.82
5,5652,0.210827,3.99119635e-05,1445.29
5,5654,0.210440,3.99086202e-05,1445.83
5,5656,0.182633,3.99052769e-05,1446.29
5,5658,0.185184,3.99019373e-05,1446.72
5,5660,0.186148,3.98985940e-05,1447.21
5,5662,0.163620,3.98952579e-05,1447.71
5,5664,0.203111,3.98919146e-05,1448.19
5,5666,0.202791,3.98885713e-05,1448.67
5,5668,0.179492,3.98852317e-05,1449.14
5,5670,0.193420,3.98818884e-05,1449.61
5,5672,0.161758,3.98785451e-05,1450.08
5,5674,0.184644,3.98752054e-05,1450.58
5,5676,0.221954,3.98718621e-05,1451.06
5,5678,0.175406,3.98685188e-05,1451.58
5,5680,0.219241,3.98651791e-05,1452.05
5,5682,0.182063,3.98618358e-05,1452.52
5,5684,0.189660,3.98584925e-05,1453.02
5,5686,0.217530,3.98551529e-05,1453.51
5,5688,0.176383,3.98518096e-05,1453.97
5,5690,0.167434,3.98484699e-05,1454.56
5,5692,0.186676,3.98451230e-05,1455.10
5,5694,0.181213,3.98417833e-05,1455.64
5,5696,0.177038,3.98384436e-05,1456.15
5,5698,0.195973,3.98351003e-05,1456.67
5,5700,0.203641,3.98317534e-05,1457.15
5,5702,0.183958,3.98284101e-05,1457.68
5,5704,0.221012,3.98250704e-05,1458.14
5,5706,0.199763,3.98217271e-05,1458.62
5,5708,0.197662,3.98183802e-05,1459.10
5,5710,0.203743,3.98150441e-05,1459.57
5,5712,0.247748,3.98117008e-05,1460.02
5,5714,0.187075,3.98083539e-05,1460.51
5,5716,0.197663,3.98050142e-05,1460.97
5,5718,0.152747,3.98016709e-05,1461.50
5,5720,0.169514,3.97983240e-05,1462.06
5,5722,0.208304,3.97949843e-05,1462.57
5,5724,0.230615,3.97916410e-05,1463.08
5,5726,0.185248,3.97882941e-05,1463.58
5,5728,0.205086,3.97849581e-05,1464.07
5,5730,0.198603,3.97816111e-05,1464.53
5,5732,0.195749,3.97782678e-05,1465.04
5,5734,0.191394,3.97749282e-05,1465.52
5,5736,0.229851,3.97715812e-05,1465.99
5,5738,0.172759,3.97682379e-05,1466.50
5,5740,0.206328,3.97648910e-05,1467.06
5,5742,0.231869,3.97615513e-05,1467.64
5,5744,0.213763,3.97582080e-05,1468.18
5,5746,0.210568,3.97548647e-05,1468.62
5,5748,0.194931,3.97515214e-05,1469.11
5,5750,0.218764,3.97481781e-05,1469.62
5,5752,0.190690,3.97448312e-05,1470.09
5,5754,0.169449,3.97414915e-05,1470.59
5,5756,0.201758,3.97381446e-05,1471.10
5,5758,0.193810,3.97347976e-05,1471.64
5,5760,0.206730,3.97314579e-05,1472.11
5,5762,0.192228,3.97281146e-05,1472.58
5,5764,0.163084,3.97247713e-05,1473.05
5,5766,0.190919,3.97214244e-05,1473.52
5,5768,0.206443,3.97180847e-05,1474.03
5,5770,0.196697,3.97147378e-05,1474.54
5,5772,0.182318,3.97113909e-05,1475.06
5,5774,0.223586,3.97080476e-05,1475.51
5,5776,0.224014,3.97047079e-05,1476.03
5,5778,0.166192,3.97013609e-05,1476.48
5,5780,0.231605,3.96980176e-05,1476.99
5,5782,0.182789,3.96946707e-05,1477.45
5,5784,0.199208,3.96913274e-05,1477.99
5,5786,0.215161,3.96879841e-05,1478.53
5,5788,0.193205,3.96846372e-05,1479.07
5,5790,0.194013,3.96812902e-05,1479.56
5,5792,0.177161,3.96779506e-05,1480.07
5,5794,0.228329,3.96746073e-05,1480.54
5,5796,0.187890,3.96712603e-05,1481.02
5,5798,0.212029,3.96679134e-05,1481.53
5,5800,0.161520,3.96645701e-05,1482.02
5,5802,0.194395,3.96612231e-05,1482.51
5,5804,0.191197,3.96578798e-05,1482.96
5,5806,0.199616,3.96545329e-05,1483.46
5,5808,0.186356,3.96511932e-05,1483.95
5,5810,0.195283,3.96478463e-05,1484.51
5,5812,0.191530,3.96444993e-05,1484.98
5,5814,0.207048,3.96411560e-05,1485.44
5,5816,0.178354,3.96378127e-05,1485.91
5,5818,0.200614,3.96344658e-05,1486.39
5,5820,0.201685,3.96311189e-05,1486.83
5,5822,0.170348,3.96277719e-05,1487.36
5,5824,0.189897,3.96244322e-05,1487.81
5,5826,0.162004,3.96210853e-05,1488.33
5,5828,0.201775,3.96177384e-05,1488.85
5,5830,0.221407,3.96143914e-05,1489.40
5,5832,0.209148,3.96110445e-05,1489.88
5,5834,0.179027,3.96077012e-05,1490.42
5,5836,0.192395,3.96043542e-05,1490.86
5,5838,0.197169,3.96010109e-05,1491.46
5,5840,0.197548,3.95976713e-05,1491.95
5,5842,0.191877,3.95943243e-05,1492.45
5,5844,0.199766,3.95909774e-05,1493.01
5,5846,0.200012,3.95876305e-05,1493.56
5,5848,0.180419,3.95842835e-05,1494.12
5,5850,0.205244,3.95809402e-05,1494.57
5,5852,0.177049,3.95775933e-05,1495.05
5,5854,0.193648,3.95742427e-05,1495.52
5,5856,0.210811,3.95708994e-05,1496.00
5,5858,0.174897,3.95675524e-05,1496.48
5,5860,0.239248,3.95642091e-05,1496.94
5,5862,0.195448,3.95608622e-05,1497.45
5,5864,0.230351,3.95575153e-05,1497.92
5,5866,0.222169,3.95541683e-05,1498.42
5,5868,0.231991,3.95508214e-05,1498.89
5,5870,0.180979,3.95474781e-05,1499.37
5,5872,0.194823,3.95441311e-05,1499.89
5,5874,0.210744,3.95407842e-05,1500.39
5,5876,0.208762,3.95374373e-05,1500.91
5,5878,0.180307,3.95340903e-05,1501.39
5,5880,0.189730,3.95307470e-05,1501.88
5,5882,0.187268,3.95274001e-05,1502.34
5,5884,0.178317,3.95240495e-05,1502.84
5,5886,0.148207,3.95207026e-05,1503.32
5,5888,0.191735,3.95173593e-05,1503.82
5,5890,0.189635,3.95140160e-05,1504.29
5,5892,0.196778,3.95106654e-05,1504.77
5,5894,0.178217,3.95073184e-05,1505.27
5,5896,0.198935,3.95039715e-05,1505.72
5,5898,0.198213,3.95006246e-05,1506.25
5,5900,0.171232,3.94972740e-05,1506.74
5,5902,0.189478,3.94939307e-05,1507.26
5,5904,0.209112,3.94905874e-05,1507.75
5,5906,0.176124,3.94872368e-05,1508.27
5,5908,0.203785,3.94838899e-05,1508.73
5,5910,0.203638,3.94805429e-05,1509.27
5,5912,0.174211,3.94771923e-05,1509.80
5,5914,0.179286,3.94738490e-05,1510.27
5,5916,0.180185,3.94705021e-05,1510.79
5,5918,0.192498,3.94671515e-05,1511.28
5,5920,0.219956,3.94638082e-05,1511.77
5,5922,0.199411,3.94604576e-05,1512.31
5,5924,0.178771,3.94571107e-05,1512.80
5,5926,0.212446,3.94537674e-05,1513.39
5,5928,0.199331,3.94504168e-05,1513.86
5,5930,0.194939,3.94470699e-05,1514.35
5,5932,0.169052,3.94437193e-05,1514.85
5,5934,0.164259,3.94403723e-05,1515.37
5,5936,0.198533,3.94370254e-05,1515.85
5,5938,0.209574,3.94336821e-05,1516.33
5,5940,0.200642,3.94303315e-05,1516.82
5,5942,0.218368,3.94269846e-05,1517.32
5,5944,0.184558,3.94236340e-05,1517.87
5,5946,0.195070,3.94202871e-05,1518.36
5,5948,0.191346,3.94169365e-05,1518.86
5,5950,0.166700,3.94135895e-05,1519.32
5,5952,0.204127,3.94102462e-05,1519.85
5,5954,0.177796,3.94068993e-05,1520.32
5,5956,0.189661,3.94035487e-05,1520.79
5,5958,0.209738,3.94002018e-05,1521.26
5,5960,0.200176,3.93968512e-05,1521.85
5,5962,0.206549,3.93935006e-05,1522.32
5,5964,0.168270,3.93901537e-05,1522.79
5,5966,0.164914,3.93868031e-05,1523.30
5,5968,0.176241,3.93834634e-05,1523.78
5,5970,0.248676,3.93801129e-05,1524.27
5,5972,0.182774,3.93767623e-05,1524.79
5,5974,0.141398,3.93734153e-05,1525.27
5,5976,0.175824,3.93700648e-05,1525.76
5,5978,0.231886,3.93667142e-05,1526.22
5,5980,0.165834,3.93633673e-05,1526.74
5,5982,0.200638,3.93600167e-05,1527.19
5,5984,0.172294,3.93566734e-05,1527.71
5,5986,0.196778,3.93533228e-05,1528.18
5,5988,0.188803,3.93499759e-05,1528.64
5,5990,0.206459,3.93466253e-05,1529.11
5,5992,0.212642,3.93432747e-05,1529.60
5,5994,0.197164,3.93399278e-05,1530.08
5,5996,0.180200,3.93365772e-05,1530.53
5,5998,0.201877,3.93332266e-05,1531.02
5,6000,0.194862,3.93298833e-05,1531.51
5,6002,0.234164,3.93265327e-05,1532.06
5,6004,0.178509,3.93231858e-05,1532.55
5,6006,0.242649,3.93198352e-05,1533.03
5,6008,0.189616,3.93164846e-05,1533.53
5,6010,0.205323,3.93131340e-05,1534.01
5,6012,0.211319,3.93097835e-05,1534.54
5,6014,0.188882,3.93064329e-05,1535.12
5,6016,0.231417,3.93030896e-05,1535.60
5,6018,0.191480,3.92997390e-05,1536.08
5,6020,0.199679,3.92963921e-05,1536.58
5,6022,0.193143,3.92930415e-05,1537.10
5,6024,0.221143,3.92896909e-05,1537.58
5,6026,0.183354,3.92863403e-05,1538.08
5,6028,0.214479,3.92829897e-05,1538.54
5,6030,0.189562,3.92796392e-05,1539.04
5,6032,0.222100,3.92762922e-05,1539.53
5,6034,0.192606,3.92729416e-05,1540.01
5,6036,0.193768,3.92695911e-05,1540.45
5,6038,0.181197,3.92662441e-05,1540.90
5,6040,0.187623,3.92628936e-05,1541.36
5,6042,0.238075,3.92595430e-05,1541.89
5,6044,0.191386,3.92561924e-05,1542.36
5,6046,0.216661,3.92528455e-05,1542.90
5,6048,0.193988,3.92494985e-05,1543.39
5,6050,0.205242,3.92461443e-05,1543.91
5,6052,0.185649,3.92427974e-05,1544.55
5,6054,0.221347,3.92394431e-05,1545.11
5,6056,0.193093,3.92360926e-05,1545.61
5,6058,0.193060,3.92327420e-05,1546.12
5,6060,0.166659,3.92293914e-05,1546.60
5,6062,0.197115,3.92260408e-05,1547.12
5,6064,0.156225,3.92226939e-05,1547.64
5,6066,0.196847,3.92193433e-05,1548.15
5,6068,0.163704,3.92159927e-05,1548.64
5,6070,0.202885,3.92126422e-05,1549.14
5,6072,0.193120,3.92092916e-05,1549.58
5,6074,0.208592,3.92059410e-05,1550.04
5,6076,0.200301,3.92025868e-05,1550.60
5,6078,0.158681,3.91992362e-05,1551.13
5,6080,0.179105,3.91958929e-05,1551.64
5,6082,0.212022,3.91925423e-05,1552.18
5,6084,0.167216,3.91891917e-05,1552.64
5,6086,0.178607,3.91858412e-05,1553.19
5,6088,0.171303,3.91824869e-05,1553.71
5,6090,0.188494,3.91791364e-05,1554.23
5,6092,0.169707,3.91757858e-05,1554.70
5,6094,0.191527,3.91724352e-05,1555.19
5,6096,0.173819,3.91690846e-05,1555.67
5,6098,0.211496,3.91657341e-05,1556.11
5,6100,0.207253,3.91623835e-05,1556.56
5,6102,0.226115,3.91590329e-05,1557.05
5,6104,0.184349,3.91556787e-05,1557.51
5,6106,0.194672,3.91523281e-05,1557.99
5,6108,0.209393,3.91489775e-05,1558.46
5,6110,0.215743,3.91456269e-05,1558.94
5,6112,0.189298,3.91422764e-05,1559.43
5,6114,0.207274,3.91389258e-05,1559.94
5,6116,0.223334,3.91355752e-05,1560.37
5,6118,0.199172,3.91322210e-05,1560.81
5,6120,0.205274,3.91288704e-05,1561.30
5,6122,0.169012,3.91255198e-05,1561.75
5,6124,0.180586,3.91221656e-05,1562.28
5,6126,0.193668,3.91188150e-05,1562.72
5,6128,0.175682,3.91154645e-05,1563.25
5,6130,0.188341,3.91121139e-05,1563.70
5,6132,0.206825,3.91087633e-05,1564.19
5,6134,0.210698,3.91054091e-05,1564.64
5,6136,0.181602,3.91020585e-05,1565.12
5,6138,0.194683,3.90987043e-05,1565.65
5,6140,0.198823,3.90953537e-05,1566.18
5,6142,0.173869,3.90919995e-05,1566.67
5,6144,0.174238,3.90886526e-05,1567.16
5,6146,0.214142,3.90853056e-05,1567.64
5,6148,0.169645,3.90819478e-05,1568.13
5,6150,0.163974,3.90786008e-05,1568.65
5,6152,0.242388,3.90752430e-05,1569.14
5,6154,0.181545,3.90718924e-05,1569.66
5,6156,0.211049,3.90685382e-05,1570.16
5,6158,0.188269,3.90651876e-05,1570.75
5,6160,0.183712,3.90618407e-05,1571.21
5,6162,0.202548,3.90584901e-05,1571.72
5,6164,0.199012,3.90551322e-05,1572.18
5,6166,0.221791,3.90517780e-05,1572.61
5,6168,0.191837,3.90484274e-05,1573.09
5,6170,0.217843,3.90450732e-05,1573.55
5,6172,0.196900,3.90417226e-05,1574.05
5,6174,0.229943,3.90383684e-05,1574.64
5,6176,0.176921,3.90350178e-05,1575.12
5,6178,0.202544,3.90316673e-05,1575.60
5,6180,0.179540,3.90283130e-05,1576.12
5,6182,0.162678,3.90249625e-05,1576.61
5,6184,0.190509,3.90216082e-05,1577.13
5,6186,0.183071,3.90182540e-05,1577.66
5,6188,0.187564,3.90149035e-05,1578.19
5,6190,0.197099,3.90115492e-05,1578.65
5,6192,0.203706,3.90081987e-05,1579.13
5,6194,0.191739,3.90048481e-05,1579.65
5,6196,0.168375,3.90014939e-05,1580.15
5,6198,0.189315,3.89981396e-05,1580.62
5,6200,0.227919,3.89947891e-05,1581.11
5,6202,0.208016,3.89914348e-05,1581.62
5,6204,0.201715,3.89880806e-05,1582.17
5,6206,0.173019,3.89847264e-05,1582.67
5,6208,0.186350,3.89813795e-05,1583.15
5,6210,0.238675,3.89780253e-05,1583.58
5,6212,0.188237,3.89746710e-05,1584.05
5,6214,0.199588,3.89713168e-05,1584.58
5,6216,0.184251,3.89679662e-05,1585.06
5,6218,0.186819,3.89646120e-05,1585.54
5,6220,0.191112,3.89612578e-05,1585.99
5,6222,0.174131,3.89579036e-05,1586.46
5,6224,0.180769,3.89545530e-05,1586.93
5,6226,0.211953,3.89512024e-05,1587.48
5,6228,0.170213,3.89478482e-05,1588.05
5,6230,0.191562,3.89444904e-05,1588.55
5,6232,0.183560,3.89411362e-05,1589.01
5,6234,0.168173,3.89377819e-05,1589.51
5,6236,0.173858,3.89344277e-05,1590.05
5,6238,0.183297,3.89310735e-05,1590.50
5,6240,0.177140,3.89277266e-05,1591.11
5,6242,0.178097,3.89243723e-05,1591.65
5,6244,0.233461,3.89210181e-05,1592.09
5,6246,0.191876,3.89176639e-05,1592.54
5,6248,0.191796,3.89143097e-05,1593.02
5,6250,0.203425,3.89109555e-05,1593.51
5,6252,0.188217,3.89076013e-05,1594.01
5,6254,0.202752,3.89042470e-05,1594.48
5,6256,0.219451,3.89008965e-05,1594.98
5,6258,0.195024,3.88975423e-05,1595.41
5,6260,0.216528,3.88941880e-05,1595.96
5,6262,0.188933,3.88908302e-05,1596.46
5,6264,0.212226,3.88874760e-05,1596.96
5,6266,0.145431,3.88841218e-05,1597.46
5,6268,0.214278,3.88807675e-05,1597.95
5,6270,0.218739,3.88774133e-05,1598.47
5,6272,0.187548,3.88740591e-05,1598.96
5,6274,0.176232,3.88707085e-05,1599.47
5,6276,0.200833,3.88673543e-05,1599.97
5,6278,0.200169,3.88640001e-05,1600.45
5,6280,0.170328,3.88606459e-05,1600.93
5,6282,0.182175,3.88572917e-05,1601.48
5,6284,0.152611,3.88539374e-05,1601.95
5,6286,0.217581,3.88505832e-05,1602.44
5,6288,0.182964,3.88472254e-05,1602.97
5,6290,0.184298,3.88438712e-05,1603.48
5,6292,0.160816,3.88405169e-05,1604.04
5,6294,0.176925,3.88371627e-05,1604.67
5,6296,0.203808,3.88338085e-05,1605.14
5,6298,0.196397,3.88304543e-05,1605.62
5,6300,0.180757,3.88271001e-05,1606.12
5,6302,0.180091,3.88237459e-05,1606.62
5,6304,0.175872,3.88203916e-05,1607.14
5,6306,0.189620,3.88170374e-05,1607.63
5,6308,0.192931,3.88136832e-05,1608.09
5,6310,0.188941,3.88103253e-05,1608.58
5,6312,0.173317,3.88069711e-05,1609.10
5,6314,0.186924,3.88036169e-05,1609.52
5,6316,0.192042,3.88002591e-05,1610.02
5,6318,0.207445,3.87969048e-05,1610.46
5,6320,0.209104,3.87935506e-05,1611.01
5,6322,0.208564,3.87902001e-05,1611.48
5,6324,0.191860,3.87868422e-05,1611.97
5,6326,0.198260,3.87834880e-05,1612.46
5,6328,0.200980,3.87801301e-05,1612.94
5,6330,0.205743,3.87767759e-05,1613.45
5,6332,0.202980,3.87734181e-05,1613.95
5,6334,0.214985,3.87700638e-05,1614.46
5,6336,0.248877,3.87667096e-05,1614.93
5,6338,0.174207,3.87633554e-05,1615.43
5,6340,0.199230,3.87600012e-05,1615.91
5,6342,0.191293,3.87566470e-05,1616.43
5,6344,0.167900,3.87532928e-05,1616.92
5,6346,0.227084,3.87499313e-05,1617.43
5,6348,0.220545,3.87465770e-05,1617.98
5,6350,0.194396,3.87432192e-05,1618.47
5,6352,0.214180,3.87398650e-05,1618.98
5,6354,0.193026,3.87365144e-05,1619.51
5,6356,0.201287,3.87331565e-05,1620.00
5,6358,0.204096,3.87298023e-05,1620.47
5,6360,0.217010,3.87264481e-05,1620.95
5,6362,0.195840,3.87230866e-05,1621.42
5,6364,0.194656,3.87197324e-05,1621.91
5,6366,0.216845,3.87163745e-05,1622.39
5,6368,0.192160,3.87130203e-05,1622.83
5,6370,0.173864,3.87096661e-05,1623.35
5,6372,0.183577,3.87063119e-05,1623.81
5,6374,0.181335,3.87029577e-05,1624.28
5,6376,0.194534,3.86995962e-05,1624.81
5,6378,0.174281,3.86962420e-05,1625.23
5,6380,0.187191,3.86928841e-05,1625.77
5,6382,0.191070,3.86895299e-05,1626.29
5,6384,0.183418,3.86861720e-05,1626.79
5,6386,0.183612,3.86828215e-05,1627.27
5,6388,0.227211,3.86794636e-05,1627.71
5,6390,0.203779,3.86761058e-05,1628.16
5,6392,0.221441,3.86727479e-05,1628.59
5,6394,0.199059,3.86693937e-05,1629.11
5,6396,0.217597,3.86660358e-05,1629.60
5,6398,0.229304,3.86626780e-05,1630.12
5,6400,0.222126,3.86593238e-05,1630.55
5,6402,0.202675,3.86559659e-05,1631.00
5,6404,0.189019,3.86526117e-05,1631.47
5,6406,0.178768,3.86492538e-05,1631.97
5,6408,0.164328,3.86458996e-05,1632.46
5,6410,0.215303,3.86425418e-05,1632.94
5,6412,0.173031,3.86391839e-05,1633.42
5,6414,0.184241,3.86358261e-05,1633.89
5,6416,0.209453,3.86324682e-05,1634.39
5,6418,0.181063,3.86291140e-05,1634.93
5,6420,0.186381,3.86257598e-05,1635.42
5,6422,0.175327,3.86224019e-05,1635.95
5,6424,0.213365,3.86190441e-05,1636.42
5,6426,0.178372,3.86156862e-05,1636.93
5,6428,0.217470,3.86123284e-05,1637.41
5,6430,0.228919,3.86089705e-05,1637.91
5,6432,0.187644,3.86056163e-05,1638.38
5,6434,0.184365,3.86022621e-05,1638.85
5,6436,0.210902,3.85989042e-05,1639.30
5,6438,0.190804,3.85955464e-05,1639.75
5,6440,0.213216,3.85921885e-05,1640.22
5,6442,0.196973,3.85888306e-05,1640.71
5,6444,0.170519,3.85854728e-05,1641.21
5,6446,0.193001,3.85821186e-05,1641.68
5,6448,0.218117,3.85787571e-05,1642.14
5,6450,0.198254,3.85754029e-05,1642.69
5,6452,0.221021,3.85720450e-05,1643.17
5,6454,0.190486,3.85686908e-05,1643.64
5,6456,0.171641,3.85653329e-05,1644.13
5,6458,0.178403,3.85619751e-05,1644.59
5,6460,0.201076,3.85586136e-05,1645.05
5,6462,0.207959,3.85552557e-05,1645.52
5,6464,0.194973,3.85519015e-05,1646.04
5,6466,0.174109,3.85485473e-05,1646.59
5,6468,0.184952,3.85451895e-05,1647.15
5,6470,0.168651,3.85418280e-05,1647.61
5,6472,0.174596,3.85384701e-05,1648.15
5,6474,0.166554,3.85351123e-05,1648.63
5,6476,0.216537,3.85317580e-05,1649.13
5,6478,0.178903,3.85284002e-05,1649.66
5,6480,0.214473,3.85250387e-05,1650.18
5,6482,0.176549,3.85216845e-05,1650.65
5,6484,0.183128,3.85183266e-05,1651.10
5,6486,0.156495,3.85149688e-05,1651.64
5,6488,0.217745,3.85116109e-05,1652.14
5,6490,0.225542,3.85082494e-05,1652.59
5,6492,0.221909,3.85048916e-05,1653.09
5,6494,0.178383,3.85015337e-05,1653.60
5,6496,0.183045,3.84981759e-05,1654.16
5,6498,0.156170,3.84948216e-05,1654.67
5,6500,0.176461,3.84914601e-05,1655.15
5,6502,0.176691,3.84881059e-05,1655.62
5,6504,0.189116,3.84847481e-05,1656.18
5,6506,0.161665,3.84813902e-05,1656.67
5,6508,0.223107,3.84780287e-05,1657.12
5,6510,0.202941,3.84746709e-05,1657.60
5,6512,0.200524,3.84713130e-05,1658.12
5,6514,0.200264,3.84679588e-05,1658.60
5,6516,0.167972,3.84646009e-05,1659.04
5,6518,0.205438,3.84612358e-05,1659.65
5,6520,0.202382,3.84578780e-05,1660.21
5,6522,0.163058,3.84545201e-05,1660.68
5,6524,0.196803,3.84511623e-05,1661.15
5,6526,0.223502,3.84478008e-05,1661.68
5,6528,0.188331,3.84444429e-05,1662.13
5,6530,0.215198,3.84410887e-05,1662.62
5,6532,0.180693,3.84377308e-05,1663.11
5,6534,0.193423,3.84343730e-05,1663.66
5,6536,0.195939,3.84310115e-05,1664.19
5,6538,0.208563,3.84276536e-05,1664.71
5,6540,0.213199,3.84242958e-05,1665.18
5,6542,0.175709,3.84209307e-05,1665.70
5,6544,0.196811,3.84175728e-05,1666.25
5,6546,0.217646,3.84142186e-05,1666.78
5,6548,0.219688,3.84108607e-05,1667.30
5,6550,0.174998,3.84075029e-05,1667.77
5,6552,0.188410,3.84041414e-05,1668.33
5,6554,0.176423,3.84007835e-05,1668.83
5,6556,0.203152,3.83974220e-05,1669.41
5,6558,0.204141,3.83940605e-05,1669.91
5,6560,0.206404,3.83907027e-05,1670.43
5,6562,0.178145,3.83873485e-05,1670.92
5,6564,0.193598,3.83839906e-05,1671.45
5,6566,0.192198,3.83806291e-05,1672.03
5,6568,0.232818,3.83772676e-05,1672.48
5,6570,0.166433,3.83739098e-05,1672.93
5,6572,0.187020,3.83705519e-05,1673.37
5,6574,0.170429,3.83671941e-05,1673.87
5,6576,0.200607,3.83638289e-05,1674.37
5,6578,0.188482,3.83604747e-05,1674.84
5,6580,0.198254,3.83571169e-05,1675.33
5,6582,0.179146,3.83537517e-05,1675.80
5,6584,0.195711,3.83503939e-05,1676.32
5,6586,0.188974,3.83470360e-05,1676.83
5,6588,0.170615,3.83436782e-05,1677.36
5,6590,0.210456,3.83403130e-05,1677.82
5,6592,0.200328,3.83369552e-05,1678.35
5,6594,0.184610,3.83336010e-05,1678.80
5,6596,0.198923,3.83302395e-05,1679.36
5,6598,0.182897,3.83268780e-05,1679.95
5,6600,0.227260,3.83235201e-05,1680.44
5,6602,0.225785,3.83201586e-05,1681.01
5,6604,0.164263,3.83168008e-05,1681.59
5,6606,0.213464,3.83134393e-05,1682.09
5,6608,0.181961,3.83100778e-05,1682.65
5,6610,0.235423,3.83067236e-05,1683.14
5,6612,0.199881,3.83033585e-05,1683.65
5,6614,0.186735,3.83000006e-05,1684.15
5,6616,0.211519,3.82966427e-05,1684.60
5,6618,0.190505,3.82932812e-05,1685.10
5,6620,0.188176,3.82899198e-05,1685.58
5,6622,0.152539,3.82865583e-05,1686.07
5,6624,0.198894,3.82832004e-05,1686.50
5,6626,0.192994,3.82798462e-05,1687.02
5,6628,0.192883,3.82764811e-05,1687.44
5,6630,0.173501,3.82731232e-05,1687.93
5,6632,0.199987,3.82697617e-05,1688.39
5,6634,0.177633,3.82664002e-05,1688.96
5,6636,0.203007,3.82630387e-05,1689.51
5,6638,0.187654,3.82596809e-05,1689.99
5,6640,0.203830,3.82563157e-05,1690.50
5,6642,0.192729,3.82529615e-05,1691.00
5,6644,0.207184,3.82496000e-05,1691.45
5,6646,0.176668,3.82462422e-05,1691.90
5,6648,0.180844,3.82428771e-05,1692.45
5,6650,0.189721,3.82395192e-05,1692.95
5,6652,0.167889,3.82361577e-05,1693.46
5,6654,0.209246,3.82327962e-05,1693.98
5,6656,0.224342,3.82294347e-05,1694.52
5,6658,0.182871,3.82260805e-05,1694.98
5,6660,0.173080,3.82227190e-05,1695.45
5,6662,0.196155,3.82193539e-05,1695.97
5,6664,0.195925,3.82159960e-05,1696.45
5,6666,0.159627,3.82126345e-05,1696.93
5,6668,0.184024,3.82092730e-05,1697.42
5,6670,0.182871,3.82059116e-05,1697.89
5,6672,0.194123,3.82025537e-05,1698.41
5,6674,0.157707,3.81991922e-05,1698.91
5,6676,0.201930,3.81958307e-05,1699.36
5,6678,0.193064,3.81924729e-05,1699.86
5,6680,0.223927,3.81891077e-05,1700.37
5,6682,0.183772,3.81857462e-05,1700.85
5,6684,0.205133,3.81823884e-05,1701.35
5,6686,0.188230,3.81790232e-05,1701.88
5,6688,0.184977,3.81756618e-05,1702.38
5,6690,0.195005,3.81723075e-05,1702.93
5,6692,0.201964,3.81689460e-05,1703.45
5,6694,0.180650,3.81655809e-05,1703.92
5,6696,0.164807,3.81622231e-05,1704.43
5,6698,0.215290,3.81588616e-05,1704.94
5,6700,0.208673,3.81554964e-05,1705.45
5,6702,0.214474,3.81521386e-05,1705.93
5,6704,0.172461,3.81487771e-05,1706.46
5,6706,0.198825,3.81454156e-05,1706.96
5,6708,0.212238,3.81420541e-05,1707.42
5,6710,0.201159,3.81386963e-05,1707.97
5,6712,0.187484,3.81353311e-05,1708.47
5,6714,0.212239,3.81319696e-05,1708.95
5,6716,0.162771,3.81286081e-05,1709.42
5,6718,0.189630,3.81252466e-05,1709.97
5,6720,0.199647,3.81218852e-05,1710.46
5,6722,0.203729,3.81185273e-05,1710.93
5,6724,0.208635,3.81151622e-05,1711.38
5,6726,0.202874,3.81118043e-05,1711.90
5,6728,0.180752,3.81084428e-05,1712.39
5,6730,0.190350,3.81050777e-05,1712.86
5,6732,0.196607,3.81017162e-05,1713.31
5,6734,0.198459,3.80983547e-05,1713.84
5,6736,0.200575,3.80949896e-05,1714.29
5,6738,0.202342,3.80916354e-05,1714.85
5,6740,0.172459,3.80882739e-05,1715.35
5,6742,0.180984,3.80849087e-05,1715.85
5,6744,0.182444,3.80815472e-05,1716.33
5,6746,0.190388,3.80781858e-05,1716.86
5,6748,0.224182,3.80748206e-05,1717.41
5,6750,0.181751,3.80714591e-05,1717.91
5,6752,0.192423,3.80680976e-05,1718.38
5,6754,0.209227,3.80647398e-05,1718.86
5,6756,0.174307,3.80613783e-05,1719.36
5,6758,0.220019,3.80580132e-05,1719.80
5,6760,0.208400,3.80546517e-05,1720.31
5,6762,0.179878,3.80512902e-05,1720.80
5,6764,0.209092,3.80479250e-05,1721.25
5,6766,0.207762,3.80445636e-05,1721.69
5,6768,0.203045,3.80412021e-05,1722.24
5,6770,0.235712,3.80378406e-05,1722.71
5,6772,0.189989,3.80344791e-05,1723.20
5,6774,0.188972,3.80311176e-05,1723.63
5,6776,0.173915,3.80277561e-05,1724.08
5,6778,0.220459,3.80243946e-05,1724.56
5,6780,0.212197,3.80210331e-05,1725.03
5,6782,0.220009,3.80176680e-05,1725.54
5,6784,0.244321,3.80143065e-05,1726.02
5,6786,0.166227,3.80109486e-05,1726.47
5,6788,0.170391,3.80075835e-05,1726.97
5,6790,0.204770,3.80042220e-05,1727.50
5,6792,0.178150,3.80008532e-05,1727.96
5,6794,0.204029,3.79974917e-05,1728.42
5,6796,0.168027,3.79941266e-05,1728.90
5,6798,0.201086,3.79907651e-05,1729.35
5,6800,0.212073,3.79874036e-05,1729.86
5,6802,0.149275,3.79840385e-05,1730.37
5,6804,0.197963,3.79806806e-05,1730.82
5,6806,0.218737,3.79773192e-05,1731.28
5,6808,0.192519,3.79739540e-05,1731.81
5,6810,0.197061,3.79705925e-05,1732.32
5,6812,0.158262,3.79672310e-05,1732.78
5,6814,0.167818,3.79638659e-05,1733.26
5,6816,0.173883,3.79605044e-05,1733.74
5,6818,0.179774,3.79571393e-05,1734.22
5,6820,0.196104,3.79537814e-05,1734.75
5,6822,0.185671,3.79504163e-05,1735.23
5,6824,0.205464,3.79470512e-05,1735.69
5,6826,0.196607,3.79436897e-05,1736.21
5,6828,0.197937,3.79403245e-05,1736.72
5,6830,0.180015,3.79369631e-05,1737.26
5,6832,0.179819,3.79336016e-05,1737.71
5,6834,0.186806,3.79302364e-05,1738.22
5,6836,0.218853,3.79268749e-05,1738.71
5,6838,0.158328,3.79235134e-05,1739.25
5,6840,0.193206,3.79201483e-05,1739.75
5,6842,0.187543,3.79167868e-05,1740.22
5,6844,0.167514,3.79134217e-05,1740.67
5,6846,0.176101,3.79100566e-05,1741.16
5,6848,0.196111,3.79066914e-05,1741.67
5,6850,0.166645,3.79033299e-05,1742.19
5,6852,0.194452,3.78999721e-05,1742.66
5,6854,0.190153,3.78966070e-05,1743.24
5,6856,0.147897,3.78932418e-05,1743.78
5,6858,0.187734,3.78898803e-05,1744.30
6,0,0.224970,3.78881996e-05,1.71
6,2,0.191220,3.78848345e-05,2.29
6,4,0.193300,3.78814730e-05,2.81
6,6,0.192059,3.78781078e-05,3.33
6,8,0.188980,3.78747463e-05,3.83
6,10,0.198726,3.78713776e-05,4.29
6,12,0.193618,3.78680161e-05,4.80
6,14,0.178325,3.78646509e-05,5.28
6,16,0.188205,3.78612895e-05,5.83
6,18,0.198697,3.78579280e-05,6.29
6,20,0.195422,3.78545628e-05,6.85
6,22,0.177245,3.78512013e-05,7.33
6,24,0.213813,3.78478326e-05,7.82
6,26,0.175498,3.78444711e-05,8.35
6,28,0.217295,3.78411096e-05,8.85
6,30,0.204632,3.78377408e-05,9.37
6,32,0.190209,3.78343830e-05,9.85
6,34,0.176170,3.78310178e-05,10.51
6,36,0.220650,3.78276527e-05,10.96
6,38,0.186785,3.78242912e-05,11.44
6,40,0.187878,3.78209261e-05,11.94
6,42,0.187099,3.78175610e-05,12.41
6,44,0.209008,3.78141958e-05,12.91
6,46,0.150006,3.78108307e-05,13.38
6,48,0.175833,3.78074692e-05,13.86
6,50,0.176971,3.78041077e-05,14.34
6,52,0.179476,3.78007426e-05,14.82
6,54,0.206243,3.77973774e-05,15.32
6,56,0.185784,3.77940123e-05,15.81
6,58,0.175455,3.77906472e-05,16.26
6,60,0.187921,3.77872821e-05,16.70
6,62,0.216663,3.77839169e-05,17.19
6,64,0.174178,3.77805591e-05,17.72
6,66,0.187835,3.77771939e-05,18.27
6,68,0.171007,3.77738288e-05,18.80
6,70,0.197808,3.77704637e-05,19.32
6,72,0.181057,3.77670985e-05,19.77
6,74,0.156299,3.77637334e-05,20.30
6,76,0.219881,3.77603683e-05,20.79
6,78,0.181003,3.77570032e-05,21.23
6,80,0.179492,3.77536453e-05,21.76
6,82,0.179418,3.77502765e-05,22.31
6,84,0.211009,3.77469150e-05,22.86
6,86,0.195537,3.77435463e-05,23.41
6,88,0.183214,3.77401848e-05,23.87
6,90,0.158473,3.77368160e-05,24.35
6,92,0.176270,3.77334545e-05,24.82
6,94,0.172045,3.77300858e-05,25.36
6,96,0.187427,3.77267279e-05,25.89
6,98,0.231076,3.77233628e-05,26.32
6,100,0.180927,3.77199976e-05,26.81
6,102,0.179425,3.77166325e-05,27.28
6,104,0.182169,3.77132637e-05,27.82
6,106,0.179881,3.77099022e-05,28.26
6,108,0.210166,3.77065335e-05,28.72
6,110,0.187131,3.77031720e-05,29.19
6,112,0.189438,3.76998069e-05,29.68
6,114,0.176752,3.76964454e-05,30.21
6,116,0.181243,3.76930766e-05,30.67
6,118,0.174153,3.76897115e-05,31.17
6,120,0.211324,3.76863500e-05,31.66
6,122,0.214447,3.76829812e-05,32.20
6,124,0.164595,3.76796197e-05,32.74
6,126,0.166485,3.76762509e-05,33.21
6,128,0.212780,3.76728894e-05,33.68
6,130,0.167726,3.76695243e-05,34.16
6,132,0.186156,3.76661592e-05,34.64
6,134,0.192873,3.76627904e-05,35.12
6,136,0.188356,3.76594289e-05,35.62
6,138,0.184780,3.76560602e-05,36.10
6,140,0.193803,3.76526950e-05,36.59
6,142,0.187244,3.76493299e-05,37.07
6,144,0.207178,3.76459684e-05,37.51
6,146,0.175071,3.76426033e-05,38.04
6,148,0.211637,3.76392381e-05,38.52
6,150,0.192923,3.76358730e-05,38.99
6,152,0.184835,3.76325042e-05,39.48
6,154,0.185978,3.76291428e-05,39.94
6,156,0.190681,3.76257740e-05,40.42
6,158,0.179427,3.76224089e-05,40.94
6,160,0.177617,3.76190437e-05,41.40
6,162,0.173593,3.76156822e-05,41.94
6,164,0.165017,3.76123135e-05,42.44
6,166,0.198960,3.76089483e-05,43.03
6,168,0.196460,3.76055796e-05,43.57
6,170,0.191126,3.76022181e-05,44.06
6,172,0.193049,3.75988493e-05,44.55
6,174,0.161112,3.75954842e-05,45.09
6,176,0.223751,3.75921190e-05,45.67
6,178,0.212603,3.75887539e-05,46.23
6,180,0.214662,3.75853924e-05,46.69
6,182,0.173029,3.75820237e-05,47.18
6,184,0.150455,3.75786549e-05,47.70
6,186,0.187232,3.75752898e-05,48.25
6,188,0.172520,3.75719210e-05,48.74
6,190,0.165662,3.75685595e-05,49.27
6,192,0.204267,3.75651980e-05,49.76
6,194,0.156577,3.75618292e-05,50.25
6,196,0.216740,3.75584641e-05,50.74
6,198,0.186109,3.75550953e-05,51.27
6,200,0.199426,3.75517338e-05,51.76
6,202,0.177382,3.75483651e-05,52.21
6,204,0.183472,3.75449999e-05,52.70
6,206,0.210026,3.75416312e-05,53.20
6,208,0.186481,3.75382697e-05,53.72
6,210,0.193605,3.75349009e-05,54.26
6,212,0.219258,3.75315358e-05,54.74
6,214,0.186795,3.75281670e-05,55.28
6,216,0.208434,3.75248055e-05,55.75
6,218,0.178637,3.75214368e-05,56.18
6,220,0.197622,3.75180716e-05,56.72
6,222,0.165424,3.75147029e-05,57.15
6,224,0.187038,3.75113377e-05,57.64
6,226,0.176130,3.75079726e-05,58.11
6,228,0.188968,3.75046075e-05,58.63
6,230,0.201298,3.75012387e-05,59.10
6,232,0.176363,3.74978736e-05,59.58
6,234,0.180312,3.74945048e-05,60.09
6,236,0.148479,3.74911360e-05,60.57
6,238,0.191746,3.74877709e-05,61.05
6,240,0.211974,3.74844021e-05,61.51
6,242,0.181147,3.74810406e-05,61.98
6,244,0.214209,3.74776791e-05,62.44
6,246,0.179271,3.74743104e-05,62.98
6,248,0.199629,3.74709452e-05,63.50
6,250,0.207133,3.74675765e-05,63.94
6,252,0.213025,3.74642113e-05,64.46
6,254,0.192022,3.74608426e-05,65.00
6,256,0.174298,3.74574738e-05,65.50
6,258,0.190990,3.74541123e-05,66.01
6,260,0.193981,3.74507472e-05,66.46
6,262,0.154693,3.74473784e-05,66.97
6,264,0.190412,3.74440096e-05,67.45
6,266,0.186558,3.74406445e-05,67.94
6,268,0.199199,3.74372721e-05,68.46
6,270,0.171402,3.74339070e-05,68.98
6,272,0.178071,3.74305382e-05,69.46
6,274,0.184780,3.74271767e-05,69.91
6,276,0.225135,3.74238080e-05,70.43
6,278,0.172668,3.74204428e-05,70.99
6,280,0.148514,3.74170741e-05,71.52
6,282,0.167690,3.74137089e-05,71.97
6,284,0.192606,3.74103402e-05,72.42
6,286,0.198043,3.74069750e-05,72.94
6,288,0.180728,3.74036063e-05,73.43
6,290,0.177674,3.74002448e-05,73.88
6,292,0.179740,3.73968760e-05,74.37
6,294,0.201713,3.73935109e-05,74.86
6,296,0.183101,3.73901385e-05,75.36
6,298,0.169928,3.73867697e-05,75.87
6,300,0.182076,3.73834046e-05,76.36
6,302,0.160222,3.73800358e-05,76.82
6,304,0.204492,3.73766707e-05,77.35
6,306,0.199366,3.73733055e-05,77.85
6,308,0.173137,3.73699404e-05,78.31
6,310,0.192882,3.73665716e-05,78.77
6,312,0.169762,3.73632029e-05,79.30
6,314,0.183264,3.73598341e-05,79.79
6,316,0.168433,3.73564690e-05,80.26
6,318,0.177516,3.73531002e-05,80.77
6,320,0.175958,3.73497351e-05,81.27
6,322,0.215049,3.73463699e-05,81.74
6,324,0.175463,3.73430012e-05,82.20
6,326,0.149557,3.73396324e-05,82.69
6,328,0.162280,3.73362636e-05,83.25
6,330,0.215972,3.73328985e-05,83.78
6,332,0.190455,3.73295297e-05,84.28
6,334,0.152168,3.73261610e-05,84.76
6,336,0.192244,3.73227922e-05,85.27
6,338,0.194750,3.73194307e-05,85.73
6,340,0.185940,3.73160619e-05,86.22
6,342,0.199609,3.73126968e-05,86.70
6,344,0.180545,3.73093244e-05,87.19
6,346,0.190644,3.73059593e-05,87.73
6,348,0.181696,3.73025905e-05,88.28
6,350,0.210632,3.72992181e-05,88.72
6,352,0.189018,3.72958530e-05,89.24
6,354,0.201241,3.72924878e-05,89.76
6,356,0.185896,3.72891227e-05,90.27
6,358,0.162041,3.72857503e-05,90.74
6,360,0.193661,3.72823852e-05,91.23
6,362,0.193789,3.72790164e-05,91.74
6,364,0.173647,3.72756513e-05,92.31
6,366,0.195380,3.72722789e-05,92.81
6,368,0.196689,3.72689101e-05,93.28
6,370,0.206498,3.72655486e-05,93.73
6,372,0.191386,3.72621762e-05,94.28
6,374,0.205965,3.72588111e-05,94.77
6,376,0.188535,3.72554423e-05,95.30
6,378,0.173723,3.72520735e-05,95.72
6,380,0.185612,3.72487048e-05,96.21
6,382,0.164320,3.72453360e-05,96.72
6,384,0.182962,3.72419672e-05,97.25
6,386,0.190969,3.72386021e-05,97.70
6,388,0.196819,3.72352370e-05,98.16
6,390,0.209338,3.72318646e-05,98.68
6,392,0.214720,3.72284994e-05,99.18
6,394,0.186456,3.72251307e-05,99.66
6,396,0.178900,3.72217582e-05,100.18
6,398,0.204342,3.72183931e-05,100.65
6,400,0.197732,3.72150243e-05,101.17
6,402,0.203228,3.72116592e-05,101.70
6,404,0.197729,3.72082905e-05,102.20
6,406,0.168282,3.72049217e-05,102.73
6,408,0.163101,3.72015529e-05,103.22
6,410,0.183534,3.71981878e-05,103.72
6,412,0.191386,3.71948154e-05,104.20
6,414,0.198615,3.71914466e-05,104.63
6,416,0.193297,3.71880778e-05,105.09
6,418,0.173639,3.71847127e-05,105.58
6,420,0.162871,3.71813476e-05,106.03
6,422,0.198872,3.71779752e-05,106.47
6,424,0.157903,3.71746100e-05,107.01
6,426,0.188312,3.71712376e-05,107.48
6,428,0.181641,3.71678689e-05,107.95
6,430,0.195363,3.71645001e-05,108.41
6,432,0.204034,3.71611313e-05,108.94
6,434,0.148002,3.71577662e-05,109.41
6,436,0.170578,3.71543974e-05,109.87
6,438,0.169827,3.71510323e-05,110.36
6,440,0.155485,3.71476599e-05,110.78
6,442,0.177600,3.71442911e-05,111.26
6,444,0.140189,3.71409224e-05,111.74
6,446,0.208640,3.71375536e-05,112.25
6,448,0.188568,3.71341812e-05,112.68
6,450,0.201225,3.71308197e-05,113.18
6,452,0.201020,3.71274473e-05,113.73
6,454,0.168282,3.71240822e-05,114.20
6,456,0.188766,3.71207097e-05,114.65
6,458,0.171786,3.71173446e-05,115.15
6,460,0.180525,3.71139722e-05,115.65
6,462,0.183551,3.71106034e-05,116.09
6,464,0.171921,3.71072347e-05,116.66
6,466,0.209280,3.71038659e-05,117.19
6,468,0.192935,3.71005008e-05,117.63
6,470,0.168420,3.70971284e-05,118.17
6,472,0.155580,3.70937596e-05,118.63
6,474,0.204122,3.70903908e-05,119.18
6,476,0.178475,3.70870221e-05,119.64
6,478,0.210025,3.70836533e-05,120.13
6,480,0.188558,3.70802845e-05,120.60
6,482,0.160420,3.70769194e-05,121.09
6,484,0.197363,3.70735470e-05,121.56
6,486,0.171276,3.70701782e-05,122.08
6,488,0.200589,3.70668095e-05,122.61
6,490,0.201867,3.70634407e-05,123.08
6,492,0.160285,3.70600683e-05,123.54
6,494,0.167942,3.70566995e-05,124.07
6,496,0.178619,3.70533307e-05,124.57
6,498,0.186104,3.70499656e-05,125.03
6,500,0.199896,3.70465968e-05,125.56
6,502,0.169725,3.70432244e-05,126.02
6,504,0.177448,3.70398557e-05,126.49
6,506,0.192786,3.70364869e-05,126.94
6,508,0.169088,3.70331181e-05,127.40
6,510,0.182395,3.70297494e-05,127.86
6,512,0.197906,3.70263770e-05,128.35
6,514,0.182428,3.70230118e-05,128.87
6,516,0.224492,3.70196431e-05,129.33
6,518,0.170013,3.70162743e-05,129.80
6,520,0.195403,3.70129019e-05,130.30
6,522,0.185998,3.70095331e-05,130.78
6,524,0.223831,3.70061643e-05,131.31
6,526,0.168425,3.70027919e-05,131.76
6,528,0.183317,3.69994268e-05,132.30
6,530,0.183606,3.69960580e-05,132.82
6,532,0.170104,3.69926856e-05,133.26
6,534,0.182666,3.69893205e-05,133.80
6,536,0.192065,3.69859481e-05,134.32
6,538,0.183865,3.69825757e-05,134.84
6,540,0.207402,3.69792069e-05,135.34
6,542,0.193977,3.69758382e-05,135.80
6,544,0.203221,3.69724694e-05,136.32
6,546,0.155843,3.69691006e-05,136.84
6,548,0.200689,3.69657319e-05,137.32
6,550,0.180042,3.69623631e-05,137.81
6,552,0.201526,3.69589907e-05,138.32
6,554,0.178624,3.69556183e-05,138.87
6,556,0.180438,3.69522531e-05,139.42
6,558,0.189053,3.69488807e-05,139.95
6,560,0.248852,3.69455120e-05,140.42
6,562,0.180587,3.69421432e-05,140.87
6,564,0.180301,3.69387744e-05,141.37
6,566,0.186946,3.69354057e-05,141.83
6,568,0.194725,3.69320333e-05,142.27
6,570,0.173010,3.69286608e-05,142.74
6,572,0.139561,3.69252957e-05,143.22
6,574,0.194181,3.69219233e-05,143.67
6,576,0.187365,3.69185545e-05,144.10
6,578,0.200517,3.69151858e-05,144.55
6,580,0.188565,3.69118134e-05,145.14
6,582,0.179789,3.69084482e-05,145.64
6,584,0.186347,3.69050758e-05,146.14
6,586,0.177367,3.69017034e-05,146.62
6,588,0.204199,3.68983347e-05,147.07
6,590,0.178828,3.68949622e-05,147.57
6,592,0.234393,3.68915971e-05,148.10
6,594,0.184031,3.68882284e-05,148.62
6,596,0.210476,3.68848559e-05,149.18
6,598,0.168664,3.68814872e-05,149.69
6,600,0.190294,3.68781148e-05,150.18
6,602,0.187371,3.68747424e-05,150.66
6,604,0.220948,3.68713772e-05,151.16
6,606,0.205993,3.68680048e-05,151.59
6,608,0.161328,3.68646324e-05,152.06
6,610,0.195711,3.68612673e-05,152.59
6,612,0.209438,3.68578949e-05,153.09
6,614,0.180099,3.68545261e-05,153.61
6,616,0.209910,3.68511573e-05,154.07
6,618,0.208401,3.68477849e-05,154.54
6,620,0.169243,3.68444162e-05,155.04
6,622,0.187842,3.68410438e-05,155.56
6,624,0.174630,3.68376714e-05,156.03
6,626,0.201100,3.68343062e-05,156.48
6,628,0.175361,3.68309338e-05,156.95
6,630,0.175799,3.68275614e-05,157.42
6,632,0.183288,3.68241926e-05,157.92
6,634,0.166270,3.68208239e-05,158.41
6,636,0.184664,3.68174551e-05,158.91
6,638,0.189440,3.68140827e-05,159.40
6,640,0.194197,3.68107103e-05,159.91
6,642,0.183389,3.68073452e-05,160.44
6,644,0.191193,3.68039728e-05,160.92
6,646,0.169129,3.68006004e-05,161.48
6,648,0.216535,3.67972316e-05,161.94
6,650,0.177306,3.67938592e-05,162.40
6,652,0.168046,3.67904868e-05,162.86
6,654,0.185407,3.67871180e-05,163.38
6,656,0.194172,3.67837456e-05,163.85
6,658,0.182037,3.67803768e-05,164.33
6,660,0.214477,3.67770081e-05,164.83
6,662,0.194951,3.67736357e-05,165.34
6,664,0.231436,3.67702669e-05,165.84
6,666,0.202222,3.67668981e-05,166.42
6,668,0.195193,3.67635257e-05,166.92
6,670,0.193004,3.67601533e-05,167.45
6,672,0.178118,3.67567845e-05,167.94
6,674,0.180091,3.67534158e-05,168.47
6,676,0.192289,3.67500470e-05,168.93
6,678,0.173277,3.67466746e-05,169.41
6,680,0.184110,3.67433022e-05,169.88
6,682,0.178694,3.67399298e-05,170.37
6,684,0.207444,3.67365610e-05,170.84
6,686,0.176679,3.67331886e-05,171.33
6,688,0.187745,3.67298162e-05,171.84
6,690,0.178880,3.67264511e-05,172.31
6,692,0.211113,3.67230787e-05,172.76
6,694,0.194361,3.67197099e-05,173.27
6,696,0.192157,3.67163375e-05,173.72
6,698,0.185449,3.67129651e-05,174.17
6,700,0.148724,3.67095963e-05,174.67
6,702,0.185457,3.67062239e-05,175.27
6,704,0.170196,3.67028479e-05,175.78
6,706,0.195955,3.66994791e-05,176.29
6,708,0.198552,3.66961103e-05,176.78
6,710,0.171139,3.66927379e-05,177.30
6,712,0.189825,3.66893655e-05,177.80
6,714,0.161931,3.66859967e-05,178.29
6,716,0.186776,3.66826243e-05,178.76
6,718,0.173318,3.66792519e-05,179.23
6,720,0.206972,3.66758832e-05,179.75
6,722,0.199803,3.66725144e-05,180.27
6,724,0.182242,3.66691456e-05,180.78
6,726,0.195944,3.66657732e-05,181.20
6,728,0.221271,3.66624008e-05,181.65
6,730,0.204556,3.66590284e-05,182.18
6,732,0.177834,3.66556560e-05,182.63
6,734,0.195714,3.66522836e-05,183.15
6,736,0.210116,3.66489112e-05,183.64
6,738,0.182637,3.66455461e-05,184.16
6,740,0.190869,3.66421737e-05,184.80
6,742,0.180991,3.66388012e-05,185.31
6,744,0.207327,3.66354325e-05,185.81
6,746,0.164542,3.66320601e-05,186.28
6,748,0.178704,3.66286877e-05,186.77
6,750,0.188444,3.66253153e-05,187.24
6,752,0.188969,3.66219429e-05,187.76
6,754,0.217351,3.66185704e-05,188.23
6,756,0.178151,3.66152053e-05,188.72
6,758,0.172833,3.66118329e-05,189.20
6,760,0.186146,3.66084605e-05,189.66
6,762,0.164333,3.66050917e-05,190.20
6,764,0.218543,3.66017157e-05,190.76
6,766,0.168119,3.65983433e-05,191.31
6,768,0.210658,3.65949709e-05,191.78
6,770,0.203747,3.65916021e-05,192.27
6,772,0.162290,3.65882333e-05,192.73
6,774,0.184300,3.65848646e-05,193.30
6,776,0.194004,3.65814922e-05,193.79
6,778,0.196780,3.65781161e-05,194.26
6,780,0.185833,3.65747437e-05,194.74
6,782,0.202970,3.65713749e-05,195.19
6,784,0.199152,3.65680025e-05,195.67
6,786,0.179952,3.65646301e-05,196.16
6,788,0.193619,3.65612614e-05,196.71
6,790,0.190836,3.65578890e-05,197.28
6,792,0.180775,3.65545166e-05,197.78
6,794,0.208555,3.65511478e-05,198.33
6,796,0.173014,3.65477754e-05,198.82
6,798,0.165878,3.65443993e-05,199.27
6,800,0.166441,3.65410269e-05,199.78
6,802,0.205590,3.65376582e-05,200.20
6,804,0.192445,3.65342894e-05,200.70
6,806,0.184621,3.65309206e-05,201.18
6,808,0.164764,3.65275446e-05,201.72
6,810,0.184179,3.65241722e-05,202.28
6,812,0.216723,3.65207998e-05,202.78
6,814,0.189782,3.65174310e-05,203.28
6,816,0.204986,3.65140550e-05,203.80
6,818,0.183273,3.65106825e-05,204.25
6,820,0.180008,3.65073174e-05,204.74
6,822,0.161349,3.65039450e-05,205.27
6,824,0.186923,3.65005690e-05,205.84
6,826,0.193310,3.64971966e-05,206.33
6,828,0.207192,3.64938278e-05,206.83
6,830,0.163839,3.64904554e-05,207.33
6,832,0.202566,3.64870793e-05,207.81
6,834,0.169060,3.64837106e-05,208.23
6,836,0.178154,3.64803418e-05,208.74
6,838,0.194043,3.64769694e-05,209.26
6,840,0.204483,3.64735970e-05,209.75
6,842,0.192149,3.64702246e-05,210.26
6,844,0.173501,3.64668522e-05,210.73
6,846,0.190608,3.64634761e-05,211.28
6,848,0.206395,3.64601074e-05,211.79
6,850,0.168465,3.64567350e-05,212.30
6,852,0.153254,3.64533626e-05,212.80
6,854,0.159558,3.64499938e-05,213.33
6,856,0.190562,3.64466214e-05,213.84
6,858,0.199621,3.64432490e-05,214.31
6,860,0.176427,3.64398729e-05,214.78
6,862,0.182693,3.64365042e-05,215.32
6,864,0.196797,3.64331318e-05,215.85
6,866,0.203276,3.64297557e-05,216.30
6,868,0.169368,3.64263906e-05,216.77
6,870,0.213428,3.64230182e-05,217.34
6,872,0.166356,3.64196421e-05,217.85
6,874,0.205675,3.64162734e-05,218.41
6,876,0.210438,3.64129010e-05,218.91
6,878,0.214673,3.64095249e-05,219.40
6,880,0.188892,3.64061525e-05,219.93
6,882,0.190626,3.64027837e-05,220.50
6,884,0.177093,3.63994113e-05,221.02
6,886,0.193098,3.63960389e-05,221.55
6,888,0.173710,3.63926629e-05,222.04
6,890,0.221660,3.63892941e-05,222.61
6,892,0.214444,3.63859217e-05,223.11
6,894,0.204267,3.63825457e-05,223.71
6,896,0.173133,3.63791769e-05,224.22
6,898,0.167518,3.63758045e-05,224.74
6,900,0.201410,3.63724321e-05,225.25
6,902,0.173979,3.63690633e-05,225.71
6,904,0.211753,3.63656909e-05,226.24
6,906,0.210063,3.63623149e-05,226.67
6,908,0.178295,3.63589425e-05,227.10
6,910,0.205147,3.63555700e-05,227.60
6,912,0.183374,3.63521976e-05,228.06
6,914,0.209703,3.63488252e-05,228.59
6,916,0.182337,3.63454565e-05,229.08
6,918,0.157868,3.63420841e-05,229.55
6,920,0.165448,3.63387080e-05,229.99
6,922,0.172450,3.63353356e-05,230.45
6,924,0.210603,3.63319668e-05,230.95
6,926,0.141747,3.63285908e-05,231.39
6,928,0.195151,3.63252184e-05,231.87
6,930,0.185572,3.63218423e-05,232.36
6,932,0.171485,3.63184772e-05,232.81
6,934,0.171332,3.63151012e-05,233.28
6,936,0.197535,3.63117288e-05,233.78
6,938,0.194122,3.63083600e-05,234.26
6,940,0.182445,3.63049840e-05,234.72
6,942,0.192621,3.63016115e-05,235.24
6,944,0.205166,3.62982355e-05,235.71
6,946,0.212102,3.62948667e-05,236.18
6,948,0.216255,3.62914943e-05,236.67
6,950,0.170817,3.62881219e-05,237.14
6,952,0.198801,3.62847459e-05,237.60
6,954,0.167797,3.62813771e-05,238.05
6,956,0.154838,3.62780047e-05,238.57
6,958,0.161687,3.62746287e-05,239.03
6,960,0.170261,3.62712599e-05,239.54
6,962,0.160429,3.62678838e-05,240.05
6,964,0.186454,3.62645151e-05,240.52
6,966,0.205080,3.62611390e-05,241.00
6,968,0.181770,3.62577703e-05,241.54
6,970,0.199396,3.62543942e-05,242.00
6,972,0.181905,3.62510218e-05,242.51
6,974,0.183619,3.62476458e-05,242.98
6,976,0.188145,3.62442770e-05,243.42
6,978,0.168208,3.62409010e-05,243.94
6,980,0.182521,3.62375322e-05,244.42
6,982,0.173860,3.62341598e-05,244.88
6,984,0.163049,3.62307874e-05,245.38
6,986,0.209832,3.62274113e-05,245.90
6,988,0.176297,3.62240389e-05,246.46
6,990,0.172910,3.62206665e-05,246.99
6,992,0.204931,3.62172941e-05,247.46
6,994,0.193523,3.62139181e-05,247.93
6,996,0.188273,3.62105493e-05,248.50
6,998,0.175435,3.62071769e-05,249.02
6,1000,0.211707,3.62038045e-05,249.45
6,1002,0.198122,3.62004284e-05,249.96
6,1004,0.175817,3.61970560e-05,250.50
6,1006,0.188617,3.61936836e-05,250.97
6,1008,0.186163,3.61903112e-05,251.48
6,1010,0.200820,3.61869352e-05,252.01
6,1012,0.179518,3.61835700e-05,252.52
6,1014,0.179821,3.61801940e-05,253.06
6,1016,0.182510,3.61768180e-05,253.52
6,1018,0.206415,3.61734456e-05,254.07
6,1020,0.176135,3.61700695e-05,254.55
6,1022,0.210401,3.61667007e-05,254.99
6,1024,0.176327,3.61633247e-05,255.57
6,1026,0.195984,3.61599523e-05,256.19
6,1028,0.193100,3.61565835e-05,256.73
6,1030,0.152831,3.61532111e-05,257.20
6,1032,0.189829,3.61498351e-05,257.72
6,1034,0.217485,3.61464590e-05,258.31
6,1036,0.198750,3.61430903e-05,258.84
6,1038,0.169794,3.61397142e-05,259.31
6,1040,0.189852,3.61363418e-05,259.79
6,1042,0.157532,3.61329658e-05,260.30
6,1044,0.226064,3.61296006e-05,260.84
6,1046,0.195884,3.61262246e-05,261.36
6,1048,0.215239,3.61228485e-05,261.88
6,1050,0.173980,3.61194761e-05,262.37
6,1052,0.192997,3.61161037e-05,262.81
6,1054,0.189593,3.61127313e-05,263.27
6,1056,0.204370,3.61093553e-05,263.72
6,1058,0.192008,3.61059829e-05,264.28
6,1060,0.198559,3.61026141e-05,264.84
6,1062,0.198141,3.60992381e-05,265.40
6,1064,0.204636,3.60958657e-05,265.83
6,1066,0.194787,3.60924896e-05,266.41
6,1068,0.175584,3.60891172e-05,266.88
6,1070,0.185602,3.60857448e-05,267.45
6,1072,0.153864,3.60823688e-05,267.95
6,1074,0.185542,3.60789963e-05,268.44
6,1076,0.188622,3.60756276e-05,268.92
6,1078,0.205624,3.60722515e-05,269.37
6,1080,0.168959,3.60688791e-05,269.88
6,1082,0.196350,3.60655031e-05,270.37
6,1084,0.179417,3.60621343e-05,270.91
6,1086,0.231816,3.60587583e-05,271.52
6,1088,0.174509,3.60553822e-05,272.01
6,1090,0.189687,3.60520098e-05,272.55
6,1092,0.176520,3.60486411e-05,273.04
6,1094,0.201876,3.60452650e-05,273.55
6,1096,0.164891,3.60418926e-05,274.07
6,1098,0.182796,3.60385166e-05,274.57
6,1100,0.188925,3.60351405e-05,275.00
6,1102,0.207159,3.60317717e-05,275.47
6,1104,0.210632,3.60283957e-05,276.00
6,1106,0.177200,3.60250233e-05,276.50
6,1108,0.198174,3.60216545e-05,277.06
6,1110,0.173259,3.60182785e-05,277.58
6,1112,0.167459,3.60149061e-05,278.06
6,1114,0.181745,3.60115300e-05,278.60
6,1116,0.170630,3.60081540e-05,279.09
6,1118,0.185269,3.60047852e-05,279.60
6,1120,0.199515,3.60014092e-05,280.08
6,1122,0.194510,3.59980331e-05,280.60
6,1124,0.181490,3.59946680e-05,281.13
6,1126,0.187418,3.59912920e-05,281.59
6,1128,0.215664,3.59879159e-05,282.08
6,1130,0.196945,3.59845435e-05,282.56
6,1132,0.193807,3.59811675e-05,283.06
6,1134,0.186668,3.59777951e-05,283.55
6,1136,0.177407,3.59744190e-05,284.06
6,1138,0.182948,3.59710466e-05,284.56
6,1140,0.178930,3.59676742e-05,285.09
6,1142,0.172902,3.59643018e-05,285.59
6,1144,0.153274,3.59609294e-05,286.07
6,1146,0.178065,3.59575533e-05,286.55
6,1148,0.196875,3.59541773e-05,286.99
6,1150,0.191263,3.59508085e-05,287.48
6,1152,0.212915,3.59474325e-05,287.94
6,1154,0.201860,3.59440564e-05,288.40
6,1156,0.167292,3.59406840e-05,288.86
6,1158,0.211930,3.59373153e-05,289.33
6,1160,0.222916,3.59339392e-05,289.79
6,1162,0.204549,3.59305632e-05,290.32
6,1164,0.174443,3.59271908e-05,290.79
6,1166,0.165181,3.59238147e-05,291.28
6,1168,0.195743,3.59204423e-05,291.74
6,1170,0.183662,3.59170663e-05,292.20
6,1172,0.170722,3.59136975e-05,292.67
6,1174,0.192164,3.59103215e-05,293.10
6,1176,0.184971,3.59069491e-05,293.52
6,1178,0.196261,3.59035766e-05,294.02
6,1180,0.196272,3.59002006e-05,294.52
6,1182,0.195057,3.58968246e-05,294.99
6,1184,0.166391,3.58934485e-05,295.58
6,1186,0.169289,3.58900797e-05,296.10
6,1188,0.179340,3.58867073e-05,296.62
6,1190,0.217982,3.58833313e-05,297.13
6,1192,0.172697,3.58799552e-05,297.62
6,1194,0.205226,3.58765865e-05,298.11
6,1196,0.207203,3.58732104e-05,298.58
6,1198,0.175264,3.58698344e-05,299.13
6,1200,0.184704,3.58664583e-05,299.65
6,1202,0.171647,3.58630896e-05,300.13
6,1204,0.195391,3.58597172e-05,300.66
6,1206,0.213398,3.58563411e-05,301.16
6,1208,0.153784,3.58529651e-05,301.65
6,1210,0.158506,3.58495963e-05,302.15
6,1212,0.177365,3.58462203e-05,302.63
6,1214,0.174474,3.58428442e-05,303.07
6,1216,0.181538,3.58394682e-05,303.55
6,1218,0.193182,3.58360958e-05,304.01
6,1220,0.166898,3.58327270e-05,304.51
6,1222,0.195852,3.58293510e-05,304.97
6,1224,0.218060,3.58259749e-05,305.44
6,1226,0.180442,3.58225989e-05,305.92
6,1228,0.207080,3.58192301e-05,306.36
6,1230,0.212302,3.58158541e-05,306.87
6,1232,0.190460,3.58124780e-05,307.37
6,1234,0.185361,3.58091020e-05,307.84
6,1236,0.167342,3.58057368e-05,308.30
6,1238,0.197588,3.58023608e-05,308.84
6,1240,0.151047,3.57989848e-05,309.31
6,1242,0.185619,3.57956087e-05,309.80
6,1244,0.184009,3.57922327e-05,310.33
6,1246,0.193941,3.57888639e-05,310.81
6,1248,0.208660,3.57854879e-05,311.30
6,1250,0.209905,3.57821118e-05,311.76
6,1252,0.177112,3.57787394e-05,312.27
6,1254,0.175679,3.57753634e-05,312.85
6,1256,0.185779,3.57719946e-05,313.34
6,1258,0.192141,3.57686185e-05,313.82
6,1260,0.217325,3.57652425e-05,314.27
6,1262,0.169442,3.57618665e-05,314.81
6,1264,0.209969,3.57584904e-05,315.31
6,1266,0.159646,3.57551216e-05,315.80
6,1268,0.181494,3.57517492e-05,316.25
6,1270,0.204946,3.57483732e-05,316.77
6,1272,0.210327,3.57449971e-05,317.27
6,1274,0.210493,3.57416247e-05,317.79
6,1276,0.150707,3.57382523e-05,318.28
6,1278,0.146922,3.57348763e-05,318.77
6,1280,0.176638,3.57315002e-05,319.24
6,1282,0.164664,3.57281242e-05,319.75
6,1284,0.189748,3.57247554e-05,320.33
6,1286,0.185889,3.57213794e-05,320.77
6,1288,0.194769,3.57180070e-05,321.33
6,1290,0.171319,3.57146309e-05,321.82
6,1292,0.196801,3.57112585e-05,322.30
6,1294,0.205228,3.57078825e-05,322.82
6,1296,0.151394,3.57045064e-05,323.31
6,1298,0.178248,3.57011304e-05,323.84
6,1300,0.191770,3.56977580e-05,324.42
6,1302,0.185444,3.56943892e-05,324.87
6,1304,0.172798,3.56910132e-05,325.42
6,1306,0.194384,3.56876371e-05,325.89
6,1308,0.204578,3.56842611e-05,326.37
6,1310,0.198879,3.56808850e-05,326.82
6,1312,0.203299,3.56775126e-05,327.29
6,1314,0.194895,3.56741402e-05,327.86
6,1316,0.199568,3.56707642e-05,328.38
6,1318,0.174365,3.56673918e-05,328.95
6,1320,0.186093,3.56640194e-05,329.43
6,1322,0.170206,3.56606433e-05,329.94
6,1324,0.198360,3.56572673e-05,330.44
6,1326,0.193495,3.56538949e-05,330.90
6,1328,0.195357,3.56505225e-05,331.36
6,1330,0.163341,3.56471464e-05,331.81
6,1332,0.181987,3.56437704e-05,332.25
6,1334,0.189143,3.56403980e-05,332.71
6,1336,0.134959,3.56370219e-05,333.17
6,1338,0.201511,3.56336495e-05,333.62
6,1340,0.171775,3.56302735e-05,334.06
6,1342,0.186293,3.56269011e-05,334.56
6,1344,0.184812,3.56235250e-05,335.00
6,1346,0.197992,3.56201490e-05,335.49
6,1348,0.192378,3.56167766e-05,335.99
6,1350,0.203249,3.56134042e-05,336.50
6,1352,0.195685,3.56100281e-05,336.97
6,1354,0.175116,3.56066521e-05,337.49
6,1356,0.209082,3.56032760e-05,337.98
6,1358,0.190251,3.55999073e-05,338.49
6,1360,0.165085,3.55965312e-05,339.04
6,1362,0.195224,3.55931552e-05,339.54
6,1364,0.205224,3.55897791e-05,340.06
6,1366,0.199392,3.55864104e-05,340.63
6,1368,0.216909,3.55830343e-05,341.10
6,1370,0.190464,3.55796583e-05,341.57
6,1372,0.207389,3.55762822e-05,342.04
6,1374,0.163964,3.55729098e-05,342.52
6,1376,0.235253,3.55695374e-05,343.02
6,1378,0.147363,3.55661614e-05,343.50
6,1380,0.183645,3.55627853e-05,343.97
6,1382,0.199487,3.55594129e-05,344.45
6,1384,0.167478,3.55560369e-05,344.93
6,1386,0.185278,3.55526645e-05,345.43
6,1388,0.185116,3.55492884e-05,345.89
6,1390,0.196909,3.55459124e-05,346.38
6,1392,0.174166,3.55425364e-05,346.85
6,1394,0.162167,3.55391639e-05,347.34
6,1396,0.186248,3.55357915e-05,347.83
6,1398,0.213679,3.55324191e-05,348.35
6,1400,0.174758,3.55290431e-05,348.84
6,1402,0.170055,3.55256670e-05,349.38
6,1404,0.184292,3.55222910e-05,349.91
6,1406,0.174874,3.55189186e-05,350.42
6,1408,0.190291,3.55155425e-05,350.88
6,1410,0.234442,3.55121665e-05,351.39
6,1412,0.168179,3.55087905e-05,351.88
6,1414,0.181087,3.55054181e-05,352.42
6,1416,0.199322,3.55020493e-05,352.89
6,1418,0.158248,3.54986732e-05,353.37
6,1420,0.178377,3.54952972e-05,353.86
6,1422,0.175291,3.54919212e-05,354.37
6,1424,0.203754,3.54885451e-05,354.92
6,1426,0.217508,3.54851727e-05,355.38
6,1428,0.174573,3.54817967e-05,355.85
6,1430,0.177849,3.54784243e-05,356.35
6,1432,0.169881,3.54750482e-05,356.80
6,1434,0.213782,3.54716722e-05,357.29
6,1436,0.210405,3.54682998e-05,357.75
6,1438,0.207142,3.54649237e-05,358.26
6,1440,0.165875,3.54615477e-05,358.73
6,1442,0.202144,3.54581716e-05,359.24
6,1444,0.194917,3.54548029e-05,359.77
6,1446,0.173037,3.54514304e-05,360.29
6,1448,0.193897,3.54480544e-05,360.76
6,1450,0.182995,3.54446784e-05,361.21
6,1452,0.160303,3.54413023e-05,361.75
6,1454,0.162378,3.54379299e-05,362.23
6,1456,0.181666,3.54345539e-05,362.71
6,1458,0.209977,3.54311778e-05,363.19
6,1460,0.184348,3.54278018e-05,363.70
6,1462,0.210196,3.54244294e-05,364.17
6,1464,0.202276,3.54210570e-05,364.70
6,1466,0.197175,3.54176809e-05,365.26
6,1468,0.186126,3.54143049e-05,365.81
6,1470,0.171111,3.54109288e-05,366.38
6,1472,0.199986,3.54075528e-05,366.86
6,1474,0.164233,3.54041767e-05,367.35
6,1476,0.168128,3.54008080e-05,367.85
6,1478,0.210616,3.53974356e-05,368.30
6,1480,0.182577,3.53940595e-05,368.82
6,1482,0.185999,3.53906835e-05,369.32
6,1484,0.150414,3.53873111e-05,369.79
6,1486,0.186498,3.53839350e-05,370.34
6,1488,0.189753,3.53805590e-05,370.83
6,1490,0.184972,3.53771829e-05,371.29
6,1492,0.196520,3.53738069e-05,371.79
6,1494,0.184876,3.53704381e-05,372.26
6,1496,0.162757,3.53670621e-05,372.78
6,1498,0.214147,3.53636860e-05,373.26
6,1500,0.174874,3.53603100e-05,373.80
6,1502,0.182937,3.53569339e-05,374.30
6,1504,0.189048,3.53535579e-05,374.84
6,1506,0.171741,3.53501855e-05,375.32
6,1508,0.176112,3.53468095e-05,375.79
6,1510,0.211270,3.53434370e-05,376.32
6,1512,0.171703,3.53400610e-05,376.87
6,1514,0.185735,3.53366850e-05,377.36
6,1516,0.191484,3.53333126e-05,377.86
6,1518,0.230424,3.53299365e-05,378.37
6,1520,0.201257,3.53265605e-05,378.85
6,1522,0.188036,3.53231881e-05,379.34
6,1524,0.188631,3.53198157e-05,379.83
6,1526,0.173344,3.53164432e-05,380.34
6,1528,0.167291,3.53130672e-05,380.79
6,1530,0.187570,3.53096912e-05,381.27
6,1532,0.206625,3.53063151e-05,381.72
6,1534,0.187633,3.53029427e-05,382.19
6,1536,0.179407,3.52995667e-05,382.68
6,1538,0.184150,3.52961906e-05,383.16
6,1540,0.191918,3.52928146e-05,383.67
6,1542,0.152169,3.52894422e-05,384.11
6,1544,0.156299,3.52860698e-05,384.53
6,1546,0.205383,3.52826937e-05,385.00
6,1548,0.208255,3.52793177e-05,385.59
6,1550,0.176294,3.52759416e-05,386.07
6,1552,0.147779,3.52725656e-05,386.53
6,1554,0.176906,3.52691895e-05,387.02
6,1556,0.176217,3.52658171e-05,387.55
6,1558,0.189776,3.52624447e-05,388.03
6,1560,0.192920,3.52590687e-05,388.49
6,1562,0.203100,3.52556926e-05,388.93
6,1564,0.205742,3.52523166e-05,389.41
6,1566,0.158901,3.52489442e-05,389.86
6,1568,0.199026,3.52455681e-05,390.32
6,1570,0.191033,3.52421921e-05,390.82
6,1572,0.180712,3.52388161e-05,391.25
6,1574,0.192999,3.52354436e-05,391.75
6,1576,0.198691,3.52320712e-05,392.25
6,1578,0.139199,3.52286952e-05,392.73
6,1580,0.185011,3.52253192e-05,393.21
6,1582,0.161907,3.52219431e-05,393.74
6,1584,0.207763,3.52185671e-05,394.20
6,1586,0.180531,3.52151910e-05,394.74
6,1588,0.172286,3.52118186e-05,395.23
6,1590,0.163644,3.52084462e-05,395.69
6,1592,0.203943,3.52050702e-05,396.18
6,1594,0.189123,3.52016941e-05,396.66
6,1596,0.223711,3.51983217e-05,397.15
6,1598,0.167179,3.51949457e-05,397.60
6,1600,0.188423,3.51915696e-05,398.06
6,1602,0.208594,3.51881936e-05,398.56
6,1604,0.172100,3.51848175e-05,399.06
6,1606,0.159063,3.51814488e-05,399.49
6,1608,0.197759,3.51780727e-05,400.01
6,1610,0.181714,3.51746967e-05,400.47
6,1612,0.192399,3.51713206e-05,400.97
6,1614,0.189809,3.51679446e-05,401.47
6,1616,0.189033,3.51645685e-05,401.94
6,1618,0.178169,3.51611961e-05,402.44
6,1620,0.181607,3.51578237e-05,402.95
6,1622,0.188092,3.51544513e-05,403.42
6,1624,0.191726,3.51510753e-05,403.90
6,1626,0.197995,3.51477029e-05,404.39
6,1628,0.188802,3.51443268e-05,404.92
6,1630,0.201771,3.51409508e-05,405.45
6,1632,0.202454,3.51375747e-05,406.01
6,1634,0.170222,3.51341987e-05,406.47
6,1636,0.167994,3.51308227e-05,406.96
6,1638,0.189312,3.51274539e-05,407.48
6,1640,0.205650,3.51240778e-05,407.99
6,1642,0.211515,3.51207018e-05,408.46
6,1644,0.156377,3.51173258e-05,408.93
6,1646,0.188922,3.51139497e-05,409.37
6,1648,0.192730,3.51105773e-05,409.83
6,1650,0.200180,3.51072013e-05,410.34
6,1652,0.202709,3.51038252e-05,410.96
6,1654,0.189982,3.51004528e-05,411.45
6,1656,0.198291,3.50970768e-05,412.00
6,1658,0.204187,3.50937044e-05,412.55
6,1660,0.180196,3.50903283e-05,413.08
6,1662,0.172945,3.50869523e-05,413.57
6,1664,0.199784,3.50835762e-05,414.09
6,1666,0.169006,3.50802002e-05,414.56
6,1668,0.177903,3.50768278e-05,415.06
6,1670,0.167624,3.50734554e-05,415.64
6,1672,0.159725,3.50700793e-05,416.15
6,1674,0.178067,3.50667033e-05,416.65
6,1676,0.202048,3.50633272e-05,417.11
6,1678,0.171045,3.50599548e-05,417.59
6,1680,0.201077,3.50565788e-05,418.08
6,1682,0.176879,3.50532027e-05,418.61
6,1684,0.212674,3.50498267e-05,419.14
6,1686,0.226553,3.50464543e-05,419.61
6,1688,0.202290,3.50430819e-05,420.05
6,1690,0.177200,3.50397058e-05,420.62
6,1692,0.205380,3.50363298e-05,421.14
6,1694,0.164790,3.50329537e-05,421.60
6,1696,0.187447,3.50295777e-05,422.07
6,1698,0.192760,3.50262017e-05,422.53
6,1700,0.186785,3.50228293e-05,423.04
6,1702,0.173273,3.50194568e-05,423.53
6,1704,0.193606,3.50160808e-05,424.05
6,1706,0.194140,3.50127048e-05,424.53
6,1708,0.199982,3.50093287e-05,425.05
6,1710,0.187764,3.50059563e-05,425.52
6,1712,0.200565,3.50025803e-05,426.01
6,1714,0.171597,3.49992006e-05,426.55
6,1716,0.190200,3.49958282e-05,427.06
6,1718,0.189873,3.49924558e-05,427.55
6,1720,0.182407,3.49890797e-05,428.05
6,1722,0.164699,3.49857037e-05,428.52
6,1724,0.180686,3.49823276e-05,429.04
6,1726,0.174746,3.49789552e-05,429.56
6,1728,0.198111,3.49755792e-05,430.01
6,1730,0.201298,3.49722031e-05,430.55
6,1732,0.194835,3.49688271e-05,431.09
6,1734,0.174553,3.49654547e-05,431.58
6,1736,0.176979,3.49620823e-05,432.07
6,1738,0.170208,3.49587062e-05,432.62
6,1740,0.179556,3.49553302e-05,433.20
6,1742,0.203804,3.49519541e-05,433.70
6,1744,0.223685,3.49485781e-05,434.20
6,1746,0.190527,3.49452021e-05,434.69
6,1748,0.192355,3.49418297e-05,435.21
6,1750,0.182682,3.49384572e-05,435.72
6,1752,0.205786,3.49350812e-05,436.20
6,1754,0.161365,3.49317052e-05,436.70
6,1756,0.157938,3.49283291e-05,437.18
6,1758,0.172928,3.49249567e-05,437.62
6,1760,0.150982,3.49215807e-05,438.15
6,1762,0.215318,3.49182046e-05,438.63
6,1764,0.228762,3.49148286e-05,439.07
6,1766,0.184660,3.49114562e-05,439.55
6,1768,0.193337,3.49080838e-05,440.05
6,1770,0.178681,3.49047077e-05,440.56
6,1772,0.168907,3.49013317e-05,441.10
6,1774,0.156109,3.48979556e-05,441.57
6,1776,0.187690,3.48945796e-05,442.05
6,1778,0.169055,3.48912072e-05,442.55
6,1780,0.185510,3.48878311e-05,443.03
6,1782,0.178423,3.48844587e-05,443.50
6,1784,0.181910,3.48810827e-05,444.01
6,1786,0.159128,3.48777066e-05,444.49
6,1788,0.179883,3.48743342e-05,444.95
6,1790,0.221737,3.48709582e-05,445.45
6,1792,0.179399,3.48675821e-05,445.94
6,1794,0.190172,3.48642061e-05,446.47
6,1796,0.189094,3.48608301e-05,446.91
6,1798,0.187088,3.48574613e-05,447.44
6,1800,0.163358,3.48540852e-05,447.90
6,1802,0.181522,3.48507092e-05,448.42
6,1804,0.173633,3.48473368e-05,448.96
6,1806,0.205100,3.48439607e-05,449.45
6,1808,0.172049,3.48405847e-05,449.95
6,1810,0.180648,3.48372087e-05,450.48
6,1812,0.194899,3.48338326e-05,450.95
6,1814,0.185780,3.48304638e-05,451.43
6,1816,0.172855,3.48270878e-05,451.90
6,1818,0.223026,3.48237118e-05,452.39
6,1820,0.188939,3.48203357e-05,452.87
6,1822,0.175239,3.48169597e-05,453.41
6,1824,0.159535,3.48135873e-05,453.95
6,1826,0.194554,3.48102112e-05,454.56
6,1828,0.204472,3.48068352e-05,454.99
6,1830,0.188964,3.48034628e-05,455.50
6,1832,0.199551,3.48000867e-05,456.01
6,1834,0.189747,3.47967143e-05,456.50
6,1836,0.179659,3.47933383e-05,457.04
6,1838,0.212038,3.47899622e-05,457.59
6,1840,0.182919,3.47865862e-05,458.08
6,1842,0.158140,3.47832101e-05,458.54
6,1844,0.149854,3.47798341e-05,459.01
6,1846,0.168730,3.47764617e-05,459.52
6,1848,0.196810,3.47730893e-05,460.02
6,1850,0.206151,3.47697132e-05,460.55
6,1852,0.228556,3.47663372e-05,461.06
6,1854,0.156916,3.47629611e-05,461.50
6,1856,0.235181,3.47595887e-05,462.00
6,1858,0.210473,3.47562127e-05,462.51
6,1860,0.181321,3.47528367e-05,463.06
6,1862,0.175128,3.47494606e-05,463.60
6,1864,0.175639,3.47460882e-05,464.08
6,1866,0.181304,3.47427158e-05,464.62
6,1868,0.174704,3.47393398e-05,465.06
6,1870,0.172046,3.47359637e-05,465.58
6,1872,0.160921,3.47325913e-05,466.01
6,1874,0.177349,3.47292153e-05,466.52
6,1876,0.197059,3.47258392e-05,466.97
6,1878,0.166789,3.47224632e-05,467.47
6,1880,0.176015,3.47190944e-05,467.96
6,1882,0.192985,3.47157184e-05,468.43
6,1884,0.199961,3.47123423e-05,468.96
6,1886,0.141248,3.47089663e-05,469.45
6,1888,0.188353,3.47055902e-05,469.95
6,1890,0.158032,3.47022142e-05,470.42
6,1892,0.188898,3.46988418e-05,470.92
6,1894,0.195033,3.46954657e-05,471.34
6,1896,0.187133,3.46920933e-05,471.82
6,1898,0.174094,3.46887173e-05,472.28
6,1900,0.175502,3.46853412e-05,472.79
6,1902,0.188196,3.46819688e-05,473.31
6,1904,0.216425,3.46785928e-05,473.81
6,1906,0.166473,3.46752204e-05,474.29
6,1908,0.183190,3.46718443e-05,474.80
6,1910,0.176075,3.46684683e-05,475.36
6,1912,0.147402,3.46650959e-05,475.80
6,1914,0.190675,3.46617198e-05,476.34
6,1916,0.177334,3.46583474e-05,476.81
6,1918,0.168641,3.46549714e-05,477.36
6,1920,0.143685,3.46515953e-05,477.84
6,1922,0.184364,3.46482193e-05,478.32
6,1924,0.190689,3.46448433e-05,478.84
6,1926,0.178070,3.46414672e-05,479.39
6,1928,0.200112,3.46380984e-05,479.92
6,1930,0.184846,3.46347224e-05,480.38
6,1932,0.189413,3.46313500e-05,480.84
6,1934,0.152334,3.46279739e-05,481.34
6,1936,0.193024,3.46245979e-05,481.81
6,1938,0.198907,3.46212219e-05,482.35
6,1940,0.187956,3.46178458e-05,482.86
6,1942,0.187416,3.46144734e-05,483.40
6,1944,0.197749,3.46111010e-05,483.92
6,1946,0.203898,3.46077250e-05,484.40
6,1948,0.194099,3.46043489e-05,484.85
6,1950,0.149758,3.46009729e-05,485.34
6,1952,0.188528,3.45976005e-05,485.81
6,1954,0.170030,3.45942244e-05,486.31
6,1956,0.187261,3.45908520e-05,486.74
6,1958,0.173232,3.45874760e-05,487.33
6,1960,0.162853,3.45841036e-05,487.80
6,1962,0.225563,3.45807275e-05,488.32
6,1964,0.168372,3.45773515e-05,488.79
6,1966,0.199918,3.45739791e-05,489.32
6,1968,0.197883,3.45706030e-05,489.78
6,1970,0.191631,3.45672270e-05,490.26
6,1972,0.190619,3.45638546e-05,490.76
6,1974,0.171616,3.45604785e-05,491.25
6,1976,0.200041,3.45571061e-05,491.72
6,1978,0.177161,3.45537301e-05,492.26
6,1980,0.187752,3.45503540e-05,492.73
6,1982,0.179175,3.45469816e-05,493.21
6,1984,0.190280,3.45436056e-05,493.70
6,1986,0.194128,3.45402332e-05,494.18
6,1988,0.185339,3.45368571e-05,494.66
6,1990,0.211046,3.45334811e-05,495.08
6,1992,0.164728,3.45301087e-05,495.53
6,1994,0.184566,3.45267326e-05,496.01
6,1996,0.198368,3.45233602e-05,496.47
6,1998,0.182059,3.45199842e-05,496.95
6,2000,0.165179,3.45166081e-05,497.45
6,2002,0.175756,3.45132357e-05,497.99
6,2004,0.183405,3.45098597e-05,498.49
6,2006,0.184639,3.45064836e-05,499.04
6,2008,0.176876,3.45031112e-05,499.55
6,2010,0.181272,3.44997388e-05,500.08
6,2012,0.157616,3.44963628e-05,500.53
6,2014,0.209076,3.44929867e-05,501.05
6,2016,0.203022,3.44896143e-05,501.58
6,2018,0.194428,3.44862383e-05,502.08
6,2020,0.183455,3.44828622e-05,502.55
6,2022,0.195768,3.44794862e-05,503.02
6,2024,0.176235,3.44761174e-05,503.51
6,2026,0.193947,3.44727414e-05,503.96
6,2028,0.171439,3.44693653e-05,504.46
6,2030,0.177878,3.44659929e-05,505.01
6,2032,0.173422,3.44626169e-05,505.57
6,2034,0.184816,3.44592409e-05,506.06
6,2036,0.199270,3.44558684e-05,506.54
6,2038,0.143436,3.44524924e-05,506.98
6,2040,0.180136,3.44491200e-05,507.51
6,2042,0.162359,3.44457439e-05,507.95
6,2044,0.174913,3.44423715e-05,508.43
6,2046,0.172712,3.44389955e-05,508.93
6,2048,0.182783,3.44356195e-05,509.45
6,2050,0.179061,3.44322470e-05,509.97
6,2052,0.169156,3.44288710e-05,510.53
6,2054,0.167050,3.44254986e-05,510.99
6,2056,0.197778,3.44221262e-05,511.48
6,2058,0.183557,3.44187501e-05,512.00
6,2060,0.143205,3.44153741e-05,512.52
6,2062,0.189603,3.44120017e-05,513.04
6,2064,0.178302,3.44086257e-05,513.51
6,2066,0.190216,3.44052496e-05,514.06
6,2068,0.201658,3.44018736e-05,514.53
6,2070,0.204429,3.43985012e-05,515.04
6,2072,0.192119,3.43951324e-05,515.56
6,2074,0.183421,3.43917563e-05,516.04
6,2076,0.163659,3.43883803e-05,516.48
6,2078,0.165674,3.43850043e-05,516.98
6,2080,0.185478,3.43816318e-05,517.48
6,2082,0.162899,3.43782558e-05,518.00
6,2084,0.189183,3.43748798e-05,518.55
6,2086,0.175828,3.43715037e-05,519.08
6,2088,0.182043,3.43681349e-05,519.62
6,2090,0.192652,3.43647589e-05,520.05
6,2092,0.199674,3.43613865e-05,520.51
6,2094,0.181807,3.43580105e-05,520.96
6,2096,0.170594,3.43546344e-05,521.49
6,2098,0.146227,3.43512620e-05,521.99
6,2100,0.179374,3.43478860e-05,522.41
6,2102,0.189257,3.43445136e-05,522.85
6,2104,0.189146,3.43411411e-05,523.36
6,2106,0.180664,3.43377651e-05,523.83
6,2108,0.197277,3.43343891e-05,524.28
6,2110,0.168300,3.43310166e-05,524.79
6,2112,0.171772,3.43276406e-05,525.26
6,2114,0.182526,3.43242646e-05,525.80
6,2116,0.202192,3.43208922e-05,526.29
6,2118,0.216301,3.43175161e-05,526.79
6,2120,0.185271,3.43141473e-05,527.35
6,2122,0.177870,3.43107713e-05,527.87
6,2124,0.173768,3.43073953e-05,528.35
6,2126,0.184038,3.43040228e-05,528.84
6,2128,0.196439,3.43006468e-05,529.30
6,2130,0.185594,3.42972744e-05,529.80
6,2132,0.208271,3.42938984e-05,530.28
6,2134,0.190650,3.42905259e-05,530.72
6,2136,0.191391,3.42871535e-05,531.20
6,2138,0.142534,3.42837775e-05,531.68
6,2140,0.175374,3.42804051e-05,532.16
6,2142,0.189224,3.42770290e-05,532.64
6,2144,0.174299,3.42736530e-05,533.14
6,2146,0.169124,3.42702806e-05,533.59
6,2148,0.177355,3.42669045e-05,534.09
6,2150,0.150589,3.42635285e-05,534.56
6,2152,0.212997,3.42601597e-05,534.99
6,2154,0.217115,3.42567837e-05,535.51
6,2156,0.176316,3.42534076e-05,536.05
6,2158,0.185679,3.42500352e-05,536.58
6,2160,0.164239,3.42466592e-05,537.16
6,2162,0.167084,3.42432868e-05,537.69
6,2164,0.188812,3.42399107e-05,538.17
6,2166,0.183157,3.42365347e-05,538.71
6,2168,0.213383,3.42331659e-05,539.28
6,2170,0.159730,3.42297935e-05,539.77
6,2172,0.132135,3.42264175e-05,540.35
6,2174,0.171954,3.42230414e-05,540.85
6,2176,0.197085,3.42196690e-05,541.35
6,2178,0.194359,3.42162930e-05,541.81
6,2180,0.162792,3.42129206e-05,542.30
6,2182,0.172152,3.42095445e-05,542.89
6,2184,0.171683,3.42061758e-05,543.40
6,2186,0.171188,3.42027997e-05,543.86
6,2188,0.183792,3.41994273e-05,544.37
6,2190,0.197654,3.41960513e-05,544.94
6,2192,0.198356,3.41926752e-05,545.44
6,2194,0.189116,3.41893028e-05,546.02
6,2196,0.181275,3.41859268e-05,546.51
6,2198,0.143959,3.41825544e-05,546.99
6,2200,0.195321,3.41791820e-05,547.49
6,2202,0.161676,3.41758096e-05,547.94
6,2204,0.193131,3.41724335e-05,548.43
6,2206,0.232582,3.41690611e-05,548.91
6,2208,0.172509,3.41656851e-05,549.41
6,2210,0.190589,3.41623090e-05,549.93
6,2212,0.189127,3.41589366e-05,550.49
6,2214,0.183389,3.41555606e-05,550.94
6,2216,0.217386,3.41521918e-05,551.38
6,2218,0.173584,3.41488158e-05,551.83
6,2220,0.186434,3.41454434e-05,552.36
6,2222,0.211012,3.41420673e-05,552.87
6,2224,0.211780,3.41386949e-05,553.38
6,2226,0.190963,3.41353189e-05,553.87
6,2228,0.187884,3.41319428e-05,554.35
6,2230,0.182868,3.41285704e-05,554.80
6,2232,0.190302,3.41252016e-05,555.27
6,2234,0.190838,3.41218256e-05,555.75
6,2236,0.189122,3.41184495e-05,556.20
6,2238,0.200509,3.41150771e-05,556.68
6,2240,0.186552,3.41117011e-05,557.16
6,2242,0.187062,3.41083287e-05,557.62
6,2244,0.183176,3.41049526e-05,558.06
6,2246,0.187700,3.41015802e-05,558.69
6,2248,0.183460,3.40982078e-05,559.24
6,2250,0.167977,3.40948354e-05,559.79
6,2252,0.192817,3.40914594e-05,560.34
6,2254,0.201017,3.40880870e-05,560.84
6,2256,0.171190,3.40847109e-05,561.38
6,2258,0.201426,3.40813385e-05,561.92
6,2260,0.165098,3.40779625e-05,562.43
6,2262,0.192080,3.40745901e-05,562.95
6,2264,0.152737,3.40712213e-05,563.50
6,2266,0.187967,3.40678453e-05,563.93
6,2268,0.154290,3.40644729e-05,564.40
6,2270,0.191950,3.40610968e-05,564.86
6,2272,0.178511,3.40577244e-05,565.40
6,2274,0.167232,3.40543484e-05,565.86
6,2276,0.215976,3.40509760e-05,566.35
6,2278,0.204345,3.40475999e-05,566.77
6,2280,0.172088,3.40442311e-05,567.24
6,2282,0.174933,3.40408551e-05,567.75
6,2284,0.183549,3.40374827e-05,568.36
6,2286,0.179289,3.40341066e-05,568.80
6,2288,0.199442,3.40307342e-05,569.37
6,2290,0.205703,3.40273582e-05,569.87
6,2292,0.182791,3.40239858e-05,570.43
6,2294,0.198252,3.40206134e-05,570.85
6,2296,0.197044,3.40172410e-05,571.32
6,2298,0.184464,3.40138686e-05,571.76
6,2300,0.176486,3.40104925e-05,572.27
6,2302,0.166079,3.40071201e-05,572.76
6,2304,0.171326,3.40037441e-05,573.32
6,2306,0.184225,3.40003717e-05,573.78
6,2308,0.169261,3.39969956e-05,574.30
6,2310,0.180318,3.39936232e-05,574.83
6,2312,0.167579,3.39902508e-05,575.26
6,2314,0.215991,3.39868784e-05,575.77
6,2316,0.212135,3.39835060e-05,576.27
6,2318,0.164785,3.39801300e-05,576.75
6,2320,0.179400,3.39767575e-05,577.23
6,2322,0.184520,3.39733851e-05,577.73
6,2324,0.186472,3.39700091e-05,578.22
6,2326,0.188458,3.39666367e-05,578.69
6,2328,0.198738,3.39632643e-05,579.26
6,2330,0.192914,3.39598919e-05,579.74
6,2332,0.181612,3.39565158e-05,580.20
6,2334,0.188701,3.39531434e-05,580.78
6,2336,0.173020,3.39497710e-05,581.33
6,2338,0.163991,3.39463986e-05,581.78
6,2340,0.192990,3.39430226e-05,582.30
6,2342,0.148173,3.39396465e-05,582.80
6,2344,0.178537,3.39362778e-05,583.30
6,2346,0.190422,3.39329054e-05,583.78
6,2348,0.169841,3.39295293e-05,584.30
6,2350,0.189139,3.39261569e-05,584.74
6,2352,0.170737,3.39227845e-05,585.23
6,2354,0.181532,3.39194121e-05,585.72
6,2356,0.189233,3.39160360e-05,586.19
6,2358,0.178446,3.39126600e-05,586.65
6,2360,0.171445,3.39092912e-05,587.10
6,2362,0.185509,3.39059188e-05,587.62
6,2364,0.178510,3.39025464e-05,588.09
6,2366,0.172271,3.38991704e-05,588.57
6,2368,0.169712,3.38957980e-05,589.12
6,2370,0.163803,3.38924256e-05,589.63
6,2372,0.154383,3.38890495e-05,590.10
6,2374,0.160037,3.38856771e-05,590.56
6,2376,0.184135,3.38823011e-05,591.04
6,2378,0.210208,3.38789323e-05,591.53
6,2380,0.211892,3.38755599e-05,591.98
6,2382,0.168336,3.38721875e-05,592.42
6,2384,0.154909,3.38688114e-05,593.00
6,2386,0.185613,3.38654390e-05,593.49
6,2388,0.198974,3.38620630e-05,593.98
6,2390,0.183690,3.38586906e-05,594.50
6,2392,0.194565,3.38553182e-05,595.07
6,2394,0.203383,3.38519494e-05,595.62
6,2396,0.189111,3.38485734e-05,596.06
6,2398,0.182373,3.38452010e-05,596.55
6,2400,0.177959,3.38418286e-05,597.05
6,2402,0.171948,3.38384561e-05,597.54
6,2404,0.180839,3.38350801e-05,598.02
6,2406,0.172568,3.38317077e-05,598.51
6,2408,0.221667,3.38283317e-05,599.04
6,2410,0.166132,3.38249629e-05,599.60
6,2412,0.173150,3.38215905e-05,600.11
6,2414,0.160671,3.38182181e-05,600.58
6,2416,0.183686,3.38148420e-05,601.05
6,2418,0.138247,3.38114696e-05,601.60
6,2420,0.190972,3.38080972e-05,602.13
6,2422,0.148884,3.38047248e-05,602.58
6,2424,0.208581,3.38013488e-05,603.05
6,2426,0.166452,3.37979800e-05,603.52
6,2428,0.180480,3.37946076e-05,603.98
6,2430,0.172291,3.37912315e-05,604.46
6,2432,0.187350,3.37878628e-05,604.93
6,2434,0.199299,3.37844867e-05,605.40
6,2436,0.190973,3.37811107e-05,605.87
6,2438,0.184564,3.37777383e-05,606.40
6,2440,0.203825,3.37743659e-05,606.88
6,2442,0.189818,3.37709971e-05,607.38
6,2444,0.183076,3.37676247e-05,607.86
6,2446,0.183674,3.37642487e-05,608.35
6,2448,0.173973,3.37608762e-05,608.80
6,2450,0.181587,3.37575038e-05,609.24
6,2452,0.178430,3.37541314e-05,609.72
6,2454,0.192099,3.37507554e-05,610.20
6,2456,0.197464,3.37473866e-05,610.75
6,2458,0.166305,3.37440179e-05,611.24
6,2460,0.192095,3.37406418e-05,611.77
6,2462,0.181681,3.37372694e-05,612.21
6,2464,0.180102,3.37338970e-05,612.68
6,2466,0.188636,3.37305246e-05,613.24
6,2468,0.179336,3.37271485e-05,613.77
6,2470,0.158160,3.37237761e-05,614.33
6,2472,0.173519,3.37204037e-05,614.80
6,2474,0.203197,3.37170350e-05,615.33
6,2476,0.146176,3.37136589e-05,615.87
6,2478,0.186136,3.37102865e-05,616.35
6,2480,0.195635,3.37069141e-05,616.83
6,2482,0.194734,3.37035417e-05,617.35
6,2484,0.188174,3.37001693e-05,617.82
6,2486,0.164615,3.36967969e-05,618.35
6,2488,0.199595,3.36934245e-05,618.88
6,2490,0.189296,3.36900521e-05,619.38
6,2492,0.166217,3.36866797e-05,619.84
6,2494,0.196137,3.36833073e-05,620.35
6,2496,0.170226,3.36799349e-05,620.92
6,2498,0.177054,3.36765625e-05,621.46
6,2500,0.169871,3.36731900e-05,622.03
6,2502,0.161769,3.36698140e-05,622.57
6,2504,0.196760,3.36664416e-05,623.06
6,2506,0.173341,3.36630728e-05,623.60
6,2508,0.184199,3.36597004e-05,624.09
6,2510,0.177988,3.36563280e-05,624.56
6,2512,0.173476,3.36529556e-05,625.09
6,2514,0.176790,3.36495832e-05,625.63
6,2516,0.176524,3.36462072e-05,626.14
6,2518,0.171384,3.36428348e-05,626.62
6,2520,0.178580,3.36394623e-05,627.10
6,2522,0.209607,3.36360936e-05,627.60
6,2524,0.168174,3.36327212e-05,628.09
6,2526,0.182224,3.36293488e-05,628.58
6,2528,0.176153,3.36259764e-05,629.07
6,2530,0.198438,3.36226040e-05,629.57
6,2532,0.181872,3.36192315e-05,630.06
6,2534,0.157625,3.36158555e-05,630.54
6,2536,0.184824,3.36124867e-05,631.10
6,2538,0.204069,3.36091180e-05,631.64
6,2540,0.210053,3.36057419e-05,632.10
6,2542,0.168467,3.36023695e-05,632.63
6,2544,0.174732,3.35989971e-05,633.05
6,2546,0.225453,3.35956247e-05,633.50
6,2548,0.167781,3.35922523e-05,633.98
6,2550,0.176368,3.35888799e-05,634.49
6,2552,0.165995,3.35855075e-05,634.98
6,2554,0.189449,3.35821387e-05,635.41
6,2556,0.184674,3.35787663e-05,635.92
6,2558,0.165700,3.35753939e-05,636.41
6,2560,0.175427,3.35720215e-05,636.93
6,2562,0.169162,3.35686491e-05,637.45
6,2564,0.188452,3.35652767e-05,637.94
6,2566,0.185087,3.35619043e-05,638.43
6,2568,0.202050,3.35585319e-05,638.97
6,2570,0.184141,3.35551631e-05,639.42
6,2572,0.192292,3.35517907e-05,639.86
6,2574,0.186562,3.35484183e-05,640.37
6,2576,0.189789,3.35450459e-05,640.85
6,2578,0.172924,3.35416735e-05,641.33
6,2580,0.222820,3.35383011e-05,641.87
6,2582,0.182609,3.35349250e-05,642.42
6,2584,0.183795,3.35315563e-05,642.90
6,2586,0.165206,3.35281875e-05,643.45
6,2588,0.186338,3.35248151e-05,643.96
6,2590,0.215818,3.35214427e-05,644.43
6,2592,0.194762,3.35180703e-05,644.93
6,2594,0.227929,3.35146979e-05,645.41
6,2596,0.197615,3.35113255e-05,645.88
6,2598,0.174487,3.35079530e-05,646.39
6,2600,0.182948,3.35045806e-05,646.88
6,2602,0.186167,3.35012119e-05,647.35
6,2604,0.162404,3.34978395e-05,647.89
6,2606,0.211970,3.34944671e-05,648.38
6,2608,0.197973,3.34910947e-05,648.85
6,2610,0.183916,3.34877222e-05,649.35
6,2612,0.211127,3.34843498e-05,649.83
6,2614,0.177358,3.34809774e-05,650.38
6,2616,0.188880,3.34776087e-05,650.85
6,2618,0.155647,3.34742363e-05,651.31
6,2620,0.188675,3.34708675e-05,651.85
6,2622,0.177436,3.34674951e-05,652.32
6,2624,0.150578,3.34641227e-05,652.85
6,2626,0.179951,3.34607503e-05,653.30
6,2628,0.177676,3.34573779e-05,653.82
6,2630,0.162234,3.34540055e-05,654.32
6,2632,0.165374,3.34506331e-05,654.77
6,2634,0.187983,3.34472643e-05,655.32
6,2636,0.190825,3.34438919e-05,655.85
6,2638,0.188463,3.34405231e-05,656.31
6,2640,0.180750,3.34371471e-05,656.77
6,2642,0.191969,3.34337783e-05,657.20
6,2644,0.157724,3.34304059e-05,657.66
6,2646,0.157317,3.34270335e-05,658.14
6,2648,0.201367,3.34236611e-05,658.61
6,2650,0.168221,3.34202923e-05,659.12
6,2652,0.177203,3.34169199e-05,659.58
6,2654,0.169720,3.34135511e-05,660.06
6,2656,0.192142,3.34101787e-05,660.53
6,2658,0.198278,3.34068063e-05,661.01
6,2660,0.206471,3.34034339e-05,661.45
6,2662,0.160210,3.34000615e-05,661.96
6,2664,0.206007,3.33966891e-05,662.46
6,2666,0.166165,3.33933203e-05,662.93
6,2668,0.220972,3.33899516e-05,663.45
6,2670,0.204237,3.33865792e-05,663.98
6,2672,0.192772,3.33832068e-05,664.49
6,2674,0.173056,3.33798343e-05,664.93
6,2676,0.220150,3.33764619e-05,665.40
6,2678,0.202804,3.33730895e-05,665.93
6,2680,0.164288,3.33697208e-05,666.46
6,2682,0.192664,3.33663520e-05,666.99
6,2684,0.195023,3.33629796e-05,667.51
6,2686,0.150068,3.33596072e-05,668.04
6,2688,0.190008,3.33562348e-05,668.53
6,2690,0.197653,3.33528660e-05,669.06
6,2692,0.183247,3.33494936e-05,669.56
6,2694,0.183834,3.33461212e-05,670.11
6,2696,0.194288,3.33427488e-05,670.62
6,2698,0.163252,3.33393837e-05,671.09
6,2700,0.196761,3.33360113e-05,671.64
6,2702,0.161415,3.33326388e-05,672.12
6,2704,0.167234,3.33292701e-05,672.61
6,2706,0.166441,3.33258977e-05,673.10
6,2708,0.188500,3.33225253e-05,673.61
6,2710,0.171868,3.33191529e-05,674.15
6,2712,0.183427,3.33157805e-05,674.64
6,2714,0.200814,3.33124153e-05,675.12
6,2716,0.175891,3.33090429e-05,675.59
6,2718,0.170747,3.33056705e-05,676.09
6,2720,0.195529,3.33023017e-05,676.59
6,2722,0.168239,3.32989293e-05,677.06
6,2724,0.183772,3.32955569e-05,677.59
6,2726,0.180938,3.32921845e-05,678.11
6,2728,0.211592,3.32888121e-05,678.56
6,2730,0.208391,3.32854470e-05,679.07
6,2732,0.209189,3.32820746e-05,679.59
6,2734,0.180733,3.32787022e-05,680.11
6,2736,0.172676,3.32753334e-05,680.69
6,2738,0.154141,3.32719610e-05,681.24
6,2740,0.196980,3.32685886e-05,681.75
6,2742,0.194068,3.32652198e-05,682.26
6,2744,0.188454,3.32618474e-05,682.70
6,2746,0.214092,3.32584823e-05,683.19
6,2748,0.190306,3.32551099e-05,683.73
6,2750,0.189809,3.32517375e-05,684.20
6,2752,0.184574,3.32483687e-05,684.69
6,2754,0.188807,3.32449963e-05,685.15
6,2756,0.188393,3.32416239e-05,685.68
6,2758,0.159950,3.32382515e-05,686.17
6,2760,0.161065,3.32348827e-05,686.66
6,2762,0.200088,3.32315140e-05,687.19
6,2764,0.157155,3.32281452e-05,687.68
6,2766,0.178274,3.32247728e-05,688.26
6,2768,0.167918,3.32214040e-05,688.78
6,2770,0.164860,3.32180316e-05,689.30
6,2772,0.164484,3.32146592e-05,689.83
6,2774,0.151099,3.32112904e-05,690.35
6,2776,0.178668,3.32079180e-05,690.85
6,2778,0.210085,3.32045529e-05,691.33
6,2780,0.158243,3.32011805e-05,691.77
6,2782,0.176533,3.31978081e-05,692.24
6,2784,0.194032,3.31944393e-05,692.76
6,2786,0.148948,3.31910669e-05,693.28
6,2788,0.175379,3.31876981e-05,693.82
6,2790,0.165878,3.31843257e-05,694.30
6,2792,0.198850,3.31809533e-05,694.82
6,2794,0.167461,3.31775882e-05,695.25
6,2796,0.205106,3.31742194e-05,695.74
6,2798,0.177918,3.31708470e-05,696.24
6,2800,0.171834,3.31674746e-05,696.74
6,2802,0.166079,3.31641058e-05,697.27
6,2804,0.204197,3.31607371e-05,697.79
6,2806,0.190192,3.31573647e-05,698.26
6,2808,0.168511,3.31539923e-05,698.75
6,2810,0.167034,3.31506271e-05,699.23
6,2812,0.168648,3.31472584e-05,699.73
6,2814,0.209637,3.31438860e-05,700.22
6,2816,0.190192,3.31405136e-05,700.86
6,2818,0.169863,3.31371448e-05,701.40
6,2820,0.160847,3.31337724e-05,701.92
6,2822,0.148854,3.31304036e-05,702.43
6,2824,0.163112,3.31270312e-05,702.95
6,2826,0.176041,3.31236661e-05,703.49
6,2828,0.208475,3.31202937e-05,703.97
6,2830,0.170850,3.31169249e-05,704.46
6,2832,0.202423,3.31135561e-05,704.96
6,2834,0.176116,3.31101837e-05,705.53
6,2836,0.175776,3.31068113e-05,705.97
6,2838,0.151845,3.31034425e-05,706.51
6,2840,0.188749,3.31000738e-05,706.99
6,2842,0.183146,3.30967086e-05,707.49
6,2844,0.186158,3.30933362e-05,707.97
6,2846,0.162693,3.30899638e-05,708.46
6,2848,0.174008,3.30865951e-05,709.03
6,2850,0.154755,3.30832227e-05,709.54
6,2852,0.152886,3.30798539e-05,710.02
6,2854,0.212735,3.30764851e-05,710.51
6,2856,0.204415,3.30731127e-05,710.94
6,2858,0.147124,3.30697476e-05,711.46
6,2860,0.146862,3.30663752e-05,711.92
6,2862,0.172672,3.30630064e-05,712.39
6,2864,0.196674,3.30596376e-05,712.92
6,2866,0.165744,3.30562652e-05,713.43
6,2868,0.181114,3.30528965e-05,713.95
6,2870,0.197957,3.30495277e-05,714.46
6,2872,0.176597,3.30461553e-05,714.94
6,2874,0.195618,3.30427902e-05,715.49
6,2876,0.188560,3.30394178e-05,715.97
6,2878,0.185120,3.30360490e-05,716.52
6,2880,0.168031,3.30326802e-05,717.09
6,2882,0.172046,3.30293078e-05,717.58
6,2884,0.177631,3.30259390e-05,718.05
6,2886,0.184544,3.30225703e-05,718.58
6,2888,0.175630,3.30192015e-05,719.01
6,2890,0.202511,3.30158327e-05,719.53
6,2892,0.199422,3.30124640e-05,720.00
6,2894,0.194837,3.30090952e-05,720.47
6,2896,0.167781,3.30057228e-05,720.92
6,2898,0.160836,3.30023540e-05,721.44
6,2900,0.144669,3.29989853e-05,721.87
6,2902,0.167955,3.29956129e-05,722.38
6,2904,0.214284,3.29922441e-05,722.88
6,2906,0.168090,3.29888790e-05,723.39
6,2908,0.196485,3.29855102e-05,723.89
6,2910,0.183269,3.29821378e-05,724.39
6,2912,0.205334,3.29787690e-05,724.87
6,2914,0.142490,3.29754002e-05,725.33
6,2916,0.188059,3.29720315e-05,725.80
6,2918,0.182834,3.29686591e-05,726.27
6,2920,0.181952,3.29652903e-05,726.78
6,2922,0.181930,3.29619215e-05,727.25
6,2924,0.184527,3.29585564e-05,727.73
6,2926,0.177645,3.29551876e-05,728.24
6,2928,0.176803,3.29518152e-05,728.70
6,2930,0.204085,3.29484465e-05,729.20
6,2932,0.147503,3.29450777e-05,729.72
6,2934,0.161314,3.29417089e-05,730.22
6,2936,0.176892,3.29383365e-05,730.74
6,2938,0.183099,3.29349677e-05,731.27
6,2940,0.201068,3.29316026e-05,731.78
6,2942,0.206690,3.29282338e-05,732.27
6,2944,0.165092,3.29248651e-05,732.77
6,2946,0.189446,3.29214963e-05,733.28
6,2948,0.177218,3.29181239e-05,733.76
6,2950,0.161003,3.29147551e-05,734.24
6,2952,0.165126,3.29113864e-05,734.77
6,2954,0.184007,3.29080176e-05,735.24
6,2956,0.187146,3.29046525e-05,735.73
6,2958,0.192638,3.29012801e-05,736.23
6,2960,0.161765,3.28979113e-05,736.76
6,2962,0.167375,3.28945425e-05,737.26
6,2964,0.184753,3.28911738e-05,737.77
6,2966,0.178361,3.28878050e-05,738.24
6,2968,0.193873,3.28844362e-05,738.69
6,2970,0.163839,3.28810675e-05,739.13
6,2972,0.159918,3.28777023e-05,739.57
6,2974,0.190789,3.28743336e-05,740.05
6,2976,0.207621,3.28709648e-05,740.53
6,2978,0.185972,3.28675960e-05,741.01
6,2980,0.157973,3.28642236e-05,741.47
6,2982,0.159673,3.28608548e-05,741.94
6,2984,0.157503,3.28574861e-05,742.42
6,2986,0.209838,3.28541173e-05,742.89
6,2988,0.181746,3.28507522e-05,743.38
6,2990,0.158745,3.28473834e-05,743.93
6,2992,0.200400,3.28440146e-05,744.49
6,2994,0.154838,3.28406459e-05,745.01
6,2996,0.169295,3.28372771e-05,745.52
6,2998,0.199078,3.28339083e-05,746.03
6,3000,0.186019,3.28305396e-05,746.50
6,3002,0.201357,3.28271672e-05,747.01
6,3004,0.208360,3.28238057e-05,747.44
6,3006,0.178754,3.28204369e-05,747.98
6,3008,0.173412,3.28170681e-05,748.47
6,3010,0.152088,3.28136994e-05,748.92
6,3012,0.162144,3.28103306e-05,749.41
6,3014,0.161673,3.28069618e-05,749.91
6,3016,0.171345,3.28035931e-05,750.37
6,3018,0.164889,3.28002243e-05,750.83
6,3020,0.166575,3.27968592e-05,751.32
6,3022,0.209677,3.27934904e-05,751.79
6,3024,0.169027,3.27901216e-05,752.28
6,3026,0.169210,3.27867529e-05,752.80
6,3028,0.195136,3.27833841e-05,753.29
6,3030,0.167344,3.27800153e-05,753.84
6,3032,0.177410,3.27766465e-05,754.42
6,3034,0.178674,3.27732778e-05,754.91
6,3036,0.154595,3.27699127e-05,755.41
6,3038,0.158523,3.27665439e-05,755.90
6,3040,0.167839,3.27631751e-05,756.42
6,3042,0.204141,3.27598100e-05,756.91
6,3044,0.183745,3.27564412e-05,757.41
6,3046,0.193225,3.27530688e-05,757.87
6,3048,0.176459,3.27497037e-05,758.35
6,3050,0.158412,3.27463349e-05,758.83
6,3052,0.185484,3.27429698e-05,759.33
6,3054,0.171514,3.27396010e-05,759.86
6,3056,0.193709,3.27362322e-05,760.34
6,3058,0.189139,3.27328671e-05,760.91
6,3060,0.169735,3.27294983e-05,761.39
6,3062,0.170281,3.27261296e-05,761.89
6,3064,0.164843,3.27227608e-05,762.34
6,3066,0.165478,3.27193920e-05,762.80
6,3068,0.167947,3.27160269e-05,763.28
6,3070,0.217117,3.27126581e-05,763.73
6,3072,0.208748,3.27092930e-05,764.23
6,3074,0.188216,3.27059242e-05,764.75
6,3076,0.162182,3.27025555e-05,765.29
6,3078,0.168902,3.26991867e-05,765.80
6,3080,0.181291,3.26958179e-05,766.26
6,3082,0.167607,3.26924492e-05,766.80
6,3084,0.170065,3.26890877e-05,767.24
6,3086,0.170639,3.26857189e-05,767.80
6,3088,0.197400,3.26823501e-05,768.35
6,3090,0.170228,3.26789814e-05,768.85
6,3092,0.190823,3.26756162e-05,769.29
6,3094,0.187194,3.26722475e-05,769.80
6,3096,0.210739,3.26688787e-05,770.33
6,3098,0.171163,3.26655136e-05,770.86
6,3100,0.167630,3.26621484e-05,771.32
6,3102,0.192265,3.26587797e-05,771.80
6,3104,0.150527,3.26554145e-05,772.27
6,3106,0.174651,3.26520421e-05,772.74
6,3108,0.171030,3.26486770e-05,773.23
6,3110,0.178508,3.26453082e-05,773.68
6,3112,0.173622,3.26419395e-05,774.15
6,3114,0.181162,3.26385743e-05,774.62
6,3116,0.170439,3.26352092e-05,775.11
6,3118,0.210188,3.26318404e-05,775.68
6,3120,0.169551,3.26284753e-05,776.13
6,3122,0.208960,3.26251065e-05,776.69
6,3124,0.172841,3.26217378e-05,777.21
6,3126,0.174538,3.26183726e-05,777.67
6,3128,0.181297,3.26150039e-05,778.16
6,3130,0.178836,3.26116351e-05,778.64
6,3132,0.196648,3.26082736e-05,779.14
6,3134,0.190414,3.26049048e-05,779.62
6,3136,0.191193,3.26015361e-05,780.08
6,3138,0.199287,3.25981709e-05,780.61
6,3140,0.181113,3.25948022e-05,781.09
6,3142,0.156710,3.25914334e-05,781.53
6,3144,0.201997,3.25880683e-05,782.11
6,3146,0.158694,3.25846995e-05,782.66
6,3148,0.175692,3.25813380e-05,783.12
6,3150,0.182840,3.25779693e-05,783.62
6,3152,0.188224,3.25746041e-05,784.06
6,3154,0.193491,3.25712354e-05,784.51
6,3156,0.183830,3.25678702e-05,785.06
6,3158,0.182513,3.25645015e-05,785.59
6,3160,0.146575,3.25611327e-05,786.09
6,3162,0.182884,3.25577676e-05,786.65
6,3164,0.187849,3.25544024e-05,787.16
6,3166,0.209568,3.25510373e-05,787.66
6,3168,0.181715,3.25476685e-05,788.13
6,3170,0.159268,3.25443034e-05,788.60
6,3172,0.178871,3.25409346e-05,789.05
6,3174,0.161491,3.25375659e-05,789.51
6,3176,0.173031,3.25342007e-05,790.01
6,3178,0.168328,3.25308320e-05,790.45
6,3180,0.182575,3.25274705e-05,790.96
6,3182,0.172284,3.25241017e-05,791.46
6,3184,0.194606,3.25207366e-05,791.95
6,3186,0.180704,3.25173714e-05,792.46
6,3188,0.207022,3.25140027e-05,793.03
6,3190,0.174114,3.25106375e-05,793.52
6,3192,0.209118,3.25072688e-05,794.00
6,3194,0.170146,3.25039036e-05,794.46
6,3196,0.176461,3.25005385e-05,794.91
6,3198,0.166660,3.24971734e-05,795.42
6,3200,0.215491,3.24938046e-05,795.90
6,3202,0.167010,3.24904395e-05,796.34
6,3204,0.187105,3.24870743e-05,796.79
6,3206,0.183699,3.24837056e-05,797.33
6,3208,0.159872,3.24803405e-05,797.80
6,3210,0.165670,3.24769717e-05,798.33
6,3212,0.179563,3.24736102e-05,798.86
6,3214,0.167647,3.24702451e-05,799.37
6,3216,0.159803,3.24668763e-05,799.87
6,3218,0.163891,3.24635112e-05,800.41
6,3220,0.173013,3.24601424e-05,800.95
6,3222,0.234979,3.24567773e-05,801.47
6,3224,0.200951,3.24534121e-05,801.97
6,3226,0.209432,3.24500434e-05,802.48
6,3228,0.185594,3.24466855e-05,803.03
6,3230,0.168382,3.24433167e-05,803.51
6,3232,0.166116,3.24399480e-05,803.99
6,3234,0.187683,3.24365828e-05,804.46
6,3236,0.162444,3.24332177e-05,804.94
6,3238,0.181663,3.24298489e-05,805.42
6,3240,0.192113,3.24264875e-05,805.91
6,3242,0.184424,3.24231187e-05,806.41
6,3244,0.196690,3.24197572e-05,806.91
6,3246,0.172884,3.24163921e-05,807.39
6,3248,0.165285,3.24130233e-05,807.87
6,3250,0.188158,3.24096582e-05,808.29
6,3252,0.189806,3.24062930e-05,808.79
6,3254,0.174317,3.24029243e-05,809.29
6,3256,0.207882,3.23995591e-05,809.76
6,3258,0.172317,3.23961940e-05,810.23
6,3260,0.167596,3.23928325e-05,810.70
6,3262,0.198482,3.23894637e-05,811.25
6,3264,0.197693,3.23860986e-05,811.68
6,3266,0.148086,3.23827335e-05,812.22
6,3268,0.170892,3.23793683e-05,812.68
6,3270,0.193021,3.23759996e-05,813.20
6,3272,0.173505,3.23726345e-05,813.68
6,3274,0.201521,3.23692693e-05,814.18
6,3276,0.174263,3.23659078e-05,814.63
6,3278,0.180754,3.23625427e-05,815.10
6,3280,0.196517,3.23591776e-05,815.61
6,3282,0.179130,3.23558124e-05,816.12
6,3284,0.209483,3.23524473e-05,816.65
6,3286,0.164522,3.23490785e-05,817.11
6,3288,0.219696,3.23457134e-05,817.58
6,3290,0.187834,3.23423483e-05,818.07
6,3292,0.219328,3.23389868e-05,818.52
6,3294,0.181821,3.23356217e-05,819.05
6,3296,0.167582,3.23322565e-05,819.56
6,3298,0.166812,3.23288914e-05,820.14
6,3300,0.189707,3.23255226e-05,820.68
6,3302,0.184962,3.23221575e-05,821.23
6,3304,0.207332,3.23187924e-05,821.72
6,3306,0.164715,3.23154272e-05,822.18
6,3308,0.173249,3.23120657e-05,822.65
6,3310,0.190856,3.23087006e-05,823.09
6,3312,0.197923,3.23053355e-05,823.54
6,3314,0.163859,3.23019704e-05,824.13
6,3316,0.194933,3.22986052e-05,824.60
6,3318,0.155139,3.22952401e-05,825.12
6,3320,0.211106,3.22918750e-05,825.59
6,3322,0.176039,3.22885098e-05,826.15
6,3324,0.203464,3.22851483e-05,826.67
6,3326,0.182360,3.22817832e-05,827.19
6,3328,0.139566,3.22784181e-05,827.67
6,3330,0.148033,3.22750529e-05,828.25
6,3332,0.173657,3.22716878e-05,828.75
6,3334,0.178022,3.22683227e-05,829.25
6,3336,0.220934,3.22649576e-05,829.73
6,3338,0.173641,3.22615924e-05,830.16
6,3340,0.232375,3.22582309e-05,830.64
6,3342,0.174211,3.22548658e-05,831.12
6,3344,0.146583,3.22515007e-05,831.56
6,3346,0.194660,3.22481355e-05,832.06
6,3348,0.179803,3.22447704e-05,832.55
6,3350,0.170867,3.22414053e-05,832.99
6,3352,0.139500,3.22380401e-05,833.44
6,3354,0.187684,3.22346750e-05,833.94
6,3356,0.153741,3.22313135e-05,834.44
6,3358,0.202840,3.22279484e-05,834.91
6,3360,0.152544,3.22245869e-05,835.38
6,3362,0.169939,3.22212218e-05,835.93
6,3364,0.164358,3.22178566e-05,836.41
6,3366,0.166289,3.22144915e-05,836.92
6,3368,0.162817,3.22111264e-05,837.38
6,3370,0.181128,3.22077613e-05,837.84
6,3372,0.162447,3.22043998e-05,838.34
6,3374,0.187299,3.22010383e-05,838.88
6,3376,0.198340,3.21976731e-05,839.37
6,3378,0.172414,3.21943080e-05,839.86
6,3380,0.165835,3.21909429e-05,840.32
6,3382,0.173608,3.21875777e-05,840.79
6,3384,0.166854,3.21842163e-05,841.32
6,3386,0.178727,3.21808511e-05,841.78
6,3388,0.177405,3.21774896e-05,842.27
6,3390,0.181879,3.21741245e-05,842.78
6,3392,0.156201,3.21707630e-05,843.29
6,3394,0.201828,3.21673979e-05,843.75
6,3396,0.194982,3.21640327e-05,844.24
6,3398,0.183858,3.21606676e-05,844.73
6,3400,0.195211,3.21573025e-05,845.22
6,3402,0.167442,3.21539374e-05,845.71
6,3404,0.143134,3.21505795e-05,846.26
6,3406,0.195513,3.21472144e-05,846.76
6,3408,0.200691,3.21438492e-05,847.23
6,3410,0.175798,3.21404877e-05,847.81
6,3412,0.189086,3.21371226e-05,848.28
6,3414,0.180630,3.21337611e-05,848.76
6,3416,0.208680,3.21303960e-05,849.24
6,3418,0.196409,3.21270309e-05,849.70
6,3420,0.202922,3.21236694e-05,850.19
6,3422,0.165986,3.21203079e-05,850.70
6,3424,0.181361,3.21169427e-05,851.16
6,3426,0.209466,3.21135776e-05,851.61
6,3428,0.165043,3.21102161e-05,852.10
6,3430,0.159615,3.21068510e-05,852.57
6,3432,0.176588,3.21034859e-05,853.10
6,3434,0.162206,3.21001244e-05,853.56
6,3436,0.184764,3.20967629e-05,854.02
6,3438,0.177121,3.20934014e-05,854.56
6,3440,0.168511,3.20900363e-05,855.03
6,3442,0.151371,3.20866711e-05,855.60
6,3444,0.189571,3.20833060e-05,856.18
6,3446,0.174345,3.20799445e-05,856.70
6,3448,0.166826,3.20765830e-05,857.18
6,3450,0.159787,3.20732179e-05,857.68
6,3452,0.161913,3.20698600e-05,858.20
6,3454,0.190173,3.20664949e-05,858.69
6,3456,0.155136,3.20631298e-05,859.22
6,3458,0.181019,3.20597683e-05,859.77
6,3460,0.166157,3.20564031e-05,860.30
6,3462,0.181176,3.20530417e-05,860.81
6,3464,0.170399,3.20496802e-05,861.42
6,3466,0.205643,3.20463150e-05,861.95
6,3468,0.170249,3.20429499e-05,862.47
6,3470,0.192109,3.20395920e-05,862.94
6,3472,0.156017,3.20362306e-05,863.50
6,3474,0.180208,3.20328654e-05,864.06
6,3476,0.156880,3.20295003e-05,864.55
6,3478,0.176209,3.20261388e-05,865.05
6,3480,0.192937,3.20227773e-05,865.49
6,3482,0.169999,3.20194122e-05,866.06
6,3484,0.182798,3.20160507e-05,866.49
6,3486,0.172317,3.20126928e-05,866.97
6,3488,0.185315,3.20093277e-05,867.45
6,3490,0.187809,3.20059662e-05,867.94
6,3492,0.147517,3.20026011e-05,868.43
6,3494,0.184464,3.19992359e-05,868.90
6,3496,0.186494,3.19958745e-05,869.34
6,3498,0.166355,3.19925130e-05,869.85
6,3500,0.180419,3.19891478e-05,870.29
6,3502,0.162716,3.19857900e-05,870.84
6,3504,0.168282,3.19824285e-05,871.31
6,3506,0.176953,3.19790634e-05,871.79
6,3508,0.177199,3.19757019e-05,872.35
6,3510,0.172941,3.19723367e-05,872.83
6,3512,0.181427,3.19689789e-05,873.29
6,3514,0.183584,3.19656137e-05,873.76
6,3516,0.173459,3.19622523e-05,874.28
6,3518,0.197293,3.19588944e-05,874.73
6,3520,0.168999,3.19555293e-05,875.20
6,3522,0.195342,3.19521678e-05,875.70
6,3524,0.197176,3.19488063e-05,876.18
6,3526,0.182703,3.19454412e-05,876.65
6,3528,0.172936,3.19420797e-05,877.17
6,3530,0.202601,3.19387182e-05,877.63
6,3532,0.171891,3.19353567e-05,878.12
6,3534,0.175775,3.19319952e-05,878.62
6,3536,0.203342,3.19286337e-05,879.09
6,3538,0.162126,3.19252722e-05,879.62
6,3540,0.188594,3.19219107e-05,880.12
6,3542,0.175276,3.19185456e-05,880.75
6,3544,0.184312,3.19151841e-05,881.23
6,3546,0.136118,3.19118226e-05,881.71
6,3548,0.167951,3.19084611e-05,882.28
6,3550,0.188316,3.19051032e-05,882.77
6,3552,0.168706,3.19017417e-05,883.25
6,3554,0.171646,3.18983766e-05,883.75
6,3556,0.170069,3.18950151e-05,884.25
6,3558,0.170662,3.18916536e-05,884.73
6,3560,0.188989,3.18882921e-05,885.30
6,3562,0.169435,3.18849306e-05,885.78
6,3564,0.192023,3.18815692e-05,886.31
6,3566,0.196402,3.18782077e-05,886.77
6,3568,0.194638,3.18748462e-05,887.28
6,3570,0.183186,3.18714883e-05,887.73
6,3572,0.187495,3.18681232e-05,888.23
6,3574,0.172073,3.18647617e-05,888.70
6,3576,0.201582,3.18614002e-05,889.17
6,3578,0.195172,3.18580387e-05,889.71
6,3580,0.186985,3.18546772e-05,890.27
6,3582,0.195045,3.18513194e-05,890.76
6,3584,0.181014,3.18479579e-05,891.28
6,3586,0.157843,3.18445964e-05,891.88
6,3588,0.192076,3.18412349e-05,892.39
6,3590,0.159783,3.18378734e-05,892.92
6,3592,0.163345,3.18345119e-05,893.47
6,3594,0.184475,3.18311504e-05,893.93
6,3596,0.172555,3.18277889e-05,894.41
6,3598,0.190764,3.18244311e-05,894.88
6,3600,0.175493,3.18210696e-05,895.39
6,3602,0.172381,3.18177081e-05,895.98
6,3604,0.161018,3.18143466e-05,896.56
6,3606,0.192669,3.18109851e-05,897.09
6,3608,0.176216,3.18076236e-05,897.59
6,3610,0.204431,3.18042621e-05,898.11
6,3612,0.191718,3.18009006e-05,898.63
6,3614,0.202698,3.17975428e-05,899.13
6,3616,0.203148,3.17941813e-05,899.60
6,3618,0.188519,3.17908198e-05,900.04
6,3620,0.177528,3.17874619e-05,900.64
6,3622,0.184252,3.17841004e-05,901.15
6,3624,0.194315,3.17807389e-05,901.63
6,3626,0.171941,3.17773774e-05,902.11
6,3628,0.168577,3.17740160e-05,902.65
6,3630,0.192436,3.17706581e-05,903.18
6,3632,0.187325,3.17672966e-05,903.78
6,3634,0.164089,3.17639388e-05,904.24
6,3636,0.149101,3.17605773e-05,904.73
6,3638,0.211433,3.17572158e-05,905.30
6,3640,0.176205,3.17538543e-05,905.85
6,3642,0.191990,3.17504928e-05,906.34
6,3644,0.161002,3.17471313e-05,906.85
6,3646,0.173108,3.17437771e-05,907.32
6,3648,0.185313,3.17404156e-05,907.79
6,3650,0.203397,3.17370541e-05,908.29
6,3652,0.199394,3.17336926e-05,908.84
6,3654,0.196222,3.17303347e-05,909.36
6,3656,0.204111,3.17269732e-05,909.81
6,3658,0.201382,3.17236118e-05,910.34
6,3660,0.192670,3.17202503e-05,910.79
6,3662,0.183450,3.17168924e-05,911.26
6,3664,0.158483,3.17135346e-05,911.73
6,3666,0.175874,3.17101731e-05,912.22
6,3668,0.154174,3.17068152e-05,912.71
6,3670,0.189810,3.17034537e-05,913.21
6,3672,0.226476,3.17000922e-05,913.77
6,3674,0.191389,3.16967307e-05,914.23
6,3676,0.175559,3.16933729e-05,914.75
6,3678,0.181663,3.16900150e-05,915.28
6,3680,0.183448,3.16866535e-05,915.83
6,3682,0.163375,3.16832957e-05,916.28
6,3684,0.151745,3.16799342e-05,916.77
6,3686,0.201677,3.16765763e-05,917.18
6,3688,0.178806,3.16732148e-05,917.73
6,3690,0.165813,3.16698570e-05,918.22
6,3692,0.196435,3.16664955e-05,918.76
6,3694,0.159337,3.16631376e-05,919.24
6,3696,0.187033,3.16597798e-05,919.71
6,3698,0.200530,3.16564183e-05,920.19
6,3700,0.201697,3.16530568e-05,920.66
6,3702,0.184241,3.16496989e-05,921.17
6,3704,0.182610,3.16463374e-05,921.70
6,3706,0.193382,3.16429796e-05,922.28
6,3708,0.177438,3.16396181e-05,922.81
6,3710,0.178226,3.16362639e-05,923.31
6,3712,0.167825,3.16329024e-05,923.80
6,3714,0.202821,3.16295445e-05,924.32
6,3716,0.173688,3.16261830e-05,924.76
6,3718,0.206384,3.16228252e-05,925.30
6,3720,0.196318,3.16194673e-05,925.79
6,3722,0.176988,3.16161058e-05,926.24
6,3724,0.196596,3.16127480e-05,926.70
6,3726,0.192506,3.16093901e-05,927.18
6,3728,0.163671,3.16060323e-05,927.63
6,3730,0.183884,3.16026708e-05,928.09
6,3732,0.167431,3.15993129e-05,928.54
6,3734,0.187460,3.15959514e-05,929.00
6,3736,0.190812,3.15925936e-05,929.50
6,3738,0.178178,3.15892321e-05,929.92
6,3740,0.175604,3.15858742e-05,930.45
6,3742,0.165454,3.15825200e-05,930.98
6,3744,0.196653,3.15791585e-05,931.50
6,3746,0.162987,3.15758007e-05,932.06
6,3748,0.198929,3.15724428e-05,932.53
6,3750,0.160227,3.15690850e-05,933.03
6,3752,0.201375,3.15657235e-05,933.53
6,3754,0.171115,3.15623620e-05,934.02
6,3756,0.175868,3.15590041e-05,934.52
6,3758,0.180652,3.15556499e-05,935.01
6,3760,0.187383,3.15522921e-05,935.48
6,3762,0.178130,3.15489342e-05,935.90
6,3764,0.160223,3.15455727e-05,936.40
6,3766,0.169224,3.15422149e-05,936.89
6,3768,0.209153,3.15388534e-05,937.33
6,3770,0.202757,3.15354955e-05,937.79
6,3772,0.182867,3.15321377e-05,938.33
6,3774,0.173933,3.15287834e-05,938.85
6,3776,0.166492,3.15254256e-05,939.34
6,3778,0.177710,3.15220641e-05,939.85
6,3780,0.170579,3.15187062e-05,940.37
6,3782,0.201272,3.15153484e-05,940.89
6,3784,0.163272,3.15119905e-05,941.38
6,3786,0.176365,3.15086290e-05,941.83
6,3788,0.174283,3.15052712e-05,942.27
6,3790,0.203649,3.15019206e-05,942.80
6,3792,0.194330,3.14985591e-05,943.29
6,3794,0.177121,3.14952013e-05,943.74
6,3796,0.178638,3.14918434e-05,944.22
6,3798,0.182096,3.14884855e-05,944.72
6,3800,0.180671,3.14851241e-05,945.20
6,3802,0.158142,3.14817662e-05,945.74
6,3804,0.218732,3.14784120e-05,946.20
6,3806,0.166766,3.14750541e-05,946.72
6,3808,0.197435,3.14716963e-05,947.21
6,3810,0.208524,3.14683384e-05,947.65
6,3812,0.192112,3.14649806e-05,948.21
6,3814,0.174614,3.14616227e-05,948.73
6,3816,0.163334,3.14582649e-05,949.18
6,3818,0.176255,3.14549070e-05,949.69
6,3820,0.196923,3.14515491e-05,950.18
6,3822,0.172054,3.14481949e-05,950.68
6,3824,0.169272,3.14448371e-05,951.17
6,3826,0.166656,3.14414792e-05,951.67
6,3828,0.164980,3.14381214e-05,952.14
6,3830,0.192099,3.14347635e-05,952.66
6,3832,0.189487,3.14314057e-05,953.15
6,3834,0.198948,3.14280478e-05,953.67
6,3836,0.181980,3.14246900e-05,954.17
6,3838,0.177109,3.14213357e-05,954.68
6,3840,0.199317,3.14179779e-05,955.18
6,3842,0.160606,3.14146200e-05,955.80
6,3844,0.189659,3.14112622e-05,956.26
6,3846,0.201557,3.14079043e-05,956.70
6,3848,0.161622,3.14045465e-05,957.17
6,3850,0.159796,3.14011922e-05,957.66
6,3852,0.186695,3.13978308e-05,958.20
6,3854,0.188098,3.13944802e-05,958.74
6,3856,0.180868,3.13911223e-05,959.20
6,3858,0.173523,3.13877645e-05,959.66
6,3860,0.202788,3.13844066e-05,960.10
6,3862,0.193887,3.13810488e-05,960.61
6,3864,0.179918,3.13776909e-05,961.08
6,3866,0.218018,3.13743367e-05,961.64
6,3868,0.200249,3.13709788e-05,962.15
6,3870,0.182939,3.13676246e-05,962.69
6,3872,0.174875,3.13642668e-05,963.15
6,3874,0.172469,3.13609125e-05,963.66
6,3876,0.156144,3.13575511e-05,964.20
6,3878,0.154707,3.13541968e-05,964.65
6,3880,0.191110,3.13508390e-05,965.12
6,3882,0.177694,3.13474811e-05,965.57
6,3884,0.179097,3.13441269e-05,966.04
6,3886,0.200820,3.13407727e-05,966.60
6,3888,0.179594,3.13374148e-05,967.13
6,3890,0.165129,3.13340570e-05,967.64
6,3892,0.172841,3.13307028e-05,968.11
6,3894,0.168392,3.13273449e-05,968.62
6,3896,0.199674,3.13239871e-05,969.10
6,3898,0.213022,3.13206328e-05,969.60
6,3900,0.190733,3.13172750e-05,970.14
6,3902,0.180005,3.13139244e-05,970.63
6,3904,0.182651,3.13105666e-05,971.13
6,3906,0.152911,3.13072087e-05,971.62
6,3908,0.203179,3.13038545e-05,972.09
6,3910,0.176149,3.13004966e-05,972.67
6,3912,0.199975,3.12971388e-05,973.28
6,3914,0.193633,3.12937846e-05,973.81
6,3916,0.154686,3.12904267e-05,974.30
6,3918,0.174130,3.12870725e-05,974.84
6,3920,0.158241,3.12837183e-05,975.34
6,3922,0.189312,3.12803641e-05,975.83
6,3924,0.183781,3.12770062e-05,976.34
6,3926,0.165621,3.12736483e-05,976.85
6,3928,0.179272,3.12702941e-05,977.35
6,3930,0.176259,3.12669363e-05,977.83
6,3932,0.150700,3.12635821e-05,978.39
6,3934,0.154364,3.12602278e-05,978.88
6,3936,0.182957,3.12568736e-05,979.38
6,3938,0.207298,3.12535194e-05,979.86
6,3940,0.175532,3.12501616e-05,980.34
6,3942,0.183109,3.12468037e-05,980.90
6,3944,0.180181,3.12434495e-05,981.42
6,3946,0.171677,3.12400916e-05,981.88
6,3948,0.180525,3.12367374e-05,982.35
6,3950,0.194411,3.12333868e-05,982.84
6,3952,0.196825,3.12300290e-05,983.33
6,3954,0.177003,3.12266748e-05,983.81
6,3956,0.167125,3.12233169e-05,984.28
6,3958,0.180078,3.12199627e-05,984.74
6,3960,0.195651,3.12166085e-05,985.23
6,3962,0.160483,3.12132506e-05,985.86
6,3964,0.185607,3.12098964e-05,986.37
6,3966,0.192771,3.12065422e-05,986.92
6,3968,0.169548,3.12031880e-05,987.44
6,3970,0.169785,3.11998338e-05,987.97
6,3972,0.192036,3.11964795e-05,988.45
6,3974,0.159683,3.11931217e-05,988.92
6,3976,0.188322,3.11897675e-05,989.46
6,3978,0.184877,3.11864133e-05,989.97
6,3980,0.198231,3.11830590e-05,990.52
6,3982,0.139568,3.11797048e-05,991.09
6,3984,0.167105,3.11763506e-05,991.59
6,3986,0.197520,3.11729927e-05,992.08
6,3988,0.146947,3.11696385e-05,992.53
6,3990,0.208120,3.11662843e-05,993.10
6,3992,0.186835,3.11629301e-05,993.62
6,3994,0.203374,3.11595759e-05,994.05
6,3996,0.186275,3.11562180e-05,994.54
6,3998,0.219865,3.11528638e-05,994.99
6,4000,0.188120,3.11495132e-05,995.52
6,4002,0.165173,3.11461590e-05,996.15
6,4004,0.174984,3.11428048e-05,996.64
6,4006,0.177178,3.11394469e-05,997.10
6,4008,0.146225,3.11360927e-05,997.58
6,4010,0.169098,3.11327385e-05,998.13
6,4012,0.175115,3.11293843e-05,998.55
6,4014,0.189948,3.11260301e-05,999.09
6,4016,0.190439,3.11226795e-05,999.54
6,4018,0.174114,3.11193253e-05,1000.00
6,4020,0.192121,3.11159711e-05,1000.49
6,4022,0.187367,3.11126169e-05,1001.03
6,4024,0.198950,3.11092626e-05,1001.55
6,4026,0.207004,3.11059084e-05,1002.04
6,4028,0.192578,3.11025542e-05,1002.52
6,4030,0.175205,3.10991963e-05,1003.02
6,4032,0.173663,3.10958494e-05,1003.51
6,4034,0.170289,3.10924916e-05,1003.97
6,4036,0.175422,3.10891373e-05,1004.45
6,4038,0.196016,3.10857831e-05,1004.99
6,4040,0.175912,3.10824325e-05,1005.50
6,4042,0.170876,3.10790783e-05,1005.96
6,4044,0.190379,3.10757241e-05,1006.50
6,4046,0.170928,3.10723663e-05,1006.97
6,4048,0.178492,3.10690193e-05,1007.54
6,4050,0.182773,3.10656651e-05,1008.01
6,4052,0.174170,3.10623109e-05,1008.48
6,4054,0.169971,3.10589567e-05,1009.04
6,4056,0.176745,3.10556024e-05,1009.61
6,4058,0.171584,3.10522482e-05,1010.09
6,4060,0.163758,3.10488940e-05,1010.66
6,4062,0.177032,3.10455434e-05,1011.11
6,4064,0.164187,3.10421929e-05,1011.61
6,4066,0.185551,3.10388386e-05,1012.09
6,4068,0.186703,3.10354844e-05,1012.60
6,4070,0.208178,3.10321302e-05,1013.10
6,4072,0.200593,3.10287760e-05,1013.54
6,4074,0.153047,3.10254218e-05,1013.98
6,4076,0.178586,3.10220676e-05,1014.49
6,4078,0.167881,3.10187170e-05,1015.01
6,4080,0.162299,3.10153664e-05,1015.47
6,4082,0.186253,3.10120122e-05,1016.00
6,4084,0.187212,3.10086616e-05,1016.48
6,4086,0.161186,3.10053074e-05,1016.99
6,4088,0.168619,3.10019532e-05,1017.49
6,4090,0.195595,3.09985990e-05,1017.95
6,4092,0.163117,3.09952484e-05,1018.48
6,4094,0.177965,3.09918942e-05,1019.03
6,4096,0.163183,3.09885436e-05,1019.54
6,4098,0.157553,3.09851930e-05,1020.01
6,4100,0.209470,3.09818388e-05,1020.53
6,4102,0.195740,3.09784846e-05,1021.00
6,4104,0.155603,3.09751304e-05,1021.46
6,4106,0.164650,3.09717798e-05,1021.92
6,4108,0.185504,3.09684256e-05,1022.41
6,4110,0.177347,3.09650713e-05,1022.89
6,4112,0.181150,3.09617244e-05,1023.37
6,4114,0.174630,3.09583702e-05,1023.91
6,4116,0.201987,3.09550196e-05,1024.34
6,4118,0.190241,3.09516654e-05,1024.85
6,4120,0.156340,3.09483148e-05,1025.32
6,4122,0.188344,3.09449606e-05,1025.75
6,4124,0.144585,3.09416064e-05,1026.25
6,4126,0.217473,3.09382558e-05,1026.75
6,4128,0.163126,3.09349052e-05,1027.25
6,4130,0.189251,3.09315546e-05,1027.75
6,4132,0.171824,3.09282004e-05,1028.23
6,4134,0.185471,3.09248499e-05,1028.78
6,4136,0.172363,3.09214956e-05,1029.29
6,4138,0.169144,3.09181451e-05,1029.74
6,4140,0.196640,3.09147908e-05,1030.19
6,4142,0.176003,3.09114403e-05,1030.75
6,4144,0.194411,3.09080897e-05,1031.27
6,4146,0.200618,3.09047391e-05,1031.81
6,4148,0.173822,3.09013885e-05,1032.27
6,4150,0.154058,3.08980343e-05,1032.75
6,4152,0.165337,3.08946837e-05,1033.26
6,4154,0.177667,3.08913295e-05,1033.78
6,4156,0.177954,3.08879789e-05,1034.23
6,4158,0.168824,3.08846247e-05,1034.71
6,4160,0.166304,3.08812814e-05,1035.15
6,4162,0.160124,3.08779272e-05,1035.63
6,4164,0.168966,3.08745730e-05,1036.13
6,4166,0.181814,3.08712224e-05,1036.67
6,4168,0.193925,3.08678718e-05,1037.19
6,4170,0.168682,3.08645176e-05,1037.68
6,4172,0.180918,3.08611670e-05,1038.21
6,4174,0.171678,3.08578165e-05,1038.68
6,4176,0.171658,3.08544695e-05,1039.14
6,4178,0.172866,3.08511153e-05,1039.57
6,4180,0.163052,3.08477647e-05,1040.07
6,4182,0.155958,3.08444141e-05,1040.57
6,4184,0.186504,3.08410636e-05,1041.10
6,4186,0.174334,3.08377093e-05,1041.60
6,4188,0.165220,3.08343588e-05,1042.08
6,4190,0.169972,3.08310082e-05,1042.55
6,4192,0.158415,3.08276612e-05,1043.05
6,4194,0.182640,3.08243070e-05,1043.56
6,4196,0.200895,3.08209565e-05,1044.02
6,4198,0.177325,3.08176095e-05,1044.52
6,4200,0.183562,3.08142553e-05,1045.01
6,4202,0.164115,3.08109047e-05,1045.48
6,4204,0.176051,3.08075541e-05,1046.06
6,4206,0.168182,3.08042036e-05,1046.58
6,4208,0.148834,3.08008566e-05,1047.00
6,4210,0.191173,3.07975024e-05,1047.46
6,4212,0.194089,3.07941518e-05,1047.93
6,4214,0.195499,3.07908012e-05,1048.45
6,4216,0.185963,3.07874507e-05,1048.99
6,4218,0.142439,3.07841001e-05,1049.47
6,4220,0.198252,3.07807495e-05,1049.97
6,4222,0.174430,3.07773989e-05,1050.49
6,4224,0.161177,3.07740520e-05,1050.99
6,4226,0.172038,3.07707014e-05,1051.48
6,4228,0.177667,3.07673508e-05,1051.95
6,4230,0.164118,3.07640003e-05,1052.49
6,4232,0.183087,3.07606497e-05,1052.95
6,4234,0.167068,3.07572991e-05,1053.46
6,4236,0.169959,3.07539485e-05,1053.97
6,4238,0.184500,3.07505979e-05,1054.51
6,4240,0.187379,3.07472510e-05,1055.02
6,4242,0.172543,3.07439004e-05,1055.50
6,4244,0.171417,3.07405498e-05,1055.99
6,4246,0.181342,3.07371993e-05,1056.47
6,4248,0.151378,3.07338523e-05,1056.95
6,4250,0.163214,3.07305017e-05,1057.44
6,4252,0.168327,3.07271512e-05,1057.91
6,4254,0.159636,3.07238006e-05,1058.47
6,4256,0.230745,3.07204537e-05,1058.99
6,4258,0.198971,3.07171067e-05,1059.49
6,4260,0.159851,3.07137561e-05,1060.02
6,4262,0.186552,3.07104056e-05,1060.52
6,4264,0.145188,3.07070550e-05,1061.17
6,4266,0.176202,3.07037044e-05,1061.65
6,4268,0.185589,3.07003538e-05,1062.18
6,4270,0.194022,3.06970032e-05,1062.71
6,4272,0.173646,3.06936599e-05,1063.28
6,4274,0.166335,3.06903094e-05,1063.76
6,4276,0.161921,3.06869588e-05,1064.24
6,4278,0.169137,3.06836082e-05,1064.79
6,4280,0.139804,3.06802613e-05,1065.25
6,4282,0.188420,3.06769107e-05,1065.76
6,4284,0.171462,3.06735601e-05,1066.20
6,4286,0.154790,3.06702132e-05,1066.68
6,4288,0.175350,3.06668662e-05,1067.18
6,4290,0.212311,3.06635193e-05,1067.70
6,4292,0.170927,3.06601687e-05,1068.22
6,4294,0.178829,3.06568181e-05,1068.75
6,4296,0.170784,3.06534675e-05,1069.27
6,4298,0.166273,3.06501206e-05,1069.77
6,4300,0.193419,3.06467700e-05,1070.21
6,4302,0.157160,3.06434231e-05,1070.71
6,4304,0.186885,3.06400761e-05,1071.19
6,4306,0.173612,3.06367256e-05,1071.67
6,4308,0.176854,3.06333786e-05,1072.22
6,4310,0.173314,3.06300280e-05,1072.75
6,4312,0.180462,3.06266811e-05,1073.25
6,4314,0.167106,3.06233305e-05,1073.72
6,4316,0.169389,3.06199800e-05,1074.21
6,4318,0.201618,3.06166330e-05,1074.71
6,4320,0.182611,3.06132897e-05,1075.23
6,4322,0.206567,3.06099391e-05,1075.68
6,4324,0.172335,3.06065922e-05,1076.17
6,4326,0.187907,3.06032416e-05,1076.67
6,4328,0.182527,3.05998947e-05,1077.16
6,4330,0.178490,3.05965441e-05,1077.68
6,4332,0.165195,3.05931972e-05,1078.15
6,4334,0.181178,3.05898502e-05,1078.65
6,4336,0.194751,3.05865033e-05,1079.16
6,4338,0.171814,3.05831563e-05,1079.66
6,4340,0.176577,3.05798058e-05,1080.14
6,4342,0.176714,3.05764588e-05,1080.68
6,4344,0.162856,3.05731082e-05,1081.20
6,4346,0.168757,3.05697613e-05,1081.73
6,4348,0.197477,3.05664144e-05,1082.22
6,4350,0.163762,3.05630674e-05,1082.73
6,4352,0.203198,3.05597205e-05,1083.20
6,4354,0.163564,3.05563735e-05,1083.68
6,4356,0.193982,3.05530266e-05,1084.18
6,4358,0.179246,3.05496760e-05,1084.67
6,4360,0.184512,3.05463291e-05,1085.24
6,4362,0.145402,3.05429821e-05,1085.78
6,4364,0.172765,3.05396316e-05,1086.27
6,4366,0.168932,3.05362846e-05,1086.81
6,4368,0.190417,3.05329413e-05,1087.35
6,4370,0.188124,3.05295944e-05,1087.85
6,4372,0.203464,3.05262474e-05,1088.27
6,4374,0.189177,3.05229005e-05,1088.78
6,4376,0.165282,3.05195499e-05,1089.21
6,4378,0.203515,3.05162030e-05,1089.67
6,4380,0.180941,3.05128578e-05,1090.20
6,4382,0.168828,3.05095091e-05,1090.73
6,4384,0.180742,3.05061640e-05,1091.17
6,4386,0.181901,3.05028188e-05,1091.74
6,4388,0.190252,3.04994701e-05,1092.21
6,4390,0.190690,3.04961213e-05,1092.70
6,4392,0.179641,3.04927762e-05,1093.20
6,4394,0.173095,3.04894293e-05,1093.70
6,4396,0.185736,3.04860805e-05,1094.25
6,4398,0.173452,3.04827336e-05,1094.77
6,4400,0.179413,3.04793903e-05,1095.31
6,4402,0.164153,3.04760451e-05,1095.83
6,4404,0.200234,3.04726964e-05,1096.40
6,4406,0.191573,3.04693494e-05,1096.89
6,4408,0.176775,3.04660025e-05,1097.39
6,4410,0.167225,3.04626556e-05,1097.87
6,4412,0.181343,3.04593086e-05,1098.38
6,4414,0.165895,3.04559617e-05,1098.92
6,4416,0.173662,3.04526184e-05,1099.51
6,4418,0.194562,3.04492733e-05,1100.03
6,4420,0.181867,3.04459245e-05,1100.49
6,4422,0.175971,3.04425776e-05,1101.02
6,4424,0.191037,3.04392324e-05,1101.49
6,4426,0.191112,3.04358855e-05,1102.05
6,4428,0.154275,3.04325404e-05,1102.49
6,4430,0.198971,3.04291934e-05,1102.97
6,4432,0.179221,3.04258501e-05,1103.46
6,4434,0.154659,3.04225032e-05,1103.93
6,4436,0.178889,3.04191562e-05,1104.43
6,4438,0.210501,3.04158111e-05,1104.96
6,4440,0.174909,3.04124642e-05,1105.49
6,4442,0.173636,3.04091191e-05,1106.02
6,4444,0.182380,3.04057721e-05,1106.53
6,4446,0.179741,3.04024252e-05,1106.96
6,4448,0.166792,3.03990837e-05,1107.51
6,4450,0.180876,3.03957386e-05,1107.98
6,4452,0.175872,3.03923916e-05,1108.49
6,4454,0.166187,3.03890447e-05,1108.97
6,4456,0.155954,3.03856996e-05,1109.45
6,4458,0.166421,3.03823545e-05,1109.94
6,4460,0.165979,3.03790093e-05,1110.48
6,4462,0.199447,3.03756624e-05,1110.97
6,4464,0.167520,3.03723209e-05,1111.52
6,4466,0.193807,3.03689740e-05,1111.98
6,4468,0.166201,3.03656288e-05,1112.48
6,4470,0.163712,3.03622837e-05,1112.92
6,4472,0.166673,3.03589386e-05,1113.38
6,4474,0.165475,3.03555917e-05,1113.84
6,4476,0.167829,3.03522484e-05,1114.34
6,4478,0.220494,3.03489014e-05,1114.82
6,4480,0.178621,3.03455599e-05,1115.28
6,4482,0.157971,3.03422130e-05,1115.78
6,4484,0.190527,3.03388697e-05,1116.27
6,4486,0.163568,3.03355246e-05,1116.83
6,4488,0.172450,3.03321794e-05,1117.25
6,4490,0.117974,3.03288325e-05,1117.72
6,4492,0.156955,3.03254892e-05,1118.23
6,4494,0.166896,3.03221423e-05,1118.72
6,4496,0.172266,3.03188026e-05,1119.24
6,4498,0.183845,3.03154557e-05,1119.81
6,4500,0.165954,3.03121124e-05,1120.28
6,4502,0.188811,3.03087672e-05,1120.80
6,4504,0.154475,3.03054221e-05,1121.23
6,4506,0.181721,3.03020770e-05,1121.72
6,4508,0.174753,3.02987337e-05,1122.21
6,4510,0.175736,3.02953868e-05,1122.71
6,4512,0.155265,3.02920471e-05,1123.20
6,4514,0.163680,3.02887038e-05,1123.66
6,4516,0.192926,3.02853568e-05,1124.13
6,4518,0.161957,3.02820135e-05,1124.67
6,4520,0.157912,3.02786684e-05,1125.16
6,4522,0.157735,3.02753233e-05,1125.64
6,4524,0.158758,3.02719800e-05,1126.16
6,4526,0.144999,3.02686349e-05,1126.61
6,4528,0.147890,3.02652934e-05,1127.17
6,4530,0.216241,3.02619501e-05,1127.64
6,4532,0.168151,3.02586068e-05,1128.10
6,4534,0.152090,3.02552617e-05,1128.58
6,4536,0.180431,3.02519184e-05,1129.07
6,4538,0.170925,3.02485732e-05,1129.62
6,4540,0.172632,3.02452299e-05,1130.11
6,4542,0.177685,3.02418848e-05,1130.65
6,4544,0.166478,3.02385415e-05,1131.16
6,4546,0.195082,3.02352018e-05,1131.69
6,4548,0.151099,3.02318567e-05,1132.22
6,4550,0.158902,3.02285134e-05,1132.70
6,4552,0.225319,3.02251683e-05,1133.18
6,4554,0.192941,3.02218250e-05,1133.66
6,4556,0.163331,3.02184799e-05,1134.17
6,4558,0.182635,3.02151366e-05,1134.62
6,4560,0.195628,3.02117951e-05,1135.13
6,4562,0.212716,3.02084554e-05,1135.69
6,4564,0.176146,3.02051103e-05,1136.23
6,4566,0.152621,3.02017688e-05,1136.73
6,4568,0.164460,3.01984237e-05,1137.22
6,4570,0.181623,3.01950804e-05,1137.71
6,4572,0.174740,3.01917389e-05,1138.14
6,4574,0.177199,3.01883938e-05,1138.66
6,4576,0.168570,3.01850505e-05,1139.15
6,4578,0.153278,3.01817126e-05,1139.60
6,4580,0.172986,3.01783675e-05,1140.13
6,4582,0.172134,3.01750242e-05,1140.63
6,4584,0.171185,3.01716827e-05,1141.13
6,4586,0.161835,3.01683376e-05,1141.64
6,4588,0.201735,3.01649961e-05,1142.11
6,4590,0.187818,3.01616510e-05,1142.62
6,4592,0.166935,3.01583095e-05,1143.18
6,4594,0.169771,3.01549717e-05,1143.65
6,4596,0.192179,3.01516284e-05,1144.19
6,4598,0.215809,3.01482833e-05,1144.68
6,4600,0.165720,3.01449418e-05,1145.18
6,4602,0.168778,3.01416003e-05,1145.68
6,4604,0.177060,3.01382570e-05,1146.20
6,4606,0.174545,3.01349137e-05,1146.68
6,4608,0.186335,3.01315704e-05,1147.13
6,4610,0.162413,3.01282325e-05,1147.58
6,4612,0.209978,3.01248892e-05,1148.06
6,4614,0.194275,3.01215478e-05,1148.52
6,4616,0.164890,3.01182044e-05,1149.03
6,4618,0.177517,3.01148630e-05,1149.49
6,4620,0.157884,3.01115215e-05,1149.95
6,4622,0.189207,3.01081782e-05,1150.44
6,4624,0.178557,3.01048367e-05,1150.92
6,4626,0.195135,3.01014989e-05,1151.44
6,4628,0.190525,3.00981555e-05,1151.93
6,4630,0.167082,3.00948122e-05,1152.44
6,4632,0.173085,3.00914708e-05,1152.95
6,4634,0.155520,3.00881293e-05,1153.43
6,4636,0.207580,3.00847878e-05,1153.96
6,4638,0.191877,3.00814445e-05,1154.42
6,4640,0.172446,3.00781048e-05,1154.92
6,4642,0.150861,3.00747670e-05,1155.39
6,4644,0.180758,3.00714255e-05,1155.89
6,4646,0.153671,3.00680822e-05,1156.39
6,4648,0.208887,3.00647407e-05,1156.92
6,4650,0.149034,3.00613992e-05,1157.41
6,4652,0.190425,3.00580577e-05,1157.89
6,4654,0.181163,3.00547144e-05,1158.47
6,4656,0.181561,3.00513748e-05,1158.95
6,4658,0.156847,3.00480369e-05,1159.46
6,4660,0.175137,3.00446954e-05,1159.96
6,4662,0.177604,3.00413558e-05,1160.44
6,4664,0.181080,3.00380125e-05,1160.92
6,4666,0.162494,3.00346710e-05,1161.45
6,4668,0.173195,3.00313295e-05,1161.97
6,4670,0.185913,3.00279899e-05,1162.51
6,4672,0.169193,3.00246484e-05,1163.02
6,4674,0.186269,3.00213105e-05,1163.44
6,4676,0.163159,3.00179690e-05,1163.96
6,4678,0.190044,3.00146294e-05,1164.45
6,4680,0.181534,3.00112879e-05,1164.93
6,4682,0.203001,3.00079464e-05,1165.38
6,4684,0.196258,3.00046049e-05,1165.95
6,4686,0.203000,3.00012653e-05,1166.43
6,4688,0.186947,2.99979256e-05,1166.86
6,4690,0.184264,2.99945877e-05,1167.34
6,4692,0.164632,2.99912481e-05,1167.84
6,4694,0.155737,2.99879084e-05,1168.34
6,4696,0.185858,2.99845651e-05,1168.81
6,4698,0.167030,2.99812255e-05,1169.30
6,4700,0.177413,2.99778858e-05,1169.75
6,4702,0.167298,2.99745443e-05,1170.29
6,4704,0.161252,2.99712028e-05,1170.79
6,4706,0.163422,2.99678686e-05,1171.28
6,4708,0.177051,2.99645271e-05,1171.81
6,4710,0.205101,2.99611875e-05,1172.27
6,4712,0.150885,2.99578460e-05,1172.80
6,4714,0.189583,2.99545063e-05,1173.28
6,4716,0.183628,2.99511667e-05,1173.76
6,4718,0.185258,2.99478270e-05,1174.23
6,4720,0.198781,2.99444855e-05,1174.72
6,4722,0.178245,2.99411513e-05,1175.23
6,4724,0.147216,2.99378098e-05,1175.83
6,4726,0.185564,2.99344701e-05,1176.35
6,4728,0.153752,2.99311305e-05,1176.85
6,4730,0.163758,2.99277908e-05,1177.28
6,4732,0.173614,2.99244512e-05,1177.76
6,4734,0.190285,2.99211133e-05,1178.27
6,4736,0.176153,2.99177700e-05,1178.75
6,4738,0.154836,2.99144376e-05,1179.21
6,4740,0.175352,2.99110980e-05,1179.72
6,4742,0.139540,2.99077565e-05,1180.18
6,4744,0.196060,2.99044168e-05,1180.63
6,4746,0.151333,2.99010771e-05,1181.22
6,4748,0.159340,2.98977393e-05,1181.69
6,4750,0.185836,2.98943996e-05,1182.20
6,4752,0.162792,2.98910600e-05,1182.68
6,4754,0.165870,2.98877258e-05,1183.22
6,4756,0.146379,2.98843861e-05,1183.69
6,4758,0.164612,2.98810464e-05,1184.17
6,4760,0.217958,2.98777086e-05,1184.72
6,4762,0.175304,2.98743707e-05,1185.16
6,4764,0.184049,2.98710311e-05,1185.63
6,4766,0.174946,2.98676896e-05,1186.10
6,4768,0.177710,2.98643517e-05,1186.56
6,4770,0.175137,2.98610175e-05,1187.06
6,4772,0.165323,2.98576797e-05,1187.53
6,4774,0.146148,2.98543382e-05,1188.04
6,4776,0.149190,2.98510004e-05,1188.54
6,4778,0.190539,2.98476625e-05,1189.03
6,4780,0.206413,2.98443229e-05,1189.57
6,4782,0.191099,2.98409850e-05,1190.03
6,4784,0.187258,2.98376472e-05,1190.51
6,4786,0.183345,2.98343111e-05,1191.03
6,4788,0.173037,2.98309733e-05,1191.56
6,4790,0.180288,2.98276354e-05,1192.05
6,4792,0.181060,2.98242976e-05,1192.55
6,4794,0.183810,2.98209598e-05,1193.03
6,4796,0.179617,2.98176201e-05,1193.58
6,4798,0.177376,2.98142822e-05,1194.11
6,4800,0.151431,2.98109444e-05,1194.57
6,4802,0.179963,2.98076102e-05,1195.08
6,4804,0.174426,2.98042723e-05,1195.57
6,4806,0.177904,2.98009345e-05,1196.08
6,4808,0.178395,2.97975948e-05,1196.57
6,4810,0.160029,2.97942570e-05,1197.03
6,4812,0.183275,2.97909191e-05,1197.52
6,4814,0.197852,2.97875831e-05,1198.05
6,4816,0.171907,2.97842453e-05,1198.56
6,4818,0.165715,2.97809129e-05,1199.02
6,4820,0.161999,2.97775750e-05,1199.53
6,4822,0.193197,2.97742372e-05,1200.02
6,4824,0.177828,2.97708993e-05,1200.48
6,4826,0.187975,2.97675615e-05,1200.92
6,4828,0.154043,2.97642255e-05,1201.39
6,4830,0.160569,2.97608876e-05,1201.83
6,4832,0.162867,2.97575498e-05,1202.36
6,4834,0.173523,2.97542156e-05,1202.85
6,4836,0.173661,2.97508777e-05,1203.35
6,4838,0.186825,2.97475417e-05,1203.84
6,4840,0.177752,2.97442039e-05,1204.40
6,4842,0.181150,2.97408678e-05,1204.92
6,4844,0.162425,2.97375300e-05,1205.45
6,4846,0.153927,2.97341921e-05,1205.95
6,4848,0.169138,2.97308561e-05,1206.41
6,4850,0.168835,2.97275237e-05,1206.90
6,4852,0.147835,2.97241877e-05,1207.37
6,4854,0.183348,2.97208499e-05,1207.88
6,4856,0.170481,2.97175138e-05,1208.39
6,4858,0.176287,2.97141760e-05,1208.89
6,4860,0.150142,2.97108400e-05,1209.43
6,4862,0.145357,2.97075021e-05,1209.97
6,4864,0.145116,2.97041661e-05,1210.50
6,4866,0.166759,2.97008355e-05,1211.09
6,4868,0.188519,2.96974977e-05,1211.59
6,4870,0.139833,2.96941616e-05,1212.05
6,4872,0.168275,2.96908256e-05,1212.58
6,4874,0.146710,2.96874878e-05,1213.17
6,4876,0.167758,2.96841517e-05,1213.67
6,4878,0.155422,2.96808157e-05,1214.14
6,4880,0.188484,2.96774797e-05,1214.60
6,4882,0.171354,2.96741491e-05,1215.06
6,4884,0.170091,2.96708113e-05,1215.53
6,4886,0.167769,2.96674752e-05,1216.00
6,4888,0.165399,2.96641392e-05,1216.53
6,4890,0.158351,2.96608032e-05,1216.96
6,4892,0.188582,2.96574672e-05,1217.48
6,4894,0.191558,2.96541311e-05,1217.94
6,4896,0.192655,2.96507969e-05,1218.38
6,4898,0.168967,2.96474645e-05,1218.92
6,4900,0.172784,2.96441285e-05,1219.36
6,4902,0.158835,2.96407925e-05,1219.85
6,4904,0.179372,2.96374565e-05,1220.31
6,4906,0.176715,2.96341223e-05,1220.83
6,4908,0.150448,2.96307862e-05,1221.35
6,4910,0.172432,2.96274520e-05,1221.87
6,4912,0.208213,2.96241160e-05,1222.30
6,4914,0.194054,2.96207854e-05,1222.80
6,4916,0.201968,2.96174494e-05,1223.29
6,4918,0.177107,2.96141134e-05,1223.82
6,4920,0.198901,2.96107792e-05,1224.30
6,4922,0.209490,2.96074431e-05,1224.76
6,4924,0.157926,2.96041071e-05,1225.22
6,4926,0.149900,2.96007747e-05,1225.70
6,4928,0.168254,2.95974387e-05,1226.18
6,4930,0.173189,2.95941063e-05,1226.70
6,4932,0.192579,2.95907739e-05,1227.24
6,4934,0.194704,2.95874397e-05,1227.76
6,4936,0.163907,2.95841037e-05,1228.28
6,4938,0.172822,2.95807677e-05,1228.79
6,4940,0.175810,2.95774335e-05,1229.32
6,4942,0.169691,2.95741011e-05,1229.76
6,4944,0.148478,2.95707650e-05,1230.23
6,4946,0.149929,2.95674326e-05,1230.70
6,4948,0.194406,2.95641003e-05,1231.20
6,4950,0.213214,2.95607661e-05,1231.62
6,4952,0.189708,2.95574318e-05,1232.13
6,4954,0.189567,2.95540958e-05,1232.62
6,4956,0.146714,2.95507634e-05,1233.11
6,4958,0.187389,2.95474292e-05,1233.64
6,4960,0.162131,2.95440932e-05,1234.15
6,4962,0.207093,2.95407644e-05,1234.65
6,4964,0.169983,2.95374302e-05,1235.22
6,4966,0.198435,2.95340960e-05,1235.71
6,4968,0.165802,2.95307618e-05,1236.23
6,4970,0.173278,2.95274294e-05,1236.75
6,4972,0.135284,2.95240952e-05,1237.22
6,4974,0.168565,2.95207610e-05,1237.74
6,4976,0.182310,2.95174286e-05,1238.25
6,4978,0.136418,2.95140981e-05,1238.70
6,4980,0.165068,2.95107639e-05,1239.19
6,4982,0.190538,2.95074315e-05,1239.67
6,4984,0.167501,2.95040973e-05,1240.16
6,4986,0.213309,2.95007630e-05,1240.60
6,4988,0.183574,2.94974307e-05,1241.10
6,4990,0.185055,2.94940965e-05,1241.63
6,4992,0.156747,2.94907622e-05,1242.16
6,4994,0.178434,2.94874335e-05,1242.62
6,4996,0.178277,2.94840993e-05,1243.16
6,4998,0.164943,2.94807651e-05,1243.71
6,5000,0.147518,2.94774345e-05,1244.18
6,5002,0.176297,2.94741003e-05,1244.76
6,5004,0.153468,2.94707679e-05,1245.29
6,5006,0.171748,2.94674355e-05,1245.79
6,5008,0.162383,2.94641013e-05,1246.24
6,5010,0.170869,2.94607726e-05,1246.79
6,5012,0.167095,2.94574402e-05,1247.29
6,5014,0.174355,2.94541060e-05,1247.81
6,5016,0.154841,2.94507754e-05,1248.26
6,5018,0.169619,2.94474412e-05,1248.77
6,5020,0.150321,2.94441088e-05,1249.25
6,5022,0.173671,2.94407764e-05,1249.77
6,5024,0.194557,2.94374440e-05,1250.27
6,5026,0.166274,2.94341153e-05,1250.78
6,5028,0.175938,2.94307829e-05,1251.30
6,5030,0.161121,2.94274523e-05,1251.85
6,5032,0.148209,2.94241181e-05,1252.41
6,5034,0.162835,2.94207857e-05,1252.90
6,5036,0.170801,2.94174552e-05,1253.36
6,5038,0.184737,2.94141209e-05,1253.87
6,5040,0.171850,2.94107904e-05,1254.34
6,5042,0.179698,2.94074616e-05,1254.88
6,5044,0.183363,2.94041311e-05,1255.42
6,5046,0.192412,2.94007987e-05,1255.95
6,5048,0.204031,2.93974645e-05,1256.44
6,5050,0.184798,2.93941339e-05,1256.89
6,5052,0.201545,2.93908015e-05,1257.40
6,5054,0.165179,2.93874709e-05,1257.88
6,5056,0.182618,2.93841385e-05,1258.35
6,5058,0.177111,2.93808116e-05,1258.89
6,5060,0.143876,2.93774792e-05,1259.38
6,5062,0.182598,2.93741487e-05,1259.85
6,5064,0.177649,2.93708163e-05,1260.35
6,5066,0.198824,2.93674857e-05,1260.93
6,5068,0.196146,2.93641533e-05,1261.42
6,5070,0.179116,2.93608209e-05,1261.86
6,5072,0.190441,2.93574903e-05,1262.32
6,5074,0.186352,2.93541652e-05,1262.80
6,5076,0.183671,2.93508328e-05,1263.25
6,5078,0.186390,2.93475023e-05,1263.79
6,5080,0.173487,2.93441699e-05,1264.30
6,5082,0.203452,2.93408375e-05,1264.81
6,5084,0.201291,2.93375087e-05,1265.28
6,5086,0.159472,2.93341764e-05,1265.77
6,5088,0.178336,2.93308458e-05,1266.24
6,5090,0.155665,2.93275170e-05,1266.72
6,5092,0.186210,2.93241883e-05,1267.20
6,5094,0.182269,2.93208595e-05,1267.69
6,5096,0.178539,2.93175272e-05,1268.21
6,5098,0.179710,2.93141984e-05,1268.70
6,5100,0.195249,2.93108660e-05,1269.27
6,5102,0.196872,2.93075373e-05,1269.77
6,5104,0.175660,2.93042049e-05,1270.27
6,5106,0.157903,2.93008761e-05,1270.73
6,5108,0.170082,2.92975510e-05,1271.23
6,5110,0.166476,2.92942186e-05,1271.72
6,5112,0.168426,2.92908899e-05,1272.26
6,5114,0.171050,2.92875575e-05,1272.77
6,5116,0.189589,2.92842287e-05,1273.28
6,5118,0.183209,2.92808982e-05,1273.77
6,5120,0.189830,2.92775694e-05,1274.26
6,5122,0.158257,2.92742388e-05,1274.75
6,5124,0.179945,2.92709119e-05,1275.27
6,5126,0.196325,2.92675832e-05,1275.76
6,5128,0.148594,2.92642526e-05,1276.19
6,5130,0.150083,2.92609238e-05,1276.65
6,5132,0.189755,2.92575951e-05,1277.11
6,5134,0.179541,2.92542645e-05,1277.57
6,5136,0.146018,2.92509339e-05,1278.12
6,5138,0.164578,2.92476034e-05,1278.62
6,5140,0.166877,2.92442783e-05,1279.15
6,5142,0.180854,2.92409513e-05,1279.57
6,5144,0.151748,2.92376208e-05,1280.03
6,5146,0.165135,2.92342920e-05,1280.63
6,5148,0.199562,2.92309614e-05,1281.14
6,5150,0.169453,2.92276327e-05,1281.63
6,5152,0.158434,2.92243039e-05,1282.06
6,5154,0.160003,2.92209752e-05,1282.53
6,5156,0.162605,2.92176501e-05,1282.98
6,5158,0.167005,2.92143213e-05,1283.49
6,5160,0.158594,2.92109908e-05,1283.95
6,5162,0.177869,2.92076620e-05,1284.43
6,5164,0.174985,2.92043351e-05,1284.95
6,5166,0.194920,2.92010045e-05,1285.43
6,5168,0.186166,2.91976776e-05,1285.98
6,5170,0.155035,2.91943488e-05,1286.52
6,5172,0.194535,2.91910219e-05,1287.06
6,5174,0.186073,2.91876950e-05,1287.51
6,5176,0.169849,2.91843662e-05,1288.02
6,5178,0.167985,2.91810375e-05,1288.50
6,5180,0.160792,2.91777087e-05,1288.97
6,5182,0.158986,2.91743818e-05,1289.46
6,5184,0.192874,2.91710548e-05,1289.93
6,5186,0.198299,2.91677243e-05,1290.41
6,5188,0.176718,2.91643992e-05,1290.90
6,5190,0.164322,2.91610722e-05,1291.40
6,5192,0.148048,2.91577435e-05,1291.87
6,5194,0.164276,2.91544166e-05,1292.35
6,5196,0.165474,2.91510896e-05,1292.82
6,5198,0.170643,2.91477591e-05,1293.30
6,5200,0.194228,2.91444321e-05,1293.77
6,5202,0.189453,2.91411052e-05,1294.24
6,5204,0.177714,2.91377801e-05,1294.71
6,5206,0.167951,2.91344550e-05,1295.18
6,5208,0.190441,2.91311244e-05,1295.68
6,5210,0.193259,2.91277975e-05,1296.17
6,5212,0.173069,2.91244705e-05,1296.63
6,5214,0.147421,2.91211418e-05,1297.13
6,5216,0.158376,2.91178148e-05,1297.64
6,5218,0.178820,2.91144879e-05,1298.16
6,5220,0.152655,2.91111646e-05,1298.63
6,5222,0.192148,2.91078377e-05,1299.13
6,5224,0.191964,2.91045089e-05,1299.67
6,5226,0.178122,2.91011838e-05,1300.16
6,5228,0.168565,2.90978569e-05,1300.77
6,5230,0.171032,2.90945300e-05,1301.28
6,5232,0.176574,2.90912012e-05,1301.78
6,5234,0.193038,2.90878743e-05,1302.26
6,5236,0.159032,2.90845528e-05,1302.77
6,5238,0.183732,2.90812259e-05,1303.26
6,5240,0.212554,2.90778989e-05,1303.74
6,5242,0.167371,2.90745738e-05,1304.22
6,5244,0.188330,2.90712451e-05,1304.69
6,5246,0.162964,2.90679181e-05,1305.11
6,5248,0.152106,2.90645930e-05,1305.65
6,5250,0.155979,2.90612661e-05,1306.08
6,5252,0.159938,2.90579446e-05,1306.61
6,5254,0.177681,2.90546177e-05,1307.15
6,5256,0.155976,2.90512908e-05,1307.67
6,5258,0.196628,2.90479638e-05,1308.19
6,5260,0.174432,2.90446387e-05,1308.66
6,5262,0.194772,2.90413118e-05,1309.22
6,5264,0.153792,2.90379867e-05,1309.73
6,5266,0.170602,2.90346597e-05,1310.21
6,5268,0.212497,2.90313383e-05,1310.71
6,5270,0.172812,2.90280113e-05,1311.19
6,5272,0.190690,2.90246862e-05,1311.78
6,5274,0.169343,2.90213593e-05,1312.35
6,5276,0.190413,2.90180342e-05,1312.87
6,5278,0.173331,2.90147091e-05,1313.34
6,5280,0.163525,2.90113840e-05,1313.79
6,5282,0.166994,2.90080570e-05,1314.28
6,5284,0.147238,2.90047374e-05,1314.72
6,5286,0.158451,2.90014123e-05,1315.29
6,5288,0.192839,2.89980853e-05,1315.79
6,5290,0.185252,2.89947602e-05,1316.33
6,5292,0.172329,2.89914351e-05,1316.79
6,5294,0.181997,2.89881100e-05,1317.29
6,5296,0.190912,2.89847849e-05,1317.77
6,5298,0.157941,2.89814598e-05,1318.23
6,5300,0.172907,2.89781383e-05,1318.71
6,5302,0.169682,2.89748132e-05,1319.25
6,5304,0.195173,2.89714881e-05,1319.75
6,5306,0.209117,2.89681630e-05,1320.31
6,5308,0.170323,2.89648397e-05,1320.77
6,5310,0.147599,2.89615127e-05,1321.29
6,5312,0.179266,2.89581876e-05,1321.83
6,5314,0.189608,2.89548643e-05,1322.32
6,5316,0.171339,2.89515428e-05,1322.80
6,5318,0.189617,2.89482177e-05,1323.34
6,5320,0.171558,2.89448926e-05,1323.84
6,5322,0.185811,2.89415693e-05,1324.37
6,5324,0.156947,2.89382442e-05,1324.86
6,5326,0.163087,2.89349209e-05,1325.39
6,5328,0.173248,2.89315958e-05,1325.99
6,5330,0.162080,2.89282725e-05,1326.44
6,5332,0.180831,2.89249510e-05,1326.99
6,5334,0.168642,2.89216277e-05,1327.44
6,5336,0.167701,2.89183026e-05,1327.98
6,5338,0.171061,2.89149793e-05,1328.51
6,5340,0.207761,2.89116560e-05,1328.98
6,5342,0.174758,2.89083309e-05,1329.41
6,5344,0.180853,2.89050076e-05,1329.88
6,5346,0.190091,2.89016843e-05,1330.31
6,5348,0.165127,2.88983647e-05,1330.82
6,5350,0.163622,2.88950414e-05,1331.33
6,5352,0.174328,2.88917163e-05,1331.84
6,5354,0.207808,2.88883930e-05,1332.33
6,5356,0.184227,2.88850697e-05,1332.90
6,5358,0.152869,2.88817464e-05,1333.42
6,5360,0.146954,2.88784231e-05,1333.94
6,5362,0.184019,2.88750998e-05,1334.43
6,5364,0.201527,2.88717820e-05,1334.87
6,5366,0.178104,2.88684587e-05,1335.34
6,5368,0.179678,2.88651354e-05,1335.83
6,5370,0.193840,2.88618121e-05,1336.30
6,5372,0.174291,2.88584888e-05,1336.80
6,5374,0.163801,2.88551655e-05,1337.25
6,5376,0.175855,2.88518422e-05,1337.71
6,5378,0.186860,2.88485189e-05,1338.16
6,5380,0.164065,2.88451993e-05,1338.72
6,5382,0.170755,2.88418778e-05,1339.21
6,5384,0.177239,2.88385545e-05,1339.79
6,5386,0.144831,2.88352312e-05,1340.27
6,5388,0.151189,2.88319115e-05,1340.79
6,5390,0.188563,2.88285883e-05,1341.29
6,5392,0.192431,2.88252650e-05,1341.80
6,5394,0.206430,2.88219435e-05,1342.29
6,5396,0.182869,2.88186238e-05,1342.77
6,5398,0.175814,2.88153005e-05,1343.24
6,5400,0.166122,2.88119791e-05,1343.67
6,5402,0.170783,2.88086576e-05,1344.14
6,5404,0.162284,2.88053343e-05,1344.62
6,5406,0.172892,2.88020110e-05,1345.10
6,5408,0.155415,2.87986913e-05,1345.62
6,5410,0.177743,2.87953699e-05,1346.11
6,5412,0.147442,2.87920520e-05,1346.59
6,5414,0.216019,2.87887287e-05,1347.11
6,5416,0.169749,2.87854073e-05,1347.56
6,5418,0.201007,2.87820840e-05,1348.09
6,5420,0.153956,2.87787643e-05,1348.62
6,5422,0.174423,2.87754428e-05,1349.09
6,5424,0.164314,2.87721214e-05,1349.59
6,5426,0.180077,2.87687999e-05,1350.10
6,5428,0.168192,2.87654839e-05,1350.62
6,5430,0.151120,2.87621624e-05,1351.08
6,5432,0.172919,2.87588391e-05,1351.60
6,5434,0.151185,2.87555176e-05,1352.11
6,5436,0.210754,2.87521962e-05,1352.55
6,5438,0.203560,2.87488747e-05,1353.02
6,5440,0.193647,2.87455532e-05,1353.54
6,5442,0.187913,2.87422336e-05,1354.04
6,5444,0.152559,2.87389175e-05,1354.51
6,5446,0.167298,2.87355961e-05,1354.99
6,5448,0.208362,2.87322764e-05,1355.45
6,5450,0.174960,2.87289549e-05,1355.93
6,5452,0.184898,2.87256335e-05,1356.40
6,5454,0.147022,2.87223120e-05,1356.93
6,5456,0.167816,2.87189905e-05,1357.39
6,5458,0.180769,2.87156727e-05,1357.91
6,5460,0.144799,2.87123548e-05,1358.37
6,5462,0.199730,2.87090334e-05,1358.86
6,5464,0.170879,2.87057137e-05,1359.35
6,5466,0.176432,2.87023940e-05,1359.80
6,5468,0.175687,2.86990726e-05,1360.33
6,5470,0.195025,2.86957529e-05,1360.82
6,5472,0.163670,2.86924333e-05,1361.32
6,5474,0.179219,2.86891136e-05,1361.81
6,5476,0.166307,2.86857958e-05,1362.26
6,5478,0.164317,2.86824761e-05,1362.80
6,5480,0.178584,2.86791583e-05,1363.24
6,5482,0.160693,2.86758368e-05,1363.71
6,5484,0.192400,2.86725171e-05,1364.18
6,5486,0.178225,2.86691975e-05,1364.65
6,5488,0.194242,2.86658778e-05,1365.12
6,5490,0.188206,2.86625582e-05,1365.62
6,5492,0.186317,2.86592440e-05,1366.10
6,5494,0.190471,2.86559225e-05,1366.57
6,5496,0.181909,2.86526029e-05,1367.07
6,5498,0.151474,2.86492832e-05,1367.58
6,5500,0.191363,2.86459654e-05,1368.06
6,5502,0.166647,2.86426457e-05,1368.55
6,5504,0.186327,2.86393260e-05,1369.04
6,5506,0.164796,2.86360082e-05,1369.50
6,5508,0.154067,2.86326922e-05,1370.00
6,5510,0.168023,2.86293744e-05,1370.46
6,5512,0.195081,2.86260547e-05,1370.92
6,5514,0.139050,2.86227350e-05,1371.39
6,5516,0.176681,2.86194154e-05,1371.85
6,5518,0.202379,2.86160976e-05,1372.32
6,5520,0.205258,2.86127779e-05,1372.74
6,5522,0.145453,2.86094582e-05,1373.22
6,5524,0.173200,2.86061459e-05,1373.72
6,5526,0.171460,2.86028262e-05,1374.17
6,5528,0.151542,2.85995084e-05,1374.69
6,5530,0.157556,2.85961905e-05,1375.18
6,5532,0.163238,2.85928727e-05,1375.67
6,5534,0.171942,2.85895530e-05,1376.16
6,5536,0.194384,2.85862352e-05,1376.65
6,5538,0.171177,2.85829174e-05,1377.16
6,5540,0.186710,2.85796013e-05,1377.65
6,5542,0.163362,2.85762853e-05,1378.13
6,5544,0.205563,2.85729657e-05,1378.68
6,5546,0.175942,2.85696478e-05,1379.20
6,5548,0.179156,2.85663300e-05,1379.70
6,5550,0.185128,2.85630122e-05,1380.22
6,5552,0.171526,2.85596961e-05,1380.73
6,5554,0.186018,2.85563765e-05,1381.29
6,5556,0.188866,2.85530641e-05,1381.74
6,5558,0.164532,2.85497445e-05,1382.24
6,5560,0.180003,2.85464284e-05,1382.73
6,5562,0.188535,2.85431106e-05,1383.19
6,5564,0.200513,2.85397928e-05,1383.75
6,5566,0.170338,2.85364767e-05,1384.23
6,5568,0.156291,2.85331589e-05,1384.70
6,5570,0.186971,2.85298429e-05,1385.15
6,5572,0.180319,2.85265269e-05,1385.68
6,5574,0.167429,2.85232109e-05,1386.21
6,5576,0.146262,2.85198930e-05,1386.68
6,5578,0.178823,2.85165770e-05,1387.17
6,5580,0.184861,2.85132592e-05,1387.65
6,5582,0.206643,2.85099431e-05,1388.16
6,5584,0.188389,2.85066253e-05,1388.68
6,5586,0.187357,2.85033111e-05,1389.13
6,5588,0.164138,2.84999987e-05,1389.65
6,5590,0.153469,2.84966809e-05,1390.16
6,5592,0.157508,2.84933649e-05,1390.61
6,5594,0.168128,2.84900470e-05,1391.15
6,5596,0.185606,2.84867292e-05,1391.63
6,5598,0.157542,2.84834132e-05,1392.12
6,5600,0.167835,2.84800990e-05,1392.61
6,5602,0.172142,2.84767812e-05,1393.20
6,5604,0.154091,2.84734706e-05,1393.68
6,5606,0.163010,2.84701528e-05,1394.17
6,5608,0.174152,2.84668367e-05,1394.68
6,5610,0.184965,2.84635207e-05,1395.25
6,5612,0.160868,2.84602047e-05,1395.73
6,5614,0.161134,2.84568887e-05,1396.21
6,5616,0.172795,2.84535727e-05,1396.75
6,5618,0.153098,2.84502585e-05,1397.30
6,5620,0.190347,2.84469425e-05,1397.81
6,5622,0.161837,2.84436301e-05,1398.33
6,5624,0.185599,2.84403159e-05,1398.86
6,5626,0.189576,2.84369999e-05,1399.33
6,5628,0.181859,2.84336838e-05,1399.86
6,5630,0.160228,2.84303678e-05,1400.38
6,5632,0.143275,2.84270536e-05,1400.83
6,5634,0.161482,2.84237358e-05,1401.28
6,5636,0.189111,2.84204216e-05,1401.83
6,5638,0.160093,2.84171110e-05,1402.33
6,5640,0.179057,2.84137950e-05,1402.81
6,5642,0.197121,2.84104808e-05,1403.39
6,5644,0.144286,2.84071666e-05,1403.87
6,5646,0.192643,2.84038506e-05,1404.36
6,5648,0.211517,2.84005364e-05,1404.81
6,5650,0.175053,2.83972204e-05,1405.31
6,5652,0.167717,2.83939062e-05,1405.81
6,5654,0.178742,2.83905956e-05,1406.34
6,5656,0.181823,2.83872814e-05,1406.81
6,5658,0.168447,2.83839654e-05,1407.28
6,5660,0.167266,2.83806530e-05,1407.76
6,5662,0.185024,2.83773388e-05,1408.25
6,5664,0.194920,2.83740228e-05,1408.70
6,5666,0.186666,2.83707086e-05,1409.14
6,5668,0.136699,2.83673926e-05,1409.62
6,5670,0.169883,2.83640838e-05,1410.11
6,5672,0.206273,2.83607696e-05,1410.59
6,5674,0.184014,2.83574554e-05,1411.09
6,5676,0.179204,2.83541413e-05,1411.52
6,5678,0.183572,2.83508289e-05,1411.99
6,5680,0.185186,2.83475147e-05,1412.52
6,5682,0.167567,2.83441987e-05,1413.01
6,5684,0.209745,2.83408863e-05,1413.57
6,5686,0.162171,2.83375775e-05,1414.18
6,5688,0.193609,2.83342633e-05,1414.70
6,5690,0.141726,2.83309491e-05,1415.30
6,5692,0.156144,2.83276349e-05,1415.80
6,5694,0.174378,2.83243226e-05,1416.27
6,5696,0.176979,2.83210102e-05,1416.75
6,5698,0.175129,2.83176960e-05,1417.29
6,5700,0.163308,2.83143818e-05,1417.75
6,5702,0.164242,2.83110730e-05,1418.24
6,5704,0.172913,2.83077607e-05,1418.75
6,5706,0.184265,2.83044483e-05,1419.27
6,5708,0.187294,2.83011341e-05,1419.76
6,5710,0.196255,2.82978217e-05,1420.25
6,5712,0.164833,2.82945093e-05,1420.74
6,5714,0.152885,2.82911933e-05,1421.37
6,5716,0.166742,2.82878827e-05,1421.85
6,5718,0.170704,2.82845740e-05,1422.35
6,5720,0.182377,2.82812616e-05,1422.88
6,5722,0.158411,2.82779492e-05,1423.34
6,5724,0.178353,2.82746369e-05,1423.83
6,5726,0.167418,2.82713227e-05,1424.29
6,5728,0.164997,2.82680103e-05,1424.78
6,5730,0.210591,2.82646997e-05,1425.25
6,5732,0.186155,2.82613873e-05,1425.67
6,5734,0.160392,2.82580786e-05,1426.13
6,5736,0.162746,2.82547662e-05,1426.63
6,5738,0.172472,2.82514538e-05,1427.13
6,5740,0.184586,2.82481415e-05,1427.61
6,5742,0.168296,2.82448309e-05,1428.04
6,5744,0.171686,2.82415185e-05,1428.53
6,5746,0.178669,2.82382061e-05,1429.01
6,5748,0.167998,2.82348956e-05,1429.49
6,5750,0.188340,2.82315887e-05,1430.06
6,5752,0.170990,2.82282745e-05,1430.63
6,5754,0.180608,2.82249621e-05,1431.13
6,5756,0.167354,2.82216515e-05,1431.61
6,5758,0.198687,2.82183410e-05,1432.04
6,5760,0.173802,2.82150286e-05,1432.51
6,5762,0.192671,2.82117180e-05,1432.99
6,5764,0.160142,2.82084075e-05,1433.47
6,5766,0.172457,2.82051005e-05,1434.00
6,5768,0.189396,2.82017900e-05,1434.48
6,5770,0.160181,2.81984758e-05,1434.98
6,5772,0.148050,2.81951652e-05,1435.48
6,5774,0.161685,2.81918547e-05,1435.99
6,5776,0.162826,2.81885441e-05,1436.56
6,5778,0.189687,2.81852335e-05,1437.12
6,5780,0.160454,2.81819230e-05,1437.63
6,5782,0.157229,2.81786160e-05,1438.18
6,5784,0.162968,2.81753055e-05,1438.70
6,5786,0.138385,2.81719949e-05,1439.19
6,5788,0.189484,2.81686844e-05,1439.64
6,5790,0.158625,2.81653738e-05,1440.22
6,5792,0.173794,2.81620651e-05,1440.76
6,5794,0.200770,2.81587527e-05,1441.24
6,5796,0.161908,2.81554439e-05,1441.82
6,5798,0.157479,2.81521370e-05,1442.30
6,5800,0.169564,2.81488265e-05,1442.86
6,5802,0.160775,2.81455177e-05,1443.34
6,5804,0.183969,2.81422072e-05,1443.84
6,5806,0.182443,2.81388966e-05,1444.35
6,5808,0.167919,2.81355879e-05,1444.82
6,5810,0.157379,2.81322773e-05,1445.30
6,5812,0.182460,2.81289686e-05,1445.81
6,5814,0.145207,2.81256616e-05,1446.31
6,5816,0.160737,2.81223529e-05,1446.80
6,5818,0.193017,2.81190423e-05,1447.32
6,5820,0.185359,2.81157336e-05,1447.81
6,5822,0.142630,2.81124230e-05,1448.27
6,5824,0.210069,2.81091143e-05,1448.80
6,5826,0.184086,2.81058055e-05,1449.32
6,5828,0.193658,2.81024968e-05,1449.78
6,5830,0.169447,2.80991899e-05,1450.31
6,5832,0.157985,2.80958811e-05,1450.78
6,5834,0.179199,2.80925724e-05,1451.33
6,5836,0.171230,2.80892618e-05,1451.82
6,5838,0.190287,2.80859531e-05,1452.35
6,5840,0.180738,2.80826443e-05,1452.83
6,5842,0.175072,2.80793356e-05,1453.31
6,5844,0.184888,2.80760269e-05,1453.85
6,5846,0.173677,2.80727236e-05,1454.30
6,5848,0.174806,2.80694148e-05,1454.83
6,5850,0.135807,2.80661061e-05,1455.29
6,5852,0.173015,2.80627974e-05,1455.82
6,5854,0.155224,2.80594886e-05,1456.31
6,5856,0.141725,2.80561817e-05,1456.82
6,5858,0.195073,2.80528729e-05,1457.30
6,5860,0.191854,2.80495642e-05,1457.83
6,5862,0.167249,2.80462591e-05,1458.34
6,5864,0.187302,2.80429540e-05,1458.84
6,5866,0.165387,2.80396453e-05,1459.30
6,5868,0.152027,2.80363365e-05,1459.81
6,5870,0.158969,2.80330278e-05,1460.28
6,5872,0.191698,2.80297209e-05,1460.77
6,5874,0.152214,2.80264121e-05,1461.22
6,5876,0.181396,2.80231052e-05,1461.66
6,5878,0.167579,2.80198001e-05,1462.15
6,5880,0.148875,2.80164950e-05,1462.61
6,5882,0.166352,2.80131862e-05,1463.09
6,5884,0.172018,2.80098793e-05,1463.56
6,5886,0.170274,2.80065706e-05,1464.05
6,5888,0.144557,2.80032637e-05,1464.60
6,5890,0.171564,2.79999567e-05,1465.12
6,5892,0.178102,2.79966480e-05,1465.60
6,5894,0.154341,2.79933465e-05,1466.17
6,5896,0.177673,2.79900396e-05,1466.66
6,5898,0.163955,2.79867327e-05,1467.14
6,5900,0.188836,2.79834258e-05,1467.62
6,5902,0.158105,2.79801188e-05,1468.14
6,5904,0.170607,2.79768137e-05,1468.68
6,5906,0.177439,2.79735050e-05,1469.16
6,5908,0.178830,2.79701981e-05,1469.63
6,5910,0.188253,2.79668966e-05,1470.12
6,5912,0.199771,2.79635897e-05,1470.60
6,5914,0.149209,2.79602828e-05,1471.13
6,5916,0.197107,2.79569758e-05,1471.64
6,5918,0.154724,2.79536689e-05,1472.10
6,5920,0.175735,2.79503656e-05,1472.63
6,5922,0.179188,2.79470587e-05,1473.14
6,5924,0.186737,2.79437518e-05,1473.69
6,5926,0.170392,2.79404503e-05,1474.20
6,5928,0.161887,2.79371434e-05,1474.70
6,5930,0.171833,2.79338383e-05,1475.19
6,5932,0.126993,2.79305314e-05,1475.65
6,5934,0.175293,2.79272263e-05,1476.16
6,5936,0.172706,2.79239212e-05,1476.69
6,5938,0.158180,2.79206142e-05,1477.15
6,5940,0.199279,2.79173091e-05,1477.62
6,5942,0.136435,2.79140077e-05,1478.12
6,5944,0.163145,2.79107026e-05,1478.57
6,5946,0.179414,2.79073956e-05,1479.08
6,5948,0.181214,2.79040923e-05,1479.55
6,5950,0.176714,2.79007854e-05,1480.02
6,5952,0.208932,2.78974803e-05,1480.48
6,5954,0.169597,2.78941770e-05,1480.95
6,5956,0.130058,2.78908719e-05,1481.45
6,5958,0.181008,2.78875686e-05,1482.02
6,5960,0.213208,2.78842654e-05,1482.50
6,5962,0.181327,2.78809603e-05,1482.95
6,5964,0.201094,2.78776570e-05,1483.45
6,5966,0.177240,2.78743501e-05,1483.90
6,5968,0.176951,2.78710449e-05,1484.39
6,5970,0.155623,2.78677398e-05,1484.89
6,5972,0.171843,2.78644366e-05,1485.37
6,5974,0.189960,2.78611351e-05,1485.89
6,5976,0.200751,2.78578318e-05,1486.38
6,5978,0.195922,2.78545267e-05,1486.90
6,5980,0.200571,2.78512216e-05,1487.39
6,5982,0.169637,2.78479183e-05,1487.95
6,5984,0.194098,2.78446150e-05,1488.44
6,5986,0.180586,2.78413117e-05,1488.93
6,5988,0.188211,2.78380066e-05,1489.43
6,5990,0.148428,2.78347070e-05,1489.94
6,5992,0.183279,2.78314037e-05,1490.40
6,5994,0.182230,2.78280986e-05,1490.86
6,5996,0.186323,2.78247953e-05,1491.41
6,5998,0.214527,2.78214920e-05,1491.90
6,6000,0.167912,2.78181888e-05,1492.40
6,6002,0.188443,2.78148855e-05,1493.00
6,6004,0.197586,2.78115804e-05,1493.48
6,6006,0.142411,2.78082807e-05,1493.94
6,6008,0.178898,2.78049774e-05,1494.42
6,6010,0.173128,2.78016760e-05,1494.85
6,6012,0.168737,2.77983709e-05,1495.33
6,6014,0.181837,2.77950694e-05,1495.83
6,6016,0.205240,2.77917661e-05,1496.41
6,6018,0.162979,2.77884628e-05,1496.91
6,6020,0.183668,2.77851595e-05,1497.40
6,6022,0.140933,2.77818617e-05,1497.85
6,6024,0.168538,2.77785566e-05,1498.39
6,6026,0.173851,2.77752551e-05,1498.90
6,6028,0.143759,2.77719519e-05,1499.39
6,6030,0.203505,2.77686504e-05,1499.88
6,6032,0.172340,2.77653471e-05,1500.43
6,6034,0.187422,2.77620456e-05,1500.89
6,6036,0.166994,2.77587424e-05,1501.42
6,6038,0.186303,2.77554445e-05,1501.89
6,6040,0.169287,2.77521412e-05,1502.37
6,6042,0.170366,2.77488398e-05,1502.84
6,6044,0.174391,2.77455365e-05,1503.37
6,6046,0.167184,2.77422350e-05,1503.91
6,6048,0.184259,2.77389317e-05,1504.41
6,6050,0.180468,2.77356321e-05,1504.87
6,6052,0.174745,2.77323306e-05,1505.38
6,6054,0.153117,2.77290310e-05,1505.85
6,6056,0.188497,2.77257313e-05,1506.37
6,6058,0.173848,2.77224281e-05,1506.89
6,6060,0.178367,2.77191266e-05,1507.38
6,6062,0.166528,2.77158269e-05,1507.90
6,6064,0.146975,2.77125237e-05,1508.38
6,6066,0.181396,2.77092240e-05,1508.89
6,6068,0.208697,2.77059207e-05,1509.42
6,6070,0.179007,2.77026247e-05,1509.92
6,6072,0.185120,2.76993233e-05,1510.41
6,6074,0.191084,2.76960218e-05,1510.95
6,6076,0.158115,2.76927203e-05,1511.46
6,6078,0.155704,2.76894189e-05,1511.89
6,6080,0.187793,2.76861192e-05,1512.37
6,6082,0.170225,2.76828196e-05,1512.94
6,6084,0.215850,2.76795163e-05,1513.47
6,6086,0.175438,2.76762203e-05,1513.99
6,6088,0.206135,2.76729206e-05,1514.47
6,6090,0.171617,2.76696192e-05,1514.96
6,6092,0.197027,2.76663195e-05,1515.44
6,6094,0.154346,2.76630199e-05,1515.89
6,6096,0.157615,2.76597166e-05,1516.38
6,6098,0.177706,2.76564169e-05,1516.86
6,6100,0.167484,2.76531191e-05,1517.29
6,6102,0.171601,2.76498213e-05,1517.81
6,6104,0.170572,2.76465216e-05,1518.32
6,6106,0.194756,2.76432220e-05,1518.80
6,6108,0.167885,2.76399205e-05,1519.29
6,6110,0.166385,2.76366209e-05,1519.76
6,6112,0.177296,2.76333230e-05,1520.24
6,6114,0.157260,2.76300216e-05,1520.74
6,6116,0.194093,2.76267219e-05,1521.24
6,6118,0.184145,2.76234259e-05,1521.73
6,6120,0.190576,2.76201281e-05,1522.24
6,6122,0.186262,2.76168266e-05,1522.74
6,6124,0.168655,2.76135288e-05,1523.19
6,6126,0.150286,2.76102292e-05,1523.71
6,6128,0.176383,2.76069277e-05,1524.24
6,6130,0.155274,2.76036299e-05,1524.75
6,6132,0.157444,2.76003320e-05,1525.25
6,6134,0.161682,2.75970360e-05,1525.75
6,6136,0.174212,2.75937382e-05,1526.28
6,6138,0.176410,2.75904367e-05,1526.75
6,6140,0.202026,2.75871389e-05,1527.32
6,6142,0.157633,2.75838411e-05,1527.82
6,6144,0.146385,2.75805432e-05,1528.33
6,6146,0.172956,2.75772418e-05,1528.79
6,6148,0.164245,2.75739440e-05,1529.21
6,6150,0.160667,2.75706498e-05,1529.72
6,6152,0.203006,2.75673519e-05,1530.21
6,6154,0.172855,2.75640541e-05,1530.70
6,6156,0.179403,2.75607563e-05,1531.16
6,6158,0.153439,2.75574566e-05,1531.64
6,6160,0.167567,2.75541588e-05,1532.16
6,6162,0.150641,2.75508610e-05,1532.65
6,6164,0.154410,2.75475631e-05,1533.12
6,6166,0.166105,2.75442635e-05,1533.65
6,6168,0.179445,2.75409711e-05,1534.15
6,6170,0.187743,2.75376715e-05,1534.69
6,6172,0.170290,2.75343755e-05,1535.11
6,6174,0.176764,2.75310776e-05,1535.60
6,6176,0.195153,2.75277798e-05,1536.07
6,6178,0.178499,2.75244820e-05,1536.57
6,6180,0.173003,2.75211860e-05,1537.04
6,6182,0.180993,2.75178863e-05,1537.52
6,6184,0.163241,2.75145958e-05,1538.02
6,6186,0.154475,2.75112961e-05,1538.50
6,6188,0.154539,2.75079983e-05,1539.02
6,6190,0.185204,2.75047023e-05,1539.53
6,6192,0.162651,2.75014063e-05,1539.98
6,6194,0.168066,2.74981085e-05,1540.48
6,6196,0.189468,2.74948125e-05,1540.95
6,6198,0.173499,2.74915128e-05,1541.52
6,6200,0.159120,2.74882223e-05,1542.00
6,6202,0.187111,2.74849262e-05,1542.52
6,6204,0.152690,2.74816302e-05,1543.02
6,6206,0.160176,2.74783306e-05,1543.51
6,6208,0.190660,2.74750346e-05,1543.97
6,6210,0.161934,2.74717386e-05,1544.53
6,6212,0.200576,2.74684426e-05,1545.10
6,6214,0.169811,2.74651466e-05,1545.52
6,6216,0.149121,2.74618542e-05,1546.00
6,6218,0.163155,2.74585564e-05,1546.49
6,6220,0.157021,2.74552622e-05,1546.96
6,6222,0.198711,2.74519662e-05,1547.47
6,6224,0.142302,2.74486702e-05,1547.97
6,6226,0.153388,2.74453741e-05,1548.43
6,6228,0.161299,2.74420781e-05,1548.93
6,6230,0.145196,2.74387821e-05,1549.38
6,6232,0.157916,2.74354916e-05,1549.87
6,6234,0.148074,2.74321956e-05,1550.35
6,6236,0.182852,2.74288996e-05,1550.82
6,6238,0.162271,2.74256035e-05,1551.28
6,6240,0.196601,2.74223094e-05,1551.78
6,6242,0.158327,2.74190133e-05,1552.23
6,6244,0.173942,2.74157192e-05,1552.73
6,6246,0.190797,2.74124232e-05,1553.21
6,6248,0.174752,2.74091308e-05,1553.70
6,6250,0.124751,2.74058366e-05,1554.19
6,6252,0.183571,2.74025424e-05,1554.70
6,6254,0.150081,2.73992464e-05,1555.16
6,6256,0.179676,2.73959522e-05,1555.65
6,6258,0.177360,2.73926580e-05,1556.20
6,6260,0.179300,2.73893620e-05,1556.72
6,6262,0.155545,2.73860678e-05,1557.22
6,6264,0.173760,2.73827791e-05,1557.70
6,6266,0.162683,2.73794831e-05,1558.21
6,6268,0.170529,2.73761889e-05,1558.77
6,6270,0.164003,2.73728947e-05,1559.23
6,6272,0.148237,2.73696005e-05,1559.75
6,6274,0.157510,2.73663063e-05,1560.23
6,6276,0.183253,2.73630121e-05,1560.77
6,6278,0.177645,2.73597179e-05,1561.36
6,6280,0.166038,2.73564292e-05,1561.94
6,6282,0.182435,2.73531350e-05,1562.40
6,6284,0.167125,2.73498408e-05,1563.02
6,6286,0.189075,2.73465466e-05,1563.55
6,6288,0.171128,2.73432524e-05,1564.02
6,6290,0.180503,2.73399583e-05,1564.54
6,6292,0.160218,2.73366659e-05,1564.98
6,6294,0.152198,2.73333717e-05,1565.46
6,6296,0.162627,2.73300830e-05,1565.92
6,6298,0.154197,2.73267906e-05,1566.45
6,6300,0.152624,2.73234964e-05,1566.94
6,6302,0.183761,2.73202022e-05,1567.44
6,6304,0.197281,2.73169098e-05,1567.92
6,6306,0.194409,2.73136175e-05,1568.35
6,6308,0.201062,2.73103233e-05,1568.83
6,6310,0.168161,2.73070309e-05,1569.29
6,6312,0.162906,2.73037422e-05,1569.76
6,6314,0.178134,2.73004498e-05,1570.29
6,6316,0.161676,2.72971556e-05,1570.77
6,6318,0.165104,2.72938651e-05,1571.25
6,6320,0.191708,2.72905727e-05,1571.77
6,6322,0.187099,2.72872785e-05,1572.26
6,6324,0.183198,2.72839861e-05,1572.69
6,6326,0.185466,2.72806938e-05,1573.14
6,6328,0.155402,2.72774068e-05,1573.69
6,6330,0.153842,2.72741145e-05,1574.22
6,6332,0.189438,2.72708221e-05,1574.69
6,6334,0.142241,2.72675316e-05,1575.18
6,6336,0.157480,2.72642392e-05,1575.68
6,6338,0.138609,2.72609468e-05,1576.13
6,6340,0.193092,2.72576544e-05,1576.59
6,6342,0.174201,2.72543621e-05,1577.15
6,6344,0.181413,2.72510752e-05,1577.64
6,6346,0.141109,2.72477828e-05,1578.15
6,6348,0.165351,2.72444904e-05,1578.70
6,6350,0.175889,2.72411999e-05,1579.20
6,6352,0.173807,2.72379093e-05,1579.76
6,6354,0.173760,2.72346169e-05,1580.22
6,6356,0.154340,2.72313282e-05,1580.73
6,6358,0.205376,2.72280358e-05,1581.24
6,6360,0.188487,2.72247471e-05,1581.76
6,6362,0.153671,2.72214584e-05,1582.23
6,6364,0.187303,2.72181660e-05,1582.72
6,6366,0.145587,2.72148754e-05,1583.18
6,6368,0.154221,2.72115849e-05,1583.70
6,6370,0.178491,2.72082943e-05,1584.20
6,6372,0.185927,2.72050038e-05,1584.70
6,6374,0.189840,2.72017114e-05,1585.19
6,6376,0.177539,2.71984263e-05,1585.69
6,6378,0.170754,2.71951358e-05,1586.29
6,6380,0.152693,2.71918452e-05,1586.82
6,6382,0.197470,2.71885547e-05,1587.31
6,6384,0.182041,2.71852641e-05,1587.80
6,6386,0.162568,2.71819754e-05,1588.26
6,6388,0.168017,2.71786848e-05,1588.70
6,6390,0.134403,2.71753925e-05,1589.16
6,6392,0.149486,2.71721092e-05,1589.68
6,6394,0.176710,2.71688168e-05,1590.15
6,6396,0.190625,2.71655299e-05,1590.62
6,6398,0.171040,2.71622375e-05,1591.18
6,6400,0.183077,2.71589506e-05,1591.64
6,6402,0.209544,2.71556601e-05,1592.21
6,6404,0.159183,2.71523695e-05,1592.72
6,6406,0.174125,2.71490808e-05,1593.23
6,6408,0.156719,2.71457939e-05,1593.74
6,6410,0.182867,2.71425070e-05,1594.28
6,6412,0.164973,2.71392164e-05,1594.81
6,6414,0.161067,2.71359277e-05,1595.31
6,6416,0.152785,2.71326389e-05,1595.75
6,6418,0.143091,2.71293502e-05,1596.25
6,6420,0.171395,2.71260596e-05,1596.77
6,6422,0.188971,2.71227727e-05,1597.22
6,6424,0.185103,2.71194876e-05,1597.71
6,6426,0.187477,2.71161989e-05,1598.16
6,6428,0.165983,2.71129102e-05,1598.64
6,6430,0.180972,2.71096214e-05,1599.14
6,6432,0.178574,2.71063327e-05,1599.65
6,6434,0.169365,2.71030458e-05,1600.14
6,6436,0.178138,2.70997571e-05,1600.69
6,6438,0.175459,2.70964683e-05,1601.25
6,6440,0.166045,2.70931832e-05,1601.76
6,6442,0.189011,2.70898963e-05,1602.21
6,6444,0.154890,2.70866076e-05,1602.71
6,6446,0.201860,2.70833207e-05,1603.17
6,6448,0.145024,2.70800319e-05,1603.72
6,6450,0.131772,2.70767432e-05,1604.20
6,6452,0.191137,2.70734563e-05,1604.70
6,6454,0.173367,2.70701694e-05,1605.21
6,6456,0.166986,2.70668861e-05,1605.68
6,6458,0.190069,2.70635974e-05,1606.17
6,6460,0.194637,2.70603105e-05,1606.69
6,6462,0.195522,2.70570217e-05,1607.24
6,6464,0.201815,2.70537366e-05,1607.75
6,6466,0.148834,2.70504479e-05,1608.28
6,6468,0.191076,2.70471610e-05,1608.78
6,6470,0.164960,2.70438741e-05,1609.27
6,6472,0.144388,2.70405908e-05,1609.77
6,6474,0.213281,2.70373039e-05,1610.29
6,6476,0.169500,2.70340188e-05,1610.82
6,6478,0.175890,2.70307301e-05,1611.28
6,6480,0.169678,2.70274431e-05,1611.78
6,6482,0.166441,2.70241562e-05,1612.35
6,6484,0.155765,2.70208711e-05,1612.82
6,6486,0.152453,2.70175842e-05,1613.31
6,6488,0.187814,2.70143009e-05,1613.88
6,6490,0.184079,2.70110158e-05,1614.44
6,6492,0.154892,2.70077289e-05,1615.02
6,6494,0.170820,2.70044420e-05,1615.51
6,6496,0.154676,2.70011569e-05,1616.06
6,6498,0.191966,2.69978718e-05,1616.58
6,6500,0.205014,2.69945849e-05,1617.06
6,6502,0.178119,2.69912980e-05,1617.54
6,6504,0.191327,2.69880184e-05,1618.04
6,6506,0.186681,2.69847296e-05,1618.51
6,6508,0.175138,2.69814464e-05,1619.05
6,6510,0.184788,2.69781594e-05,1619.61
6,6512,0.164062,2.69748762e-05,1620.13
6,6514,0.167010,2.69715893e-05,1620.60
6,6516,0.173622,2.69683042e-05,1621.12
6,6518,0.189627,2.69650191e-05,1621.65
6,6520,0.188746,2.69617376e-05,1622.18
6,6522,0.208861,2.69584525e-05,1622.67
6,6524,0.165997,2.69551674e-05,1623.20
6,6526,0.170358,2.69518823e-05,1623.69
6,6528,0.174333,2.69485990e-05,1624.21
6,6530,0.157456,2.69453121e-05,1624.69
6,6532,0.180498,2.69420270e-05,1625.19
6,6534,0.192431,2.69387438e-05,1625.67
6,6536,0.154132,2.69354623e-05,1626.15
6,6538,0.190052,2.69321772e-05,1626.61
6,6540,0.198925,2.69288921e-05,1627.12
6,6542,0.155388,2.69256088e-05,1627.63
6,6544,0.174282,2.69223256e-05,1628.08
6,6546,0.156904,2.69190423e-05,1628.61
6,6548,0.165277,2.69157554e-05,1629.13
6,6550,0.159355,2.69124721e-05,1629.67
6,6552,0.177605,2.69091925e-05,1630.14
6,6554,0.173266,2.69059074e-05,1630.66
6,6556,0.196481,2.69026241e-05,1631.18
6,6558,0.184900,2.68993390e-05,1631.72
6,6560,0.163826,2.68960557e-05,1632.27
6,6562,0.190136,2.68927724e-05,1632.84
6,6564,0.178296,2.68894892e-05,1633.36
6,6566,0.159116,2.68862059e-05,1633.95
6,6568,0.159293,2.68829262e-05,1634.47
6,6570,0.148721,2.68796430e-05,1635.03
6,6572,0.178613,2.68763597e-05,1635.50
6,6574,0.175325,2.68730764e-05,1635.99
6,6576,0.178066,2.68697931e-05,1636.46
6,6578,0.187211,2.68665117e-05,1636.96
6,6580,0.146427,2.68632284e-05,1637.45
6,6582,0.169447,2.68599451e-05,1637.96
6,6584,0.155307,2.68566655e-05,1638.39
6,6586,0.172357,2.68533840e-05,1638.86
6,6588,0.182900,2.68501008e-05,1639.38
6,6590,0.158875,2.68468193e-05,1639.87
6,6592,0.176263,2.68435342e-05,1640.36
6,6594,0.186856,2.68402528e-05,1640.83
6,6596,0.177275,2.68369713e-05,1641.29
6,6598,0.143657,2.68336880e-05,1641.85
6,6600,0.189071,2.68304102e-05,1642.33
6,6602,0.171531,2.68271287e-05,1642.85
6,6604,0.148081,2.68238455e-05,1643.34
6,6606,0.176089,2.68205640e-05,1643.83
6,6608,0.172949,2.68172826e-05,1644.30
6,6610,0.153203,2.68140011e-05,1644.77
6,6612,0.179938,2.68107196e-05,1645.30
6,6614,0.191010,2.68074364e-05,1645.82
6,6616,0.161214,2.68041604e-05,1646.40
6,6618,0.171652,2.68008771e-05,1646.92
6,6620,0.157976,2.67975975e-05,1647.40
6,6622,0.175358,2.67943142e-05,1647.92
6,6624,0.175416,2.67910345e-05,1648.43
6,6626,0.176928,2.67877531e-05,1648.94
6,6628,0.144727,2.67844716e-05,1649.50
6,6630,0.172939,2.67811902e-05,1650.00
6,6632,0.148714,2.67779124e-05,1650.44
6,6634,0.142840,2.67746327e-05,1650.94
6,6636,0.188499,2.67713513e-05,1651.41
6,6638,0.171016,2.67680698e-05,1651.92
6,6640,0.193864,2.67647902e-05,1652.35
6,6642,0.155884,2.67615087e-05,1652.83
6,6644,0.181594,2.67582291e-05,1653.30
6,6646,0.160731,2.67549476e-05,1653.77
6,6648,0.197302,2.67516734e-05,1654.23
6,6650,0.193109,2.67483938e-05,1654.75
6,6652,0.184407,2.67451123e-05,1655.21
6,6654,0.168494,2.67418327e-05,1655.71
6,6656,0.171173,2.67385512e-05,1656.18
6,6658,0.157886,2.67352716e-05,1656.65
6,6660,0.187310,2.67319920e-05,1657.10
6,6662,0.161251,2.67287123e-05,1657.58
6,6664,0.160973,2.67254363e-05,1658.04
6,6666,0.176431,2.67221585e-05,1658.56
6,6668,0.205708,2.67188771e-05,1659.06
6,6670,0.141505,2.67155974e-05,1659.51
6,6672,0.192850,2.67123178e-05,1659.97
6,6674,0.179648,2.67090381e-05,1660.41
6,6676,0.181577,2.67057585e-05,1660.87
6,6678,0.168355,2.67024807e-05,1661.39
6,6680,0.192866,2.66992065e-05,1661.95
6,6682,0.173520,2.66959269e-05,1662.39
6,6684,0.168912,2.66926472e-05,1662.97
6,6686,0.171594,2.66893676e-05,1663.44
6,6688,0.177376,2.66860879e-05,1663.99
6,6690,0.131877,2.66828101e-05,1664.52
6,6692,0.169008,2.66795305e-05,1665.05
6,6694,0.141777,2.66762545e-05,1665.61
6,6696,0.169278,2.66729785e-05,1666.12
6,6698,0.177044,2.66696989e-05,1666.64
6,6700,0.148494,2.66664210e-05,1667.14
6,6702,0.191140,2.66631450e-05,1667.61
6,6704,0.168810,2.66598654e-05,1668.05
6,6706,0.157510,2.66565876e-05,1668.54
6,6708,0.187383,2.66533098e-05,1668.98
6,6710,0.169101,2.66500301e-05,1669.47
6,6712,0.150115,2.66467541e-05,1670.01
6,6714,0.165128,2.66434799e-05,1670.52
6,6716,0.181886,2.66402003e-05,1670.99
6,6718,0.150478,2.66369225e-05,1671.51
6,6720,0.179757,2.66336465e-05,1671.99
6,6722,0.187047,2.66303687e-05,1672.45
6,6724,0.166981,2.66270908e-05,1672.94
6,6726,0.152432,2.66238130e-05,1673.39
6,6728,0.179897,2.66205370e-05,1673.91
6,6730,0.179550,2.66172628e-05,1674.44
6,6732,0.155458,2.66139868e-05,1674.96
6,6734,0.173225,2.66107090e-05,1675.53
6,6736,0.186029,2.66074312e-05,1676.02
6,6738,0.193715,2.66041552e-05,1676.56
6,6740,0.178022,2.66008792e-05,1677.03
6,6742,0.172209,2.65976014e-05,1677.48
6,6744,0.146582,2.65943254e-05,1678.02
6,6746,0.168154,2.65910530e-05,1678.55
6,6748,0.164284,2.65877752e-05,1679.04
6,6750,0.181434,2.65845010e-05,1679.49
6,6752,0.135977,2.65812232e-05,1679.97
6,6754,0.181886,2.65779472e-05,1680.43
6,6756,0.177027,2.65746694e-05,1680.97
6,6758,0.170953,2.65713952e-05,1681.51
6,6760,0.156601,2.65681192e-05,1682.04
6,6762,0.157367,2.65648468e-05,1682.50
6,6764,0.163776,2.65615708e-05,1683.00
6,6766,0.174331,2.65582967e-05,1683.50
6,6768,0.185088,2.65550188e-05,1683.95
6,6770,0.165928,2.65517428e-05,1684.46
6,6772,0.146096,2.65484687e-05,1684.96
6,6774,0.187807,2.65451927e-05,1685.49
6,6776,0.138653,2.65419167e-05,1686.01
6,6778,0.210323,2.65386461e-05,1686.49
6,6780,0.214131,2.65353719e-05,1686.97
6,6782,0.173783,2.65320959e-05,1687.54
6,6784,0.142700,2.65288199e-05,1688.03
6,6786,0.167838,2.65255458e-05,1688.58
6,6788,0.175162,2.65222698e-05,1689.07
6,6790,0.175981,2.65189956e-05,1689.64
6,6792,0.165111,2.65157214e-05,1690.10
6,6794,0.152026,2.65124509e-05,1690.62
6,6796,0.151487,2.65091749e-05,1691.09
6,6798,0.166473,2.65059025e-05,1691.63
6,6800,0.163216,2.65026265e-05,1692.13
6,6802,0.155358,2.64993505e-05,1692.58
6,6804,0.158939,2.64960781e-05,1693.13
6,6806,0.188176,2.64928058e-05,1693.62
6,6808,0.173793,2.64895298e-05,1694.10
6,6810,0.176289,2.64862592e-05,1694.59
6,6812,0.189840,2.64829850e-05,1695.05
6,6814,0.174451,2.64797127e-05,1695.54
6,6816,0.155871,2.64764367e-05,1696.02
6,6818,0.154758,2.64731643e-05,1696.45
6,6820,0.150686,2.64698901e-05,1696.98
6,6822,0.163507,2.64666178e-05,1697.47
6,6824,0.161000,2.64633436e-05,1697.96
6,6826,0.158533,2.64600731e-05,1698.44
6,6828,0.196471,2.64568007e-05,1698.93
6,6830,0.171823,2.64535265e-05,1699.42
6,6832,0.195855,2.64502542e-05,1699.87
6,6834,0.161846,2.64469800e-05,1700.34
6,6836,0.139169,2.64437094e-05,1700.84
6,6838,0.175029,2.64404334e-05,1701.33
6,6840,0.193494,2.64371629e-05,1701.78
6,6842,0.192782,2.64338942e-05,1702.26
6,6844,0.163918,2.64306200e-05,1702.72
6,6846,0.155817,2.64273476e-05,1703.23
6,6848,0.157431,2.64240734e-05,1703.79
6,6850,0.176561,2.64208029e-05,1704.32
6,6852,0.168093,2.64175305e-05,1704.83
6,6854,0.174217,2.64142582e-05,1705.35
6,6856,0.190624,2.64109858e-05,1705.83
6,6858,0.195450,2.64077189e-05,1706.19
7,0,0.165867,2.64060782e-05,1.73
7,2,0.173880,2.64028076e-05,2.25
7,4,0.165306,2.63995371e-05,2.70
7,6,0.166025,2.63962684e-05,3.21
7,8,0.140108,2.63929960e-05,3.67
7,10,0.164719,2.63897236e-05,4.18
7,12,0.201191,2.63864531e-05,4.67
7,14,0.152997,2.63831807e-05,5.13
7,16,0.150717,2.63799102e-05,5.67
7,18,0.192439,2.63766397e-05,6.19
7,20,0.143800,2.63733673e-05,6.65
7,22,0.183910,2.63701004e-05,7.19
7,24,0.189784,2.63668298e-05,7.73
7,26,0.154192,2.63635593e-05,8.26
7,28,0.194750,2.63602869e-05,8.77
7,30,0.138322,2.63570164e-05,9.21
7,32,0.152154,2.63537459e-05,9.75
7,34,0.172839,2.63504753e-05,10.20
7,36,0.148813,2.63472029e-05,10.64
7,38,0.166276,2.63439360e-05,11.17
7,40,0.154824,2.63406655e-05,11.69
7,42,0.148695,2.63373968e-05,12.23
7,44,0.144516,2.63341244e-05,12.70
7,46,0.152675,2.63308557e-05,13.20
7,48,0.181225,2.63275851e-05,13.69
7,50,0.162330,2.63243146e-05,14.26
7,52,0.137735,2.63210441e-05,14.90
7,54,0.162507,2.63177808e-05,15.42
7,56,0.177966,2.63145084e-05,15.88
7,58,0.169836,2.63112397e-05,16.41
7,60,0.168724,2.63079710e-05,16.94
7,62,0.145746,2.63047004e-05,17.42
7,64,0.153147,2.63014317e-05,17.88
7,66,0.150835,2.62981612e-05,18.41
7,68,0.199371,2.62948906e-05,18.89
7,70,0.168415,2.62916255e-05,19.39
7,72,0.167283,2.62883568e-05,19.87
7,74,0.162277,2.62850881e-05,20.38
7,76,0.177574,2.62818194e-05,20.92
7,78,0.152902,2.62785506e-05,21.34
7,80,0.148168,2.62752801e-05,21.82
7,82,0.178640,2.62720114e-05,22.35
7,84,0.182702,2.62687427e-05,22.87
7,86,0.194913,2.62654794e-05,23.41
7,88,0.185853,2.62622107e-05,23.91
7,90,0.142968,2.62589419e-05,24.41
7,92,0.174552,2.62556732e-05,24.88
7,94,0.159059,2.62524063e-05,25.41
7,96,0.161319,2.62491376e-05,25.89
7,98,0.186909,2.62458707e-05,26.39
7,100,0.157023,2.62426020e-05,26.91
7,102,0.159114,2.62393369e-05,27.35
7,104,0.186066,2.62360700e-05,27.82
7,106,0.200717,2.62328031e-05,28.32
7,108,0.193503,2.62295325e-05,28.79
7,110,0.164040,2.62262638e-05,29.26
7,112,0.190596,2.62229969e-05,29.82
7,114,0.163285,2.62197300e-05,30.33
7,116,0.169681,2.62164631e-05,30.85
7,118,0.173705,2.62131962e-05,31.35
7,120,0.163154,2.62099347e-05,31.86
7,122,0.156590,2.62066678e-05,32.42
7,124,0.166445,2.62033973e-05,32.95
7,126,0.201409,2.62001304e-05,33.50
7,128,0.167945,2.61968635e-05,33.99
7,130,0.160696,2.61935966e-05,34.44
7,132,0.192795,2.61903297e-05,34.94
7,134,0.149787,2.61870646e-05,35.46
7,136,0.149773,2.61838031e-05,35.96
7,138,0.165873,2.61805362e-05,36.46
7,140,0.164099,2.61772693e-05,36.93
7,142,0.166988,2.61740024e-05,37.45
7,144,0.160474,2.61707355e-05,37.96
7,146,0.162302,2.61674704e-05,38.45
7,148,0.178685,2.61642035e-05,38.95
7,150,0.145510,2.61609384e-05,39.48
7,152,0.172404,2.61576752e-05,39.99
7,154,0.160170,2.61544083e-05,40.46
7,156,0.167490,2.61511432e-05,40.92
7,158,0.136344,2.61478781e-05,41.45
7,160,0.200795,2.61446112e-05,41.92
7,162,0.155016,2.61413479e-05,42.42
7,164,0.177966,2.61380828e-05,42.95
7,166,0.161527,2.61348159e-05,43.47
7,168,0.170440,2.61315545e-05,43.95
7,170,0.194826,2.61282894e-05,44.44
7,172,0.184394,2.61250243e-05,45.00
7,174,0.158207,2.61217592e-05,45.48
7,176,0.184690,2.61184923e-05,45.95
7,178,0.168260,2.61152309e-05,46.37
7,180,0.194717,2.61119640e-05,46.78
7,182,0.192346,2.61087007e-05,47.30
7,184,0.170732,2.61054374e-05,47.77
7,186,0.168003,2.61021760e-05,48.23
7,188,0.182341,2.60989109e-05,48.69
7,190,0.201392,2.60956458e-05,49.16
7,192,0.197856,2.60923825e-05,49.66
7,194,0.206676,2.60891175e-05,50.19
7,196,0.150894,2.60858524e-05,50.67
7,198,0.185988,2.60825909e-05,51.11
7,200,0.193276,2.60793295e-05,51.61
7,202,0.160992,2.60760644e-05,52.10
7,204,0.152958,2.60728029e-05,52.61
7,206,0.194859,2.60695397e-05,53.12
7,208,0.162975,2.60662746e-05,53.63
7,210,0.184341,2.60630095e-05,54.12
7,212,0.140555,2.60597462e-05,54.66
7,214,0.164627,2.60564848e-05,55.13
7,216,0.165369,2.60532252e-05,55.65
7,218,0.169084,2.60499619e-05,56.11
7,220,0.180790,2.60466986e-05,56.59
7,222,0.175096,2.60434354e-05,57.07
7,224,0.173326,2.60401721e-05,57.56
7,226,0.172564,2.60369088e-05,58.03
7,228,0.175158,2.60336474e-05,58.51
7,230,0.164405,2.60303841e-05,59.01
7,232,0.171094,2.60271263e-05,59.47
7,234,0.165983,2.60238630e-05,60.08
7,236,0.160709,2.60205998e-05,60.56
7,238,0.169906,2.60173365e-05,61.06
7,240,0.168687,2.60140769e-05,61.59
7,242,0.193525,2.60108136e-05,62.03
7,244,0.167367,2.60075503e-05,62.54
7,246,0.177802,2.60042889e-05,63.04
7,248,0.160361,2.60010293e-05,63.48
7,250,0.162339,2.59977696e-05,63.95
7,252,0.160857,2.59945082e-05,64.40
7,254,0.130222,2.59912449e-05,64.85
7,256,0.166137,2.59879835e-05,65.35
7,258,0.171366,2.59847220e-05,65.81
7,260,0.145623,2.59814624e-05,66.31
7,262,0.193260,2.59781991e-05,66.85
7,264,0.169744,2.59749431e-05,67.34
7,266,0.177365,2.59716817e-05,67.87
7,268,0.160532,2.59684184e-05,68.30
7,270,0.175274,2.59651606e-05,68.85
7,272,0.143998,2.59618973e-05,69.27
7,274,0.182854,2.59586377e-05,69.78
7,276,0.163836,2.59553763e-05,70.24
7,278,0.130581,2.59521148e-05,70.75
7,280,0.173077,2.59488588e-05,71.19
7,282,0.128845,2.59455992e-05,71.76
7,284,0.159409,2.59423377e-05,72.21
7,286,0.160444,2.59390799e-05,72.74
7,288,0.188302,2.59358167e-05,73.24
7,290,0.159552,2.59325570e-05,73.72
7,292,0.185425,2.59292974e-05,74.26
7,294,0.159076,2.59260360e-05,74.84
7,296,0.161786,2.59227818e-05,75.36
7,298,0.177424,2.59195203e-05,75.86
7,300,0.224233,2.59162607e-05,76.35
7,302,0.170690,2.59130011e-05,76.86
7,304,0.155820,2.59097433e-05,77.33
7,306,0.187207,2.59064818e-05,77.85
7,308,0.163103,2.59032222e-05,78.38
7,310,0.180528,2.58999626e-05,78.83
7,312,0.176494,2.58967084e-05,79.38
7,314,0.181293,2.58934506e-05,79.91
7,316,0.163768,2.58901891e-05,80.41
7,318,0.185043,2.58869313e-05,80.94
7,320,0.152003,2.58836699e-05,81.43
7,322,0.185967,2.58804121e-05,81.92
7,324,0.153512,2.58771543e-05,82.37
7,326,0.152020,2.58738946e-05,82.85
7,328,0.181414,2.58706405e-05,83.37
7,330,0.148701,2.58673826e-05,83.84
7,332,0.154349,2.58641230e-05,84.43
7,334,0.149150,2.58608652e-05,84.94
7,336,0.161800,2.58576056e-05,85.41
7,338,0.187746,2.58543496e-05,85.89
7,340,0.187579,2.58510918e-05,86.43
7,342,0.157356,2.58478340e-05,87.00
7,344,0.163493,2.58445798e-05,87.45
7,346,0.160005,2.58413220e-05,87.96
7,348,0.158708,2.58380624e-05,88.48
7,350,0.156199,2.58348064e-05,89.06
7,352,0.164718,2.58315504e-05,89.56
7,354,0.175311,2.58282907e-05,90.07
7,356,0.144812,2.58250329e-05,90.55
7,358,0.169992,2.58217769e-05,91.02
7,360,0.177636,2.58185246e-05,91.52
7,362,0.154898,2.58152650e-05,92.01
7,364,0.175321,2.58120090e-05,92.45
7,366,0.183185,2.58087530e-05,92.93
7,368,0.188004,2.58054934e-05,93.40
7,370,0.158974,2.58022392e-05,93.96
7,372,0.164773,2.57989814e-05,94.44
7,374,0.161341,2.57957254e-05,94.93
7,376,0.188820,2.57924712e-05,95.41
7,378,0.151226,2.57892152e-05,95.94
7,380,0.165537,2.57859592e-05,96.40
7,382,0.179916,2.57827051e-05,96.84
7,384,0.148805,2.57794454e-05,97.32
7,386,0.175571,2.57761913e-05,97.81
7,388,0.180383,2.57729353e-05,98.34
7,390,0.152449,2.57696793e-05,98.84
7,392,0.187644,2.57664287e-05,99.30
7,394,0.175720,2.57631691e-05,99.83
7,396,0.164070,2.57599149e-05,100.30
7,398,0.157608,2.57566608e-05,100.82
7,400,0.174796,2.57534048e-05,101.31
7,402,0.166415,2.57501470e-05,101.84
7,404,0.174817,2.57468928e-05,102.31
7,406,0.158738,2.57436386e-05,102.84
7,408,0.183187,2.57403863e-05,103.34
7,410,0.203064,2.57371321e-05,103.85
7,412,0.157832,2.57338761e-05,104.34
7,414,0.182368,2.57306219e-05,104.89
7,416,0.158587,2.57273678e-05,105.38
7,418,0.173471,2.57241118e-05,105.88
7,420,0.175745,2.57208576e-05,106.36
7,422,0.155317,2.57176034e-05,106.87
7,424,0.140333,2.57143529e-05,107.42
7,426,0.168338,2.57110987e-05,107.88
7,428,0.175778,2.57078445e-05,108.33
7,430,0.171340,2.57045904e-05,108.84
7,432,0.172891,2.57013362e-05,109.32
7,434,0.180518,2.56980820e-05,109.84
7,436,0.171352,2.56948260e-05,110.32
7,438,0.177962,2.56915719e-05,110.86
7,440,0.163746,2.56883231e-05,111.37
7,442,0.189058,2.56850708e-05,111.85
7,444,0.160241,2.56818184e-05,112.35
7,446,0.134514,2.56785625e-05,112.78
7,448,0.177995,2.56753083e-05,113.25
7,450,0.135351,2.56720559e-05,113.68
7,452,0.158043,2.56688036e-05,114.11
7,454,0.188810,2.56655494e-05,114.60
7,456,0.167518,2.56622989e-05,115.11
7,458,0.165184,2.56590465e-05,115.59
7,460,0.153916,2.56557942e-05,116.09
7,462,0.142038,2.56525400e-05,116.52
7,464,0.148294,2.56492895e-05,117.01
7,466,0.180842,2.56460353e-05,117.50
7,468,0.164214,2.56427829e-05,117.97
7,470,0.183719,2.56395306e-05,118.43
7,472,0.197594,2.56362837e-05,118.91
7,474,0.154214,2.56330313e-05,119.41
7,476,0.166866,2.56297790e-05,119.89
7,478,0.191331,2.56265266e-05,120.36
7,480,0.177945,2.56232743e-05,120.88
7,482,0.162186,2.56200219e-05,121.32
7,484,0.173026,2.56167714e-05,121.79
7,486,0.172488,2.56135190e-05,122.26
7,488,0.189931,2.56102703e-05,122.75
7,490,0.194495,2.56070198e-05,123.21
7,492,0.152625,2.56037656e-05,123.71
7,494,0.189241,2.56005151e-05,124.18
7,496,0.197998,2.55972664e-05,124.67
7,498,0.162718,2.55940140e-05,125.23
7,500,0.172843,2.55907617e-05,125.75
7,502,0.177885,2.55875111e-05,126.27
7,504,0.156184,2.55842642e-05,126.76
7,506,0.175449,2.55810137e-05,127.27
7,508,0.177173,2.55777613e-05,127.78
7,510,0.184077,2.55745108e-05,128.31
7,512,0.171544,2.55712584e-05,128.80
7,514,0.175216,2.55680097e-05,129.30
7,516,0.186812,2.55647592e-05,129.75
7,518,0.156791,2.55615087e-05,130.22
7,520,0.136425,2.55582618e-05,130.69
7,522,0.152874,2.55550131e-05,131.17
7,524,0.173208,2.55517625e-05,131.66
7,526,0.153886,2.55485120e-05,132.18
7,528,0.149189,2.55452615e-05,132.67
7,530,0.184976,2.55420109e-05,133.18
7,532,0.167863,2.55387640e-05,133.67
7,534,0.149769,2.55355135e-05,134.14
7,536,0.172270,2.55322684e-05,134.63
7,538,0.173197,2.55290179e-05,135.14
7,540,0.177186,2.55257692e-05,135.61
7,542,0.163609,2.55225186e-05,136.10
7,544,0.179516,2.55192699e-05,136.63
7,546,0.187932,2.55160212e-05,137.14
7,548,0.172970,2.55127725e-05,137.63
7,550,0.155463,2.55095219e-05,138.10
7,552,0.162373,2.55062787e-05,138.65
7,554,0.159737,2.55030300e-05,139.21
7,556,0.187090,2.54997794e-05,139.75
7,558,0.166324,2.54965325e-05,140.28
7,560,0.186911,2.54932820e-05,140.76
7,562,0.174826,2.54900351e-05,141.28
7,564,0.199870,2.54867864e-05,141.80
7,566,0.185730,2.54835377e-05,142.25
7,568,0.203905,2.54802944e-05,142.81
7,570,0.172595,2.54770457e-05,143.29
7,572,0.166633,2.54737988e-05,143.78
7,574,0.153167,2.54705501e-05,144.31
7,576,0.168669,2.54673014e-05,144.80
7,578,0.171289,2.54640563e-05,145.29
7,580,0.177638,2.54608058e-05,145.73
7,582,0.163724,2.54575589e-05,146.24
7,584,0.193002,2.54543156e-05,146.67
7,586,0.158977,2.54510669e-05,147.21
7,588,0.152684,2.54478218e-05,147.69
7,590,0.160335,2.54445749e-05,148.18
7,592,0.150168,2.54413262e-05,148.68
7,594,0.170747,2.54380793e-05,149.15
7,596,0.175139,2.54348324e-05,149.64
7,598,0.186132,2.54315873e-05,150.14
7,600,0.184767,2.54283423e-05,150.63
7,602,0.182789,2.54250972e-05,151.12
7,604,0.166959,2.54218485e-05,151.62
7,606,0.179536,2.54186016e-05,152.13
7,608,0.175668,2.54153565e-05,152.69
7,610,0.175308,2.54121096e-05,153.16
7,612,0.157495,2.54088645e-05,153.64
7,614,0.182426,2.54056176e-05,154.16
7,616,0.160480,2.54023762e-05,154.64
7,618,0.164460,2.53991293e-05,155.12
7,620,0.174900,2.53958842e-05,155.58
7,622,0.166593,2.53926373e-05,156.07
7,624,0.172064,2.53893922e-05,156.52
7,626,0.192724,2.53861454e-05,157.07
7,628,0.183436,2.53829003e-05,157.59
7,630,0.184822,2.53796552e-05,158.06
7,632,0.188603,2.53764156e-05,158.59
7,634,0.164375,2.53731705e-05,159.08
7,636,0.176945,2.53699236e-05,159.57
7,638,0.146034,2.53666785e-05,160.05
7,640,0.147329,2.53634335e-05,160.51
7,642,0.159813,2.53601902e-05,161.04
7,644,0.184069,2.53569433e-05,161.63
7,646,0.161126,2.53537000e-05,162.16
7,648,0.153390,2.53504604e-05,162.69
7,650,0.168054,2.53472135e-05,163.18
7,652,0.167006,2.53439703e-05,163.67
7,654,0.186978,2.53407252e-05,164.18
7,656,0.174753,2.53374801e-05,164.70
7,658,0.139914,2.53342387e-05,165.27
7,660,0.144117,2.53309918e-05,165.70
7,662,0.185196,2.53277503e-05,166.19
7,664,0.186946,2.53245034e-05,166.69
7,666,0.192819,2.53212656e-05,167.17
7,668,0.165574,2.53180206e-05,167.68
7,670,0.182534,2.53147773e-05,168.17
7,672,0.142324,2.53115340e-05,168.67
7,674,0.155647,2.53082908e-05,169.11
7,676,0.188333,2.53050475e-05,169.66
7,678,0.205134,2.53018043e-05,170.12
7,680,0.150432,2.52985610e-05,170.56
7,682,0.171767,2.52953232e-05,171.04
7,684,0.165979,2.52920781e-05,171.53
7,686,0.171478,2.52888349e-05,172.03
7,688,0.190953,2.52855934e-05,172.56
7,690,0.134980,2.52823502e-05,173.03
7,692,0.148070,2.52791087e-05,173.52
7,694,0.189983,2.52758655e-05,174.05
7,696,0.162622,2.52726222e-05,174.54
7,698,0.172147,2.52693826e-05,175.02
7,700,0.149200,2.52661412e-05,175.50
7,702,0.153991,2.52628997e-05,176.03
7,704,0.175026,2.52596583e-05,176.53
7,706,0.148069,2.52564150e-05,177.03
7,708,0.187918,2.52531736e-05,177.57
7,710,0.173925,2.52499322e-05,178.08
7,712,0.186110,2.52466907e-05,178.55
7,714,0.139299,2.52434529e-05,179.01
7,716,0.143037,2.52402097e-05,179.51
7,718,0.134095,2.52369682e-05,180.03
7,720,0.171066,2.52337268e-05,180.53
7,722,0.178912,2.52304872e-05,181.00
7,724,0.181919,2.52272475e-05,181.50
7,726,0.159146,2.52240043e-05,181.96
7,728,0.191993,2.52207628e-05,182.43
7,730,0.151912,2.52175250e-05,182.98
7,732,0.147869,2.52142854e-05,183.46
7,734,0.150769,2.52110458e-05,183.89
7,736,0.140388,2.52078044e-05,184.38
7,738,0.188797,2.52045629e-05,184.89
7,740,0.161755,2.52013251e-05,185.42
7,742,0.170747,2.51980819e-05,185.95
7,744,0.173365,2.51948422e-05,186.42
7,746,0.166491,2.51916063e-05,186.89
7,748,0.166165,2.51883648e-05,187.40
7,750,0.151041,2.51851270e-05,187.93
7,752,0.160062,2.51818856e-05,188.40
7,754,0.156041,2.51786478e-05,188.91
7,756,0.132488,2.51754063e-05,189.38
7,758,0.177315,2.51721685e-05,189.88
7,760,0.174018,2.51689271e-05,190.38
7,762,0.170580,2.51656929e-05,190.85
7,764,0.172909,2.51624533e-05,191.33
7,766,0.164485,2.51592137e-05,191.82
7,768,0.151414,2.51559759e-05,192.29
7,770,0.168487,2.51527326e-05,192.77
7,772,0.181292,2.51494948e-05,193.32
7,774,0.162238,2.51462588e-05,193.79
7,776,0.162342,2.51430174e-05,194.28
7,778,0.148175,2.51397832e-05,194.85
7,780,0.196504,2.51365454e-05,195.36
7,782,0.161661,2.51333076e-05,195.87
7,784,0.179853,2.51300680e-05,196.44
7,786,0.185164,2.51268302e-05,196.98
7,788,0.160999,2.51235906e-05,197.44
7,790,0.164684,2.51203528e-05,197.98
7,792,0.188301,2.51171150e-05,198.50
7,794,0.184624,2.51138808e-05,199.11
7,796,0.152350,2.51106430e-05,199.65
7,798,0.163318,2.51074052e-05,200.17
7,800,0.168190,2.51041674e-05,200.62
7,802,0.162351,2.51009296e-05,201.09
7,804,0.169109,2.50976918e-05,201.59
7,806,0.161683,2.50944540e-05,202.08
7,808,0.194094,2.50912162e-05,202.56
7,810,0.169409,2.50879839e-05,203.05
7,812,0.158995,2.50847461e-05,203.51
7,814,0.166641,2.50815101e-05,204.05
7,816,0.186817,2.50782741e-05,204.56
7,818,0.159147,2.50750363e-05,205.05
7,820,0.180678,2.50717985e-05,205.52
7,822,0.145342,2.50685607e-05,206.00
7,824,0.193147,2.50653247e-05,206.50
7,826,0.162167,2.50620942e-05,207.06
7,828,0.150140,2.50588564e-05,207.55
7,830,0.166755,2.50556204e-05,208.09
7,832,0.135851,2.50523844e-05,208.60
7,834,0.180115,2.50491466e-05,209.19
7,836,0.161332,2.50459107e-05,209.72
7,838,0.169619,2.50426765e-05,210.22
7,840,0.167592,2.50394405e-05,210.70
7,842,0.197136,2.50362082e-05,211.19
7,844,0.168278,2.50329722e-05,211.66
7,846,0.198945,2.50297380e-05,212.10
7,848,0.178702,2.50265020e-05,212.54
7,850,0.160141,2.50232661e-05,213.01
7,852,0.172320,2.50200301e-05,213.49
7,854,0.146784,2.50167941e-05,214.04
7,856,0.170954,2.50135618e-05,214.53
7,858,0.162931,2.50103276e-05,215.01
7,860,0.174556,2.50070934e-05,215.50
7,862,0.176795,2.50038611e-05,215.96
7,864,0.164284,2.50006251e-05,216.49
7,866,0.161759,2.49973891e-05,217.00
7,868,0.185300,2.49941550e-05,217.50
7,870,0.166643,2.49909226e-05,217.98
7,872,0.160482,2.49876866e-05,218.52
7,874,0.159361,2.49844543e-05,218.98
7,876,0.145360,2.49812219e-05,219.42
7,878,0.146312,2.49779878e-05,219.88
7,880,0.145120,2.49747536e-05,220.37
7,882,0.167397,2.49715213e-05,220.95
7,884,0.163931,2.49682871e-05,221.45
7,886,0.159265,2.49650548e-05,221.90
7,888,0.188545,2.49618188e-05,222.40
7,890,0.145146,2.49585883e-05,222.87
7,892,0.184747,2.49553559e-05,223.39
7,894,0.184210,2.49521236e-05,223.90
7,896,0.171477,2.49488894e-05,224.36
7,898,0.146163,2.49456571e-05,224.94
7,900,0.160951,2.49424229e-05,225.44
7,902,0.169371,2.49391887e-05,225.89
7,904,0.151256,2.49359564e-05,226.40
7,906,0.171326,2.49327259e-05,226.87
7,908,0.155875,2.49294953e-05,227.37
7,910,0.202806,2.49262630e-05,227.83
7,912,0.149586,2.49230307e-05,228.29
7,914,0.152838,2.49197965e-05,228.79
7,916,0.179022,2.49165660e-05,229.29
7,918,0.174148,2.49133336e-05,229.81
7,920,0.162115,2.49100995e-05,230.34
7,922,0.154447,2.49068726e-05,230.82
7,924,0.168745,2.49036420e-05,231.28
7,926,0.183026,2.49004079e-05,231.76
7,928,0.178494,2.48971792e-05,232.23
7,930,0.173372,2.48939450e-05,232.71
7,932,0.179550,2.48907127e-05,233.18
7,934,0.198988,2.48874821e-05,233.68
7,936,0.163233,2.48842534e-05,234.18
7,938,0.159469,2.48810229e-05,234.67
7,940,0.164420,2.48777942e-05,235.17
7,942,0.200674,2.48745600e-05,235.66
7,944,0.170113,2.48713313e-05,236.16
7,946,0.173815,2.48680990e-05,236.59
7,948,0.157345,2.48648685e-05,237.09
7,950,0.150160,2.48616379e-05,237.58
7,952,0.185607,2.48584074e-05,238.03
7,954,0.200256,2.48551805e-05,238.48
7,956,0.153014,2.48519500e-05,238.99
7,958,0.167168,2.48487213e-05,239.46
7,960,0.164328,2.48454890e-05,240.00
7,962,0.171192,2.48422584e-05,240.51
7,964,0.167325,2.48390279e-05,240.99
7,966,0.195231,2.48357992e-05,241.44
7,968,0.181746,2.48325705e-05,242.02
7,970,0.185545,2.48293454e-05,242.52
7,972,0.159840,2.48261149e-05,242.99
7,974,0.174300,2.48228844e-05,243.47
7,976,0.174179,2.48196538e-05,243.90
7,978,0.174476,2.48164251e-05,244.43
7,980,0.161460,2.48131964e-05,244.95
7,982,0.175168,2.48099659e-05,245.43
7,984,0.171107,2.48067390e-05,245.90
7,986,0.161364,2.48035140e-05,246.41
7,988,0.177343,2.48002852e-05,246.97
7,990,0.157836,2.47970547e-05,247.47
7,992,0.166007,2.47938260e-05,247.98
7,994,0.167035,2.47905973e-05,248.45
7,996,0.180920,2.47873686e-05,248.97
7,998,0.157575,2.47841417e-05,249.47
7,1000,0.180028,2.47809130e-05,249.92
7,1002,0.177380,2.47776879e-05,250.42
7,1004,0.182269,2.47744574e-05,250.90
7,1006,0.177243,2.47712323e-05,251.43
7,1008,0.156111,2.47680036e-05,251.90
7,1010,0.151829,2.47647731e-05,252.38
7,1012,0.196113,2.47615480e-05,252.92
7,1014,0.186226,2.47583193e-05,253.42
7,1016,0.164468,2.47550925e-05,253.94
7,1018,0.171845,2.47518692e-05,254.41
7,1020,0.166868,2.47486423e-05,254.95
7,1022,0.179595,2.47454136e-05,255.47
7,1024,0.140889,2.47421867e-05,255.97
7,1026,0.160759,2.47389598e-05,256.45
7,1028,0.139066,2.47357329e-05,256.96
7,1030,0.179780,2.47325042e-05,257.44
7,1032,0.156440,2.47292792e-05,257.95
7,1034,0.172642,2.47260541e-05,258.41
7,1036,0.190691,2.47228290e-05,258.88
7,1038,0.151262,2.47196040e-05,259.30
7,1040,0.184610,2.47163753e-05,259.77
7,1042,0.180250,2.47131502e-05,260.27
7,1044,0.193063,2.47099251e-05,260.79
7,1046,0.150284,2.47066964e-05,261.24
7,1048,0.172445,2.47034695e-05,261.74
7,1050,0.143794,2.47002481e-05,262.19
7,1052,0.192018,2.46970230e-05,262.74
7,1054,0.161218,2.46937980e-05,263.22
7,1056,0.169604,2.46905729e-05,263.72
7,1058,0.138400,2.46873460e-05,264.20
7,1060,0.130925,2.46841209e-05,264.69
7,1062,0.158297,2.46808959e-05,265.20
7,1064,0.181110,2.46776708e-05,265.73
7,1066,0.152734,2.46744494e-05,266.19
7,1068,0.158807,2.46712243e-05,266.71
7,1070,0.161546,2.46679992e-05,267.24
7,1072,0.143529,2.46647742e-05,267.82
7,1074,0.157561,2.46615491e-05,268.24
7,1076,0.170163,2.46583259e-05,268.71
7,1078,0.173986,2.46551008e-05,269.17
7,1080,0.181550,2.46518757e-05,269.69
7,1082,0.153270,2.46486543e-05,270.21
7,1084,0.153586,2.46454292e-05,270.70
7,1086,0.166496,2.46422060e-05,271.19
7,1088,0.152205,2.46389827e-05,271.69
7,1090,0.190862,2.46357577e-05,272.20
7,1092,0.175067,2.46325326e-05,272.71
7,1094,0.174377,2.46293112e-05,273.27
7,1096,0.176128,2.46260861e-05,273.80
7,1098,0.166219,2.46228647e-05,274.33
7,1100,0.166017,2.46196432e-05,274.83
7,1102,0.178508,2.46164182e-05,275.32
7,1104,0.175066,2.46131949e-05,275.73
7,1106,0.161385,2.46099717e-05,276.23
7,1108,0.159121,2.46067484e-05,276.69
7,1110,0.173609,2.46035252e-05,277.20
7,1112,0.148884,2.46003037e-05,277.69
7,1114,0.201474,2.45970841e-05,278.17
7,1116,0.181254,2.45938609e-05,278.68
7,1118,0.172576,2.45906376e-05,279.19
7,1120,0.175183,2.45874162e-05,279.69
7,1122,0.174272,2.45841929e-05,280.18
7,1124,0.172456,2.45809697e-05,280.70
7,1126,0.180643,2.45777501e-05,281.19
7,1128,0.160333,2.45745268e-05,281.68
7,1130,0.162957,2.45713072e-05,282.13
7,1132,0.154164,2.45680858e-05,282.62
7,1134,0.182974,2.45648662e-05,283.11
7,1136,0.177199,2.45616429e-05,283.58
7,1138,0.177554,2.45584215e-05,284.09
7,1140,0.154886,2.45551983e-05,284.60
7,1142,0.147008,2.45519768e-05,285.23
7,1144,0.146129,2.45487554e-05,285.74
7,1146,0.185958,2.45455394e-05,286.27
7,1148,0.183222,2.45423180e-05,286.72
7,1150,0.152900,2.45390966e-05,287.25
7,1152,0.144280,2.45358751e-05,287.71
7,1154,0.167613,2.45326555e-05,288.17
7,1156,0.168729,2.45294341e-05,288.68
7,1158,0.166464,2.45262127e-05,289.17
7,1160,0.171859,2.45229912e-05,289.69
7,1162,0.195293,2.45197753e-05,290.16
7,1164,0.177052,2.45165538e-05,290.64
7,1166,0.158575,2.45133324e-05,291.16
7,1168,0.161691,2.45101146e-05,291.66
7,1170,0.161481,2.45068950e-05,292.15
7,1172,0.175616,2.45036736e-05,292.68
7,1174,0.176484,2.45004521e-05,293.23
7,1176,0.164261,2.44972343e-05,293.76
7,1178,0.182340,2.44940184e-05,294.30
7,1180,0.171216,2.44907988e-05,294.89
7,1182,0.149835,2.44875791e-05,295.42
7,1184,0.175042,2.44843595e-05,295.95
7,1186,0.165270,2.44811399e-05,296.45
7,1188,0.151779,2.44779203e-05,296.97
7,1190,0.161983,2.44747007e-05,297.44
7,1192,0.182899,2.44714829e-05,297.97
7,1194,0.193508,2.44682633e-05,298.46
7,1196,0.154306,2.44650491e-05,298.92
7,1198,0.147979,2.44618295e-05,299.48
7,1200,0.175302,2.44586099e-05,300.04
7,1202,0.152347,2.44553921e-05,300.50
7,1204,0.163706,2.44521743e-05,300.97
7,1206,0.149104,2.44489547e-05,301.46
7,1208,0.184818,2.44457369e-05,301.91
7,1210,0.158061,2.44425173e-05,302.41
7,1212,0.175040,2.44393032e-05,302.88
7,1214,0.181802,2.44360872e-05,303.35
7,1216,0.172315,2.44328694e-05,303.78
7,1218,0.172832,2.44296498e-05,304.27
7,1220,0.174781,2.44264320e-05,304.76
7,1222,0.161981,2.44232142e-05,305.22
7,1224,0.188130,2.44199982e-05,305.66
7,1226,0.167941,2.44167804e-05,306.11
7,1228,0.140482,2.44135663e-05,306.57
7,1230,0.153003,2.44103503e-05,307.03
7,1232,0.199291,2.44071325e-05,307.50
7,1234,0.173652,2.44039165e-05,308.03
7,1236,0.198601,2.44006969e-05,308.57
7,1238,0.193564,2.43974791e-05,309.06
7,1240,0.173901,2.43942650e-05,309.57
7,1242,0.168846,2.43910490e-05,310.06
7,1244,0.189429,2.43878349e-05,310.54
7,1246,0.169184,2.43846189e-05,311.04
7,1248,0.158051,2.43814047e-05,311.51
7,1250,0.176200,2.43781869e-05,311.99
7,1252,0.165360,2.43749710e-05,312.50
7,1254,0.160821,2.43717532e-05,313.00
7,1256,0.171703,2.43685390e-05,313.42
7,1258,0.191820,2.43653212e-05,313.89
7,1260,0.152349,2.43621107e-05,314.44
7,1262,0.162993,2.43588947e-05,314.99
7,1264,0.188678,2.43556788e-05,315.45
7,1266,0.162600,2.43524646e-05,315.92
7,1268,0.163886,2.43492486e-05,316.39
7,1270,0.172877,2.43460327e-05,316.90
7,1272,0.158420,2.43428185e-05,317.37
7,1274,0.154169,2.43396007e-05,317.89
7,1276,0.168636,2.43363938e-05,318.39
7,1278,0.183486,2.43331760e-05,318.89
7,1280,0.175238,2.43299637e-05,319.34
7,1282,0.165391,2.43267459e-05,319.87
7,1284,0.174918,2.43235336e-05,320.37
7,1286,0.147382,2.43203176e-05,320.88
7,1288,0.164532,2.43171035e-05,321.41
7,1290,0.155122,2.43138893e-05,321.97
7,1292,0.147931,2.43106788e-05,322.55
7,1294,0.204669,2.43074664e-05,323.01
7,1296,0.162393,2.43042523e-05,323.51
7,1298,0.181548,2.43010363e-05,324.00
7,1300,0.166047,2.42978240e-05,324.54
7,1302,0.186150,2.42946116e-05,325.03
7,1304,0.155408,2.42913957e-05,325.49
7,1306,0.166977,2.42881815e-05,325.97
7,1308,0.181603,2.42849728e-05,326.44
7,1310,0.141209,2.42817605e-05,326.97
7,1312,0.174522,2.42785482e-05,327.47
7,1314,0.162435,2.42753358e-05,327.94
7,1316,0.171828,2.42721217e-05,328.39
7,1318,0.178608,2.42689075e-05,328.88
7,1320,0.167578,2.42656952e-05,329.38
7,1322,0.176899,2.42624828e-05,330.01
7,1324,0.157596,2.42592741e-05,330.50
7,1326,0.149870,2.42560618e-05,330.96
7,1328,0.148192,2.42528513e-05,331.49
7,1330,0.173198,2.42496371e-05,331.97
7,1332,0.170042,2.42464248e-05,332.44
7,1334,0.175915,2.42432125e-05,332.94
7,1336,0.149098,2.42400001e-05,333.46
7,1338,0.151189,2.42367896e-05,333.95
7,1340,0.204884,2.42335809e-05,334.49
7,1342,0.163122,2.42303704e-05,335.08
7,1344,0.181385,2.42271581e-05,335.58
7,1346,0.156889,2.42239439e-05,336.04
7,1348,0.151075,2.42207352e-05,336.51
7,1350,0.150141,2.42175229e-05,337.01
7,1352,0.197256,2.42143105e-05,337.47
7,1354,0.156897,2.42111018e-05,337.94
7,1356,0.186184,2.42078931e-05,338.37
7,1358,0.164182,2.42046826e-05,338.82
7,1360,0.180138,2.42014721e-05,339.25
7,1362,0.171341,2.41982616e-05,339.78
7,1364,0.161065,2.41950511e-05,340.25
7,1366,0.170445,2.41918406e-05,340.71
7,1368,0.172936,2.41886301e-05,341.17
7,1370,0.177300,2.41854195e-05,341.71
7,1372,0.177217,2.41822127e-05,342.18
7,1374,0.147502,2.41790040e-05,342.66
7,1376,0.160409,2.41757934e-05,343.09
7,1378,0.172380,2.41725829e-05,343.58
7,1380,0.176942,2.41693742e-05,344.02
7,1382,0.147011,2.41661637e-05,344.55
7,1384,0.143209,2.41629532e-05,345.08
7,1386,0.164917,2.41597445e-05,345.57
7,1388,0.160763,2.41565413e-05,346.06
7,1390,0.180478,2.41533307e-05,346.58
7,1392,0.141585,2.41501220e-05,347.04
7,1394,0.158443,2.41469115e-05,347.55
7,1396,0.169174,2.41437028e-05,348.06
7,1398,0.166577,2.41404941e-05,348.54
7,1400,0.168682,2.41372854e-05,349.03
7,1402,0.159079,2.41340767e-05,349.54
7,1404,0.162618,2.41308717e-05,350.00
7,1406,0.191849,2.41276648e-05,350.47
7,1408,0.185069,2.41244561e-05,350.91
7,1410,0.181289,2.41212474e-05,351.40
7,1412,0.152045,2.41180387e-05,351.90
7,1414,0.177786,2.41148300e-05,352.38
7,1416,0.165279,2.41116213e-05,352.83
7,1418,0.180424,2.41084144e-05,353.31
7,1420,0.141333,2.41052130e-05,353.81
7,1422,0.168569,2.41020043e-05,354.28
7,1424,0.149212,2.40987956e-05,354.74
7,1426,0.148805,2.40955869e-05,355.23
7,1428,0.157741,2.40923800e-05,355.72
7,1430,0.180430,2.40891750e-05,356.16
7,1432,0.167579,2.40859663e-05,356.62
7,1434,0.149411,2.40827594e-05,357.09
7,1436,0.146280,2.40795580e-05,357.56
7,1438,0.178373,2.40763493e-05,358.03
7,1440,0.172998,2.40731442e-05,358.51
7,1442,0.152523,2.40699355e-05,358.94
7,1444,0.152022,2.40667305e-05,359.39
7,1446,0.142976,2.40635236e-05,359.88
7,1448,0.158457,2.40603185e-05,360.43
7,1450,0.176808,2.40571098e-05,361.02
7,1452,0.164980,2.40539102e-05,361.51
7,1454,0.147392,2.40507015e-05,362.02
7,1456,0.157488,2.40474965e-05,362.55
7,1458,0.183848,2.40442914e-05,363.07
7,1460,0.178976,2.40410845e-05,363.54
7,1462,0.207236,2.40378795e-05,364.10
7,1464,0.147218,2.40346762e-05,364.59
7,1466,0.154937,2.40314694e-05,365.09
7,1468,0.163760,2.40282661e-05,365.54
7,1470,0.173768,2.40250629e-05,366.02
7,1472,0.177317,2.40218578e-05,366.55
7,1474,0.151178,2.40186509e-05,366.99
7,1476,0.196526,2.40154477e-05,367.48
7,1478,0.185590,2.40122408e-05,367.95
7,1480,0.176496,2.40090358e-05,368.46
7,1482,0.162939,2.40058325e-05,368.93
7,1484,0.157192,2.40026311e-05,369.38
7,1486,0.184534,2.39994279e-05,369.86
7,1488,0.182782,2.39962228e-05,370.29
7,1490,0.158932,2.39930196e-05,370.84
7,1492,0.171386,2.39898145e-05,371.32
7,1494,0.166328,2.39866094e-05,371.80
7,1496,0.199125,2.39834062e-05,372.27
7,1498,0.147265,2.39802030e-05,372.79
7,1500,0.157515,2.39770034e-05,373.29
7,1502,0.153920,2.39738019e-05,373.73
7,1504,0.173274,2.39705969e-05,374.23
7,1506,0.163803,2.39673918e-05,374.73
7,1508,0.182931,2.39641904e-05,375.30
7,1510,0.171381,2.39609872e-05,375.79
7,1512,0.191512,2.39577839e-05,376.30
7,1514,0.156131,2.39545807e-05,376.82
7,1516,0.155117,2.39513829e-05,377.31
7,1518,0.179848,2.39481797e-05,377.84
7,1520,0.153404,2.39449764e-05,378.29
7,1522,0.174913,2.39417750e-05,378.82
7,1524,0.153235,2.39385699e-05,379.29
7,1526,0.188294,2.39353703e-05,379.74
7,1528,0.197854,2.39321653e-05,380.24
7,1530,0.162772,2.39289657e-05,380.73
7,1532,0.181003,2.39257661e-05,381.26
7,1534,0.177192,2.39225647e-05,381.78
7,1536,0.146220,2.39193632e-05,382.29
7,1538,0.146004,2.39161600e-05,382.75
7,1540,0.171248,2.39129604e-05,383.28
7,1542,0.167428,2.39097590e-05,383.77
7,1544,0.148794,2.39065557e-05,384.31
7,1546,0.177694,2.39033561e-05,384.83
7,1548,0.151467,2.39001583e-05,385.33
7,1550,0.140230,2.38969569e-05,385.82
7,1552,0.161397,2.38937555e-05,386.37
7,1554,0.145276,2.38905541e-05,386.87
7,1556,0.158123,2.38873545e-05,387.38
7,1558,0.173521,2.38841549e-05,387.87
7,1560,0.171698,2.38809516e-05,388.36
7,1562,0.162227,2.38777520e-05,388.84
7,1564,0.164773,2.38745561e-05,389.33
7,1566,0.158094,2.38713565e-05,389.82
7,1568,0.186181,2.38681550e-05,390.36
7,1570,0.153767,2.38649554e-05,390.78
7,1572,0.159185,2.38617558e-05,391.26
7,1574,0.175186,2.38585544e-05,391.79
7,1576,0.177709,2.38553566e-05,392.23
7,1578,0.165851,2.38521570e-05,392.70
7,1580,0.171518,2.38489611e-05,393.19
7,1582,0.161103,2.38457615e-05,393.69
7,1584,0.158985,2.38425600e-05,394.16
7,1586,0.177390,2.38393623e-05,394.67
7,1588,0.168283,2.38361645e-05,395.17
7,1590,0.179068,2.38329649e-05,395.62
7,1592,0.192181,2.38297634e-05,396.19
7,1594,0.185497,2.38265657e-05,396.67
7,1596,0.153784,2.38233715e-05,397.22
7,1598,0.181724,2.38201719e-05,397.79
7,1600,0.152664,2.38169760e-05,398.24
7,1602,0.156905,2.38137764e-05,398.67
7,1604,0.161248,2.38105786e-05,399.15
7,1606,0.192551,2.38073790e-05,399.66
7,1608,0.158616,2.38041812e-05,400.19
7,1610,0.159557,2.38009834e-05,400.69
7,1612,0.197197,2.37977893e-05,401.18
7,1614,0.189554,2.37945915e-05,401.67
7,1616,0.154566,2.37913955e-05,402.18
7,1618,0.172837,2.37881959e-05,402.66
7,1620,0.172617,2.37849999e-05,403.11
7,1622,0.167776,2.37818003e-05,403.65
7,1624,0.146755,2.37786026e-05,404.15
7,1626,0.167116,2.37754066e-05,404.65
7,1628,0.154359,2.37722161e-05,405.20
7,1630,0.166757,2.37690165e-05,405.66
7,1632,0.175120,2.37658187e-05,406.19
7,1634,0.167822,2.37626227e-05,406.68
7,1636,0.195173,2.37594268e-05,407.20
7,1638,0.167957,2.37562308e-05,407.73
7,1640,0.179385,2.37530348e-05,408.27
7,1642,0.188979,2.37498371e-05,408.80
7,1644,0.152996,2.37466447e-05,409.34
7,1646,0.180715,2.37434488e-05,409.85
7,1648,0.166737,2.37402528e-05,410.27
7,1650,0.168076,2.37370568e-05,410.75
7,1652,0.158056,2.37338609e-05,411.30
7,1654,0.160213,2.37306649e-05,411.76
7,1656,0.188532,2.37274708e-05,412.27
7,1658,0.152432,2.37242748e-05,412.74
7,1660,0.166273,2.37210843e-05,413.24
7,1662,0.168928,2.37178883e-05,413.71
7,1664,0.191098,2.37146905e-05,414.26
7,1666,0.166750,2.37114982e-05,414.69
7,1668,0.163915,2.37083041e-05,415.22
7,1670,0.180937,2.37051081e-05,415.69
7,1672,0.140277,2.37019121e-05,416.17
7,1674,0.156437,2.36987180e-05,416.64
7,1676,0.150473,2.36955275e-05,417.10
7,1678,0.161851,2.36923315e-05,417.54
7,1680,0.161230,2.36891410e-05,418.01
7,1682,0.178265,2.36859432e-05,418.48
7,1684,0.150044,2.36827509e-05,418.96
7,1686,0.162293,2.36795568e-05,419.42
7,1688,0.147911,2.36763626e-05,419.84
7,1690,0.163176,2.36731685e-05,420.32
7,1692,0.177769,2.36699780e-05,420.81
7,1694,0.184583,2.36667856e-05,421.29
7,1696,0.144276,2.36635933e-05,421.85
7,1698,0.166895,2.36603973e-05,422.41
7,1700,0.152775,2.36572050e-05,422.90
7,1702,0.185374,2.36540127e-05,423.38
7,1704,0.162030,2.36508167e-05,423.87
7,1706,0.173044,2.36476262e-05,424.31
7,1708,0.184161,2.36444375e-05,424.79
7,1710,0.179387,2.36412434e-05,425.27
7,1712,0.183267,2.36380492e-05,425.77
7,1714,0.172196,2.36348587e-05,426.32
7,1716,0.154448,2.36316664e-05,426.78
7,1718,0.189640,2.36284741e-05,427.27
7,1720,0.172527,2.36252836e-05,427.77
7,1722,0.207177,2.36220912e-05,428.25
7,1724,0.173604,2.36189007e-05,428.73
7,1726,0.162882,2.36157084e-05,429.23
7,1728,0.156146,2.36125179e-05,429.68
7,1730,0.178532,2.36093256e-05,430.14
7,1732,0.171277,2.36061351e-05,430.64
7,1734,0.179374,2.36029446e-05,431.09
7,1736,0.175447,2.35997522e-05,431.56
7,1738,0.167832,2.35965599e-05,432.00
7,1740,0.148845,2.35933694e-05,432.55
7,1742,0.154795,2.35901807e-05,433.04
7,1744,0.146022,2.35869920e-05,433.56
7,1746,0.211098,2.35838015e-05,434.07
7,1748,0.176054,2.35806092e-05,434.54
7,1750,0.148777,2.35774169e-05,435.04
7,1752,0.152216,2.35742282e-05,435.51
7,1754,0.161510,2.35710377e-05,436.06
7,1756,0.202154,2.35678472e-05,436.57
7,1758,0.214045,2.35646603e-05,437.04
7,1760,0.164165,2.35614716e-05,437.53
7,1762,0.163497,2.35582811e-05,438.03
7,1764,0.147132,2.35550924e-05,438.59
7,1766,0.160790,2.35519019e-05,439.06
7,1768,0.182565,2.35487114e-05,439.57
7,1770,0.171256,2.35455227e-05,440.01
7,1772,0.151324,2.35423322e-05,440.47
7,1774,0.177049,2.35391472e-05,440.95
7,1776,0.167961,2.35359566e-05,441.48
7,1778,0.173799,2.35327698e-05,441.97
7,1780,0.156464,2.35295793e-05,442.49
7,1782,0.178677,2.35263906e-05,442.97
7,1784,0.159587,2.35232019e-05,443.46
7,1786,0.186135,2.35200132e-05,444.00
7,1788,0.191943,2.35168245e-05,444.50
7,1790,0.177670,2.35136395e-05,444.98
7,1792,0.185321,2.35104526e-05,445.44
7,1794,0.180383,2.35072639e-05,445.93
7,1796,0.182649,2.35040770e-05,446.41
7,1798,0.160228,2.35008865e-05,446.94
7,1800,0.185183,2.34976997e-05,447.48
7,1802,0.188369,2.34945110e-05,447.97
7,1804,0.138923,2.34913241e-05,448.59
7,1806,0.170379,2.34881390e-05,449.13
7,1808,0.165640,2.34849504e-05,449.63
7,1810,0.138183,2.34817653e-05,450.18
7,1812,0.175064,2.34785766e-05,450.65
7,1814,0.143048,2.34753898e-05,451.11
7,1816,0.163218,2.34722047e-05,451.59
7,1818,0.159574,2.34690160e-05,452.04
7,1820,0.208486,2.34658291e-05,452.59
7,1822,0.154499,2.34626459e-05,453.10
7,1824,0.152197,2.34594590e-05,453.64
7,1826,0.191784,2.34562740e-05,454.19
7,1828,0.186012,2.34530871e-05,454.69
7,1830,0.157475,2.34498984e-05,455.26
7,1832,0.146548,2.34467134e-05,455.75
7,1834,0.204058,2.34435283e-05,456.23
7,1836,0.183799,2.34403396e-05,456.73
7,1838,0.159619,2.34371601e-05,457.24
7,1840,0.147730,2.34339732e-05,457.75
7,1842,0.147321,2.34307881e-05,458.29
7,1844,0.156924,2.34276013e-05,458.75
7,1846,0.148983,2.34244162e-05,459.26
7,1848,0.140008,2.34212312e-05,459.74
7,1850,0.170589,2.34180479e-05,460.23
7,1852,0.154508,2.34148592e-05,460.72
7,1854,0.161500,2.34116796e-05,461.17
7,1856,0.161954,2.34084946e-05,461.71
7,1858,0.188880,2.34053095e-05,462.19
7,1860,0.166111,2.34021263e-05,462.70
7,1862,0.166114,2.33989394e-05,463.16
7,1864,0.175065,2.33957544e-05,463.59
7,1866,0.131171,2.33925712e-05,464.12
7,1868,0.168451,2.33893879e-05,464.63
7,1870,0.174975,2.33862083e-05,465.17
7,1872,0.169152,2.33830233e-05,465.68
7,1874,0.142544,2.33798401e-05,466.15
7,1876,0.176261,2.33766532e-05,466.70
7,1878,0.166392,2.33734700e-05,467.24
7,1880,0.166984,2.33702867e-05,467.74
7,1882,0.182702,2.33671035e-05,468.31
7,1884,0.128439,2.33639203e-05,468.79
7,1886,0.144310,2.33607407e-05,469.24
7,1888,0.162696,2.33575574e-05,469.70
7,1890,0.156199,2.33543742e-05,470.21
7,1892,0.163825,2.33511910e-05,470.70
7,1894,0.149792,2.33480096e-05,471.17
7,1896,0.159191,2.33448282e-05,471.64
7,1898,0.182507,2.33416431e-05,472.15
7,1900,0.176622,2.33384599e-05,472.65
7,1902,0.180330,2.33352803e-05,473.15
7,1904,0.160889,2.33320989e-05,473.65
7,1906,0.177415,2.33289175e-05,474.13
7,1908,0.172252,2.33257342e-05,474.63
7,1910,0.173573,2.33225528e-05,475.05
7,1912,0.153127,2.33193714e-05,475.54
7,1914,0.158838,2.33161882e-05,476.01
7,1916,0.144850,2.33130086e-05,476.56
7,1918,0.180227,2.33098290e-05,477.07
7,1920,0.144151,2.33066476e-05,477.52
7,1922,0.160670,2.33034680e-05,478.00
7,1924,0.152281,2.33002866e-05,478.48
7,1926,0.190519,2.32971051e-05,478.98
7,1928,0.165116,2.32939256e-05,479.47
7,1930,0.161837,2.32907423e-05,479.98
7,1932,0.161316,2.32875627e-05,480.47
7,1934,0.165106,2.32843850e-05,480.99
7,1936,0.160441,2.32812035e-05,481.50
7,1938,0.156882,2.32780239e-05,482.02
7,1940,0.154072,2.32748425e-05,482.53
7,1942,0.163096,2.32716629e-05,483.00
7,1944,0.174456,2.32684815e-05,483.49
7,1946,0.172634,2.32653019e-05,484.03
7,1948,0.185778,2.32621242e-05,484.49
7,1950,0.171178,2.32589464e-05,484.96
7,1952,0.167869,2.32557668e-05,485.46
7,1954,0.179696,2.32525872e-05,485.95
7,1956,0.159230,2.32494058e-05,486.41
7,1958,0.182778,2.32462262e-05,486.94
7,1960,0.178043,2.32430484e-05,487.45
7,1962,0.177377,2.32398688e-05,487.96
7,1964,0.187551,2.32366910e-05,488.48
7,1966,0.178424,2.32335151e-05,488.95
7,1968,0.173280,2.32303373e-05,489.44
7,1970,0.153046,2.32271595e-05,489.96
7,1972,0.157418,2.32239800e-05,490.42
7,1974,0.177874,2.32208004e-05,490.91
7,1976,0.172487,2.32176208e-05,491.41
7,1978,0.155028,2.32144448e-05,491.90
7,1980,0.183570,2.32112670e-05,492.41
7,1982,0.161353,2.32080911e-05,492.89
7,1984,0.162952,2.32049133e-05,493.38
7,1986,0.173572,2.32017355e-05,493.88
7,1988,0.195579,2.31985578e-05,494.37
7,1990,0.166589,2.31953782e-05,494.85
7,1992,0.141251,2.31922040e-05,495.42
7,1994,0.178373,2.31890244e-05,495.89
7,1996,0.163815,2.31858467e-05,496.35
7,1998,0.198456,2.31826743e-05,496.86
7,2000,0.164551,2.31794966e-05,497.32
7,2002,0.147594,2.31763188e-05,497.82
7,2004,0.173201,2.31731447e-05,498.30
7,2006,0.161077,2.31699651e-05,498.76
7,2008,0.164555,2.31667909e-05,499.27
7,2010,0.171219,2.31636132e-05,499.71
7,2012,0.178634,2.31604354e-05,500.19
7,2014,0.180434,2.31572649e-05,500.67
7,2016,0.145723,2.31540889e-05,501.19
7,2018,0.186394,2.31509130e-05,501.64
7,2020,0.147880,2.31477352e-05,502.10
7,2022,0.179198,2.31445592e-05,502.60
7,2024,0.175878,2.31413851e-05,503.12
7,2026,0.166705,2.31382091e-05,503.60
7,2028,0.158308,2.31350332e-05,504.11
7,2030,0.191282,2.31318609e-05,504.61
7,2032,0.172483,2.31286867e-05,505.10
7,2034,0.169068,2.31255090e-05,505.62
7,2036,0.171338,2.31223330e-05,506.05
7,2038,0.140312,2.31191589e-05,506.62
7,2040,0.170365,2.31159866e-05,507.14
7,2042,0.159246,2.31128106e-05,507.65
7,2044,0.162250,2.31096346e-05,508.17
7,2046,0.167836,2.31064660e-05,508.70
7,2048,0.162042,2.31032918e-05,509.19
7,2050,0.175762,2.31001159e-05,509.68
7,2052,0.174265,2.30969417e-05,510.22
7,2054,0.173520,2.30937676e-05,510.76
7,2056,0.153122,2.30905953e-05,511.24
7,2058,0.155946,2.30874193e-05,511.68
7,2060,0.162749,2.30842452e-05,512.16
7,2062,0.164531,2.30810765e-05,512.68
7,2064,0.185858,2.30779024e-05,513.13
7,2066,0.181625,2.30747282e-05,513.59
7,2068,0.157643,2.30715559e-05,514.04
7,2070,0.178022,2.30683818e-05,514.50
7,2072,0.178577,2.30652113e-05,514.99
7,2074,0.152039,2.30620353e-05,515.46
7,2076,0.178982,2.30588648e-05,515.98
7,2078,0.172775,2.30556943e-05,516.45
7,2080,0.166724,2.30525220e-05,516.95
7,2082,0.190210,2.30493497e-05,517.41
7,2084,0.136458,2.30461756e-05,517.89
7,2086,0.188920,2.30430051e-05,518.35
7,2088,0.162051,2.30398327e-05,518.87
7,2090,0.172812,2.30366586e-05,519.40
7,2092,0.179924,2.30334881e-05,519.84
7,2094,0.188090,2.30303194e-05,520.41
7,2096,0.126296,2.30271471e-05,520.91
7,2098,0.143761,2.30239748e-05,521.43
7,2100,0.168172,2.30208043e-05,521.87
7,2102,0.168674,2.30176338e-05,522.41
7,2104,0.150827,2.30144633e-05,522.90
7,2106,0.136065,2.30112910e-05,523.36
7,2108,0.172251,2.30081205e-05,523.81
7,2110,0.147825,2.30049518e-05,524.31
7,2112,0.165461,2.30017813e-05,524.74
7,2114,0.172546,2.29986090e-05,525.22
7,2116,0.161629,2.29954403e-05,525.68
7,2118,0.147940,2.29922698e-05,526.24
7,2120,0.135250,2.29890993e-05,526.81
7,2122,0.172813,2.29859288e-05,527.34
7,2124,0.174949,2.29827565e-05,527.80
7,2126,0.191117,2.29795896e-05,528.29
7,2128,0.186831,2.29764210e-05,528.79
7,2130,0.175713,2.29732523e-05,529.30
7,2132,0.174784,2.29700818e-05,529.85
7,2134,0.160030,2.29669113e-05,530.34
7,2136,0.175051,2.29637444e-05,530.85
7,2138,0.138289,2.29605721e-05,531.33
7,2140,0.140892,2.29574034e-05,531.89
7,2142,0.154748,2.29542384e-05,532.38
7,2144,0.173457,2.29510679e-05,532.84
7,2146,0.171776,2.29479010e-05,533.36
7,2148,0.143843,2.29447305e-05,533.94
7,2150,0.158652,2.29415637e-05,534.44
7,2152,0.176794,2.29383932e-05,534.89
7,2154,0.166077,2.29352263e-05,535.41
7,2156,0.185057,2.29320576e-05,535.98
7,2158,0.172468,2.29288926e-05,536.42
7,2160,0.167322,2.29257239e-05,536.92
7,2162,0.157691,2.29225552e-05,537.41
7,2164,0.160349,2.29193884e-05,537.87
7,2166,0.163640,2.29162215e-05,538.50
7,2168,0.188153,2.29130528e-05,539.08
7,2170,0.158947,2.29098841e-05,539.51
7,2172,0.164977,2.29067173e-05,540.03
7,2174,0.124576,2.29035541e-05,540.54
7,2176,0.158156,2.29003872e-05,541.02
7,2178,0.168520,2.28972185e-05,541.50
7,2180,0.179588,2.28940517e-05,542.01
7,2182,0.183255,2.28908848e-05,542.54
7,2184,0.177965,2.28877179e-05,543.04
7,2186,0.176716,2.28845511e-05,543.47
7,2188,0.152092,2.28813842e-05,543.94
7,2190,0.152008,2.28782210e-05,544.39
7,2192,0.170945,2.28750541e-05,544.91
7,2194,0.160461,2.28718909e-05,545.42
7,2196,0.200273,2.28687240e-05,545.89
7,2198,0.174668,2.28655572e-05,546.32
7,2200,0.178921,2.28623903e-05,546.87
7,2202,0.157918,2.28592253e-05,547.35
7,2204,0.183744,2.28560584e-05,547.85
7,2206,0.173341,2.28528970e-05,548.29
7,2208,0.173334,2.28497302e-05,548.77
7,2210,0.184818,2.28465669e-05,549.33
7,2212,0.149139,2.28434019e-05,549.85
7,2214,0.164654,2.28402350e-05,550.32
7,2216,0.170953,2.28370700e-05,550.79
7,2218,0.183856,2.28339049e-05,551.33
7,2220,0.167786,2.28307399e-05,551.79
7,2222,0.159289,2.28275803e-05,552.28
7,2224,0.167419,2.28244153e-05,552.78
7,2226,0.158114,2.28212502e-05,553.28
7,2228,0.156984,2.28180852e-05,553.82
7,2230,0.159245,2.28149220e-05,554.32
7,2232,0.126312,2.28117588e-05,554.80
7,2234,0.166160,2.28085937e-05,555.43
7,2236,0.157543,2.28054287e-05,555.97
7,2238,0.165714,2.28022709e-05,556.51
7,2240,0.141068,2.27991059e-05,557.00
7,2242,0.174905,2.27959408e-05,557.45
7,2244,0.149435,2.27927794e-05,557.92
7,2246,0.164165,2.27896162e-05,558.53
7,2248,0.190622,2.27864530e-05,559.01
7,2250,0.181364,2.27832879e-05,559.52
7,2252,0.165007,2.27801265e-05,559.98
7,2254,0.194155,2.27769651e-05,560.46
7,2256,0.180972,2.27738037e-05,560.98
7,2258,0.173915,2.27706405e-05,561.52
7,2260,0.184827,2.27674773e-05,562.01
7,2262,0.162180,2.27643159e-05,562.63
7,2264,0.156312,2.27611526e-05,563.18
7,2266,0.184674,2.27579912e-05,563.62
7,2268,0.166864,2.27548298e-05,564.10
7,2270,0.178919,2.27516703e-05,564.55
7,2272,0.175811,2.27485107e-05,565.09
7,2274,0.174518,2.27453475e-05,565.58
7,2276,0.173740,2.27421842e-05,566.04
7,2278,0.161056,2.27390246e-05,566.50
7,2280,0.197965,2.27358632e-05,566.99
7,2282,0.176067,2.27327018e-05,567.45
7,2284,0.171118,2.27295386e-05,567.97
7,2286,0.140355,2.27263808e-05,568.43
7,2288,0.160405,2.27232213e-05,568.88
7,2290,0.179675,2.27200617e-05,569.38
7,2292,0.172997,2.27169003e-05,569.83
7,2294,0.160985,2.27137389e-05,570.42
7,2296,0.162624,2.27105793e-05,570.96
7,2298,0.170368,2.27074197e-05,571.44
7,2300,0.181155,2.27042583e-05,571.93
7,2302,0.177407,2.27010987e-05,572.36
7,2304,0.141306,2.26979409e-05,572.90
7,2306,0.164394,2.26947832e-05,573.42
7,2308,0.171383,2.26916200e-05,573.98
7,2310,0.155554,2.26884622e-05,574.49
7,2312,0.171875,2.26853044e-05,574.98
7,2314,0.174895,2.26821430e-05,575.49
7,2316,0.157340,2.26789834e-05,575.99
7,2318,0.167100,2.26758239e-05,576.46
7,2320,0.183729,2.26726697e-05,576.94
7,2322,0.194086,2.26695120e-05,577.47
7,2324,0.175236,2.26663506e-05,577.94
7,2326,0.160707,2.26631928e-05,578.44
7,2328,0.154893,2.26600332e-05,578.95
7,2330,0.181965,2.26568754e-05,579.44
7,2332,0.188979,2.26537159e-05,579.95
7,2334,0.168394,2.26505581e-05,580.44
7,2336,0.147236,2.26474021e-05,580.96
7,2338,0.184634,2.26442462e-05,581.47
7,2340,0.161288,2.26410866e-05,581.94
7,2342,0.176686,2.26379307e-05,582.39
7,2344,0.141990,2.26347729e-05,582.83
7,2346,0.135100,2.26316133e-05,583.29
7,2348,0.177878,2.26284556e-05,583.82
7,2350,0.156989,2.26252996e-05,584.28
7,2352,0.147112,2.26221473e-05,584.74
7,2354,0.162382,2.26189895e-05,585.24
7,2356,0.151949,2.26158299e-05,585.72
7,2358,0.165426,2.26126758e-05,586.22
7,2360,0.139236,2.26095181e-05,586.73
7,2362,0.164847,2.26063621e-05,587.23
7,2364,0.171486,2.26032043e-05,587.71
7,2366,0.166820,2.26000466e-05,588.13
7,2368,0.142872,2.25968961e-05,588.64
7,2370,0.136294,2.25937383e-05,589.15
7,2372,0.166157,2.25905842e-05,589.60
7,2374,0.191941,2.25874246e-05,590.08
7,2376,0.175302,2.25842705e-05,590.59
7,2378,0.164043,2.25811145e-05,591.08
7,2380,0.149143,2.25779586e-05,591.59
7,2382,0.147798,2.25748045e-05,592.11
7,2384,0.154850,2.25716522e-05,592.56
7,2386,0.165248,2.25684944e-05,593.10
7,2388,0.149681,2.25653403e-05,593.55
7,2390,0.202811,2.25621861e-05,594.06
7,2392,0.155644,2.25590320e-05,594.52
7,2394,0.163418,2.25558761e-05,595.01
7,2396,0.161418,2.25527219e-05,595.56
7,2398,0.173785,2.25495660e-05,596.00
7,2400,0.154963,2.25464155e-05,596.48
7,2402,0.167052,2.25432614e-05,596.98
7,2404,0.190452,2.25401072e-05,597.48
7,2406,0.184124,2.25369531e-05,597.99
7,2408,0.170847,2.25337990e-05,598.44
7,2410,0.173611,2.25306430e-05,598.90
7,2412,0.181194,2.25274889e-05,599.35
7,2414,0.145156,2.25243366e-05,599.89
7,2416,0.158513,2.25211879e-05,600.38
7,2418,0.168493,2.25180356e-05,600.87
7,2420,0.143767,2.25148815e-05,601.35
7,2422,0.159280,2.25117274e-05,601.83
7,2424,0.143019,2.25085751e-05,602.35
7,2426,0.183261,2.25054227e-05,602.82
7,2428,0.174028,2.25022686e-05,603.29
7,2430,0.165557,2.24991163e-05,603.73
7,2432,0.168067,2.24959676e-05,604.19
7,2434,0.153313,2.24928135e-05,604.66
7,2436,0.199361,2.24896612e-05,605.10
7,2438,0.164775,2.24865089e-05,605.57
7,2440,0.184998,2.24833566e-05,606.06
7,2442,0.161973,2.24802043e-05,606.52
7,2444,0.175099,2.24770520e-05,607.05
7,2446,0.180361,2.24738997e-05,607.51
7,2448,0.153415,2.24707546e-05,607.96
7,2450,0.163473,2.24676005e-05,608.41
7,2452,0.168502,2.24644500e-05,608.88
7,2454,0.174575,2.24612977e-05,609.36
7,2456,0.164128,2.24581454e-05,609.83
7,2458,0.132294,2.24549949e-05,610.29
7,2460,0.180586,2.24518462e-05,610.81
7,2462,0.169330,2.24486939e-05,611.31
7,2464,0.172162,2.24455453e-05,611.84
7,2466,0.166395,2.24423948e-05,612.36
7,2468,0.189226,2.24392443e-05,612.85
7,2470,0.189379,2.24360956e-05,613.38
7,2472,0.183914,2.24329451e-05,613.87
7,2474,0.154998,2.24297946e-05,614.34
7,2476,0.172209,2.24266441e-05,614.85
7,2478,0.162207,2.24234936e-05,615.33
7,2480,0.152090,2.24203486e-05,615.78
7,2482,0.172113,2.24171981e-05,616.28
7,2484,0.174375,2.24140476e-05,616.79
7,2486,0.151144,2.24108990e-05,617.28
7,2488,0.185856,2.24077485e-05,617.74
7,2490,0.164053,2.24045998e-05,618.27
7,2492,0.146436,2.24014530e-05,618.76
7,2494,0.151589,2.23983025e-05,619.23
7,2496,0.150956,2.23951556e-05,619.69
7,2498,0.162587,2.23920088e-05,620.22
7,2500,0.152656,2.23888601e-05,620.75
7,2502,0.174414,2.23857096e-05,621.22
7,2504,0.167494,2.23825627e-05,621.71
7,2506,0.179719,2.23794141e-05,622.22
7,2508,0.185158,2.23762654e-05,622.73
7,2510,0.168143,2.23731186e-05,623.21
7,2512,0.179107,2.23699717e-05,623.76
7,2514,0.157276,2.23668267e-05,624.24
7,2516,0.159215,2.23636780e-05,624.73
7,2518,0.180405,2.23605293e-05,625.22
7,2520,0.161215,2.23573825e-05,625.65
7,2522,0.168784,2.23542338e-05,626.14
7,2524,0.157335,2.23510888e-05,626.68
7,2526,0.176705,2.23479401e-05,627.16
7,2528,0.172475,2.23447969e-05,627.64
7,2530,0.163000,2.23416500e-05,628.16
7,2532,0.167203,2.23385050e-05,628.67
7,2534,0.182955,2.23353563e-05,629.17
7,2536,0.124175,2.23322095e-05,629.61
7,2538,0.158216,2.23290626e-05,630.23
7,2540,0.171081,2.23259158e-05,630.73
7,2542,0.115230,2.23227707e-05,631.19
7,2544,0.182163,2.23196294e-05,631.73
7,2546,0.176759,2.23164825e-05,632.20
7,2548,0.169765,2.23133375e-05,632.67
7,2550,0.145791,2.23101906e-05,633.18
7,2552,0.169950,2.23070456e-05,633.73
7,2554,0.170942,2.23038987e-05,634.20
7,2556,0.148938,2.23007537e-05,634.76
7,2558,0.188680,2.22976068e-05,635.28
7,2560,0.185634,2.22944673e-05,635.78
7,2562,0.178191,2.22913241e-05,636.33
7,2564,0.158165,2.22881772e-05,636.85
7,2566,0.157864,2.22850322e-05,637.33
7,2568,0.167190,2.22818871e-05,637.83
7,2570,0.168258,2.22787439e-05,638.30
7,2572,0.167011,2.22755989e-05,638.83
7,2574,0.189424,2.22724539e-05,639.35
7,2576,0.187137,2.22693143e-05,639.86
7,2578,0.195566,2.22661693e-05,640.35
7,2580,0.153428,2.22630260e-05,640.91
7,2582,0.167506,2.22598810e-05,641.42
7,2584,0.166604,2.22567396e-05,641.93
7,2586,0.135145,2.22535928e-05,642.39
7,2588,0.156688,2.22504514e-05,642.84
7,2590,0.164332,2.22473082e-05,643.30
7,2592,0.201677,2.22441686e-05,643.79
7,2594,0.203524,2.22410235e-05,644.27
7,2596,0.164503,2.22378803e-05,644.79
7,2598,0.158388,2.22347389e-05,645.33
7,2600,0.185557,2.22315975e-05,645.82
7,2602,0.156164,2.22284525e-05,646.25
7,2604,0.175446,2.22253093e-05,646.80
7,2606,0.172396,2.22221679e-05,647.28
7,2608,0.163010,2.22190301e-05,647.76
7,2610,0.118983,2.22158887e-05,648.22
7,2612,0.199607,2.22127455e-05,648.68
7,2614,0.175606,2.22096041e-05,649.15
7,2616,0.160252,2.22064627e-05,649.67
7,2618,0.148292,2.22033214e-05,650.21
7,2620,0.166954,2.22001800e-05,650.69
7,2622,0.152258,2.21970367e-05,651.19
7,2624,0.169108,2.21938990e-05,651.68
7,2626,0.133561,2.21907576e-05,652.20
7,2628,0.136028,2.21876162e-05,652.67
7,2630,0.157579,2.21844748e-05,653.11
7,2632,0.168970,2.21813334e-05,653.58
7,2634,0.164226,2.21781938e-05,654.10
7,2636,0.185554,2.21750543e-05,654.60
7,2638,0.165429,2.21719110e-05,655.10
7,2640,0.188487,2.21687733e-05,655.59
7,2642,0.171463,2.21656355e-05,656.07
7,2644,0.161105,2.21624941e-05,656.54
7,2646,0.177271,2.21593546e-05,657.00
7,2648,0.152151,2.21562150e-05,657.48
7,2650,0.182096,2.21530736e-05,657.96
7,2652,0.148320,2.21499358e-05,658.47
7,2654,0.164859,2.21467944e-05,658.98
7,2656,0.153972,2.21436603e-05,659.51
7,2658,0.130178,2.21405189e-05,659.95
7,2660,0.176622,2.21373812e-05,660.50
7,2662,0.153431,2.21342416e-05,660.99
7,2664,0.163253,2.21311020e-05,661.50
7,2666,0.164759,2.21279643e-05,662.00
7,2668,0.172954,2.21248265e-05,662.52
7,2670,0.178832,2.21216869e-05,663.01
7,2672,0.148369,2.21185510e-05,663.45
7,2674,0.147644,2.21154132e-05,663.92
7,2676,0.145547,2.21122773e-05,664.42
7,2678,0.147910,2.21091377e-05,664.97
7,2680,0.161302,2.21060000e-05,665.46
7,2682,0.151494,2.21028604e-05,665.97
7,2684,0.145263,2.20997226e-05,666.45
7,2686,0.147228,2.20965849e-05,666.99
7,2688,0.158414,2.20934508e-05,667.49
7,2690,0.162058,2.20903130e-05,668.06
7,2692,0.152380,2.20871752e-05,668.55
7,2694,0.163387,2.20840375e-05,669.02
7,2696,0.180431,2.20809034e-05,669.51
7,2698,0.179099,2.20777674e-05,669.98
7,2700,0.175959,2.20746297e-05,670.48
7,2702,0.169519,2.20714919e-05,670.96
7,2704,0.181865,2.20683578e-05,671.49
7,2706,0.179853,2.20652237e-05,671.99
7,2708,0.128054,2.20620877e-05,672.50
7,2710,0.189289,2.20589500e-05,672.97
7,2712,0.170397,2.20558122e-05,673.43
7,2714,0.165019,2.20526799e-05,673.95
7,2716,0.149286,2.20495422e-05,674.51
7,2718,0.180677,2.20464062e-05,675.04
7,2720,0.165124,2.20432739e-05,675.58
7,2722,0.159035,2.20401398e-05,676.06
7,2724,0.196104,2.20370039e-05,676.59
7,2726,0.196531,2.20338679e-05,677.13
7,2728,0.161219,2.20307320e-05,677.63
7,2730,0.190186,2.20275997e-05,678.18
7,2732,0.217023,2.20244619e-05,678.64
7,2734,0.160278,2.20213278e-05,679.11
7,2736,0.168155,2.20181992e-05,679.60
7,2738,0.154453,2.20150614e-05,680.06
7,2740,0.168387,2.20119273e-05,680.56
7,2742,0.141575,2.20087950e-05,681.10
7,2744,0.172797,2.20056609e-05,681.58
7,2746,0.164179,2.20025249e-05,682.05
7,2748,0.174430,2.19993926e-05,682.50
7,2750,0.167796,2.19962567e-05,682.98
7,2752,0.153827,2.19931280e-05,683.44
7,2754,0.138896,2.19899939e-05,683.98
7,2756,0.174482,2.19868598e-05,684.50
7,2758,0.144562,2.19837275e-05,685.01
7,2760,0.173570,2.19805934e-05,685.51
7,2762,0.157808,2.19774611e-05,685.99
7,2764,0.145380,2.19743270e-05,686.51
7,2766,0.177725,2.19711965e-05,687.08
7,2768,0.151423,2.19680660e-05,687.58
7,2770,0.177582,2.19649355e-05,688.07
7,2772,0.151125,2.19618014e-05,688.60
7,2774,0.164282,2.19586691e-05,689.04
7,2776,0.169570,2.19555368e-05,689.52
7,2778,0.153245,2.19524063e-05,690.08
7,2780,0.160710,2.19492722e-05,690.60
7,2782,0.170975,2.19461417e-05,691.13
7,2784,0.145953,2.19430131e-05,691.62
7,2786,0.165651,2.19398808e-05,692.14
7,2788,0.183122,2.19367485e-05,692.68
7,2790,0.162878,2.19336180e-05,693.13
7,2792,0.159714,2.19304857e-05,693.61
7,2794,0.176209,2.19273552e-05,694.12
7,2796,0.179617,2.19242265e-05,694.69
7,2798,0.159450,2.19210924e-05,695.17
7,2800,0.157416,2.19179674e-05,695.68
7,2802,0.179064,2.19148351e-05,696.19
7,2804,0.174862,2.19117046e-05,696.66
7,2806,0.168291,2.19085759e-05,697.14
7,2808,0.158387,2.19054436e-05,697.63
7,2810,0.139819,2.19023132e-05,698.15
7,2812,0.156273,2.18991827e-05,698.65
7,2814,0.164290,2.18960540e-05,699.16
7,2816,0.166854,2.18929254e-05,699.62
7,2818,0.149678,2.18898003e-05,700.11
7,2820,0.140159,2.18866680e-05,700.61
7,2822,0.171311,2.18835394e-05,701.08
7,2824,0.192324,2.18804107e-05,701.57
7,2826,0.145859,2.18772802e-05,702.11
7,2828,0.163967,2.18741516e-05,702.57
7,2830,0.164043,2.18710229e-05,703.06
7,2832,0.142816,2.18678942e-05,703.55
7,2834,0.178383,2.18647692e-05,704.09
7,2836,0.175477,2.18616406e-05,704.57
7,2838,0.145756,2.18585119e-05,705.15
7,2840,0.157437,2.18553814e-05,705.61
7,2842,0.156309,2.18522546e-05,706.14
7,2844,0.160073,2.18491277e-05,706.66
7,2846,0.170040,2.18459991e-05,707.11
7,2848,0.168502,2.18428704e-05,707.60
7,2850,0.149680,2.18397472e-05,708.10
7,2852,0.170373,2.18366185e-05,708.60
7,2854,0.171272,2.18334917e-05,709.05
7,2856,0.144630,2.18303649e-05,709.53
7,2858,0.163857,2.18272362e-05,710.00
7,2860,0.161207,2.18241112e-05,710.56
7,2862,0.141673,2.18209807e-05,711.01
7,2864,0.168735,2.18178557e-05,711.47
7,2866,0.161936,2.18147343e-05,711.94
7,2868,0.190109,2.18116056e-05,712.39
7,2870,0.172919,2.18084806e-05,712.89
7,2872,0.197673,2.18053519e-05,713.36
7,2874,0.139003,2.18022269e-05,713.85
7,2876,0.184488,2.17991019e-05,714.28
7,2878,0.169941,2.17959750e-05,714.77
7,2880,0.168402,2.17928482e-05,715.27
7,2882,0.169047,2.17897268e-05,715.83
7,2884,0.133910,2.17866018e-05,716.31
7,2886,0.178079,2.17834768e-05,716.80
7,2888,0.162079,2.17803517e-05,717.26
7,2890,0.174540,2.17772267e-05,717.74
7,2892,0.152955,2.17741017e-05,718.26
7,2894,0.154353,2.17709767e-05,718.81
7,2896,0.145095,2.17678516e-05,719.27
7,2898,0.157571,2.17647303e-05,719.79
7,2900,0.174322,2.17616052e-05,720.36
7,2902,0.161533,2.17584802e-05,720.89
7,2904,0.177113,2.17553552e-05,721.35
7,2906,0.186697,2.17522302e-05,721.84
7,2908,0.175465,2.17491070e-05,722.32
7,2910,0.183394,2.17459838e-05,722.79
7,2912,0.185041,2.17428587e-05,723.28
7,2914,0.155184,2.17397373e-05,723.76
7,2916,0.173188,2.17366141e-05,724.25
7,2918,0.175442,2.17334928e-05,724.76
7,2920,0.184404,2.17303677e-05,725.26
7,2922,0.161342,2.17272445e-05,725.74
7,2924,0.166321,2.17241213e-05,726.20
7,2926,0.161665,2.17209981e-05,726.70
7,2928,0.175889,2.17178749e-05,727.15
7,2930,0.140848,2.17147553e-05,727.67
7,2932,0.166242,2.17116340e-05,728.12
7,2934,0.169279,2.17085108e-05,728.60
7,2936,0.152128,2.17053876e-05,729.11
7,2938,0.186339,2.17022662e-05,729.67
7,2940,0.146609,2.16991430e-05,730.23
7,2942,0.130814,2.16960198e-05,730.72
7,2944,0.172585,2.16929002e-05,731.18
7,2946,0.173949,2.16897824e-05,731.70
7,2948,0.156621,2.16866592e-05,732.20
7,2950,0.168687,2.16835360e-05,732.83
7,2952,0.183624,2.16804165e-05,733.37
7,2954,0.165772,2.16772951e-05,733.84
7,2956,0.142188,2.16741737e-05,734.37
7,2958,0.166611,2.16710523e-05,734.86
7,2960,0.169000,2.16679327e-05,735.39
7,2962,0.172429,2.16648150e-05,735.86
7,2964,0.172910,2.16616954e-05,736.38
7,2966,0.163001,2.16585740e-05,736.87
7,2968,0.161691,2.16554527e-05,737.39
7,2970,0.175104,2.16523313e-05,737.86
7,2972,0.156220,2.16492117e-05,738.44
7,2974,0.166218,2.16460921e-05,738.95
7,2976,0.165991,2.16429726e-05,739.38
7,2978,0.143417,2.16398566e-05,739.87
7,2980,0.179449,2.16367353e-05,740.37
7,2982,0.149262,2.16336175e-05,740.89
7,2984,0.159079,2.16304979e-05,741.37
7,2986,0.144793,2.16273766e-05,741.90
7,2988,0.180437,2.16242588e-05,742.36
7,2990,0.155276,2.16211392e-05,742.83
7,2992,0.163817,2.16180215e-05,743.31
7,2994,0.165949,2.16149056e-05,743.77
7,2996,0.169474,2.16117860e-05,744.25
7,2998,0.175859,2.16086682e-05,744.72
7,3000,0.148447,2.16055505e-05,745.15
7,3002,0.150767,2.16024309e-05,745.68
7,3004,0.182844,2.15993150e-05,746.16
7,3006,0.153673,2.15961936e-05,746.65
7,3008,0.174409,2.15930759e-05,747.18
7,3010,0.149013,2.15899636e-05,747.65
7,3012,0.166626,2.15868458e-05,748.10
7,3014,0.154314,2.15837263e-05,748.68
7,3016,0.159043,2.15806103e-05,749.18
7,3018,0.160099,2.15774926e-05,749.68
7,3020,0.171942,2.15743767e-05,750.22
7,3022,0.158642,2.15712589e-05,750.82
7,3024,0.191862,2.15681412e-05,751.33
7,3026,0.166568,2.15650289e-05,751.83
7,3028,0.159278,2.15619111e-05,752.31
7,3030,0.180994,2.15587952e-05,752.76
7,3032,0.170699,2.15556774e-05,753.28
7,3034,0.159733,2.15525615e-05,753.79
7,3036,0.165556,2.15494474e-05,754.27
7,3038,0.143491,2.15463297e-05,754.84
7,3040,0.159168,2.15432137e-05,755.37
7,3042,0.147945,2.15401014e-05,755.88
7,3044,0.151773,2.15369837e-05,756.37
7,3046,0.147296,2.15338696e-05,756.94
7,3048,0.168141,2.15307537e-05,757.48
7,3050,0.176877,2.15276377e-05,757.91
7,3052,0.161371,2.15245236e-05,758.40
7,3054,0.141866,2.15214077e-05,758.89
7,3056,0.147556,2.15182918e-05,759.36
7,3058,0.162564,2.15151831e-05,759.84
7,3060,0.151649,2.15120672e-05,760.38
7,3062,0.176760,2.15089549e-05,760.86
7,3064,0.178936,2.15058371e-05,761.34
7,3066,0.163538,2.15027248e-05,761.84
7,3068,0.179606,2.14996107e-05,762.35
7,3070,0.126981,2.14964948e-05,762.83
7,3072,0.154610,2.14933825e-05,763.36
7,3074,0.154915,2.14902702e-05,763.82
7,3076,0.187858,2.14871579e-05,764.33
7,3078,0.159060,2.14840456e-05,764.84
7,3080,0.175011,2.14809315e-05,765.45
7,3082,0.170016,2.14778156e-05,765.95
7,3084,0.142737,2.14747033e-05,766.48
7,3086,0.153936,2.14715910e-05,766.96
7,3088,0.177967,2.14684787e-05,767.43
7,3090,0.177055,2.14653701e-05,767.92
7,3092,0.177791,2.14622578e-05,768.38
7,3094,0.148413,2.14591455e-05,768.88
7,3096,0.167245,2.14560332e-05,769.35
7,3098,0.178618,2.14529191e-05,769.81
7,3100,0.163999,2.14498068e-05,770.28
7,3102,0.153197,2.14466945e-05,770.77
7,3104,0.143852,2.14435822e-05,771.24
7,3106,0.146347,2.14404736e-05,771.76
7,3108,0.153883,2.14373613e-05,772.24
7,3110,0.180020,2.14342508e-05,772.72
7,3112,0.174083,2.14311403e-05,773.27
7,3114,0.169524,2.14280280e-05,773.84
7,3116,0.167788,2.14249158e-05,774.31
7,3118,0.154645,2.14218071e-05,774.77
7,3120,0.190784,2.14186948e-05,775.25
7,3122,0.165439,2.14155880e-05,775.72
7,3124,0.152042,2.14124775e-05,776.19
7,3126,0.176389,2.14093652e-05,776.72
7,3128,0.131271,2.14062566e-05,777.19
7,3130,0.180970,2.14031443e-05,777.69
7,3132,0.155223,2.14000356e-05,778.13
7,3134,0.145209,2.13969251e-05,778.60
7,3136,0.168334,2.13938147e-05,779.15
7,3138,0.184116,2.13907097e-05,779.66
7,3140,0.156985,2.13875974e-05,780.16
7,3142,0.172584,2.13844887e-05,780.71
7,3144,0.155042,2.13813819e-05,781.16
7,3146,0.129499,2.13782714e-05,781.66
7,3148,0.137663,2.13751609e-05,782.19
7,3150,0.195521,2.13720523e-05,782.67
7,3152,0.166028,2.13689436e-05,783.16
7,3154,0.187281,2.13658386e-05,783.65
7,3156,0.160144,2.13627300e-05,784.17
7,3158,0.139588,2.13596231e-05,784.68
7,3160,0.176334,2.13565145e-05,785.21
7,3162,0.151768,2.13534058e-05,785.76
7,3164,0.185185,2.13502972e-05,786.25
7,3166,0.162248,2.13471885e-05,786.82
7,3168,0.167298,2.13440799e-05,787.29
7,3170,0.162419,2.13409767e-05,787.79
7,3172,0.146147,2.13378680e-05,788.32
7,3174,0.148718,2.13347594e-05,788.86
7,3176,0.164753,2.13316525e-05,789.32
7,3178,0.157587,2.13285475e-05,789.81
7,3180,0.131615,2.13254389e-05,790.30
7,3182,0.177180,2.13223320e-05,790.77
7,3184,0.167613,2.13192252e-05,791.30
7,3186,0.150753,2.13161220e-05,791.76
7,3188,0.181838,2.13130152e-05,792.30
7,3190,0.175403,2.13099083e-05,792.89
7,3192,0.136258,2.13068033e-05,793.36
7,3194,0.158595,2.13036965e-05,793.86
7,3196,0.138669,2.13005897e-05,794.39
7,3198,0.126915,2.12974846e-05,794.87
7,3200,0.155773,2.12943778e-05,795.46
7,3202,0.186215,2.12912764e-05,795.97
7,3204,0.167415,2.12881714e-05,796.51
7,3206,0.185663,2.12850646e-05,797.01
7,3208,0.178534,2.12819596e-05,797.51
7,3210,0.177391,2.12788545e-05,798.03
7,3212,0.193021,2.12757495e-05,798.50
7,3214,0.169354,2.12726445e-05,798.98
7,3216,0.160319,2.12695377e-05,799.55
7,3218,0.152165,2.12664381e-05,800.02
7,3220,0.147631,2.12633331e-05,800.50
7,3222,0.175947,2.12602299e-05,801.01
7,3224,0.173483,2.12571249e-05,801.58
7,3226,0.144098,2.12540217e-05,802.07
7,3228,0.171416,2.12509167e-05,802.59
7,3230,0.157624,2.12478117e-05,803.09
7,3232,0.198064,2.12447085e-05,803.62
7,3234,0.150470,2.12416089e-05,804.14
7,3236,0.164267,2.12385039e-05,804.70
7,3238,0.141921,2.12354025e-05,805.19
7,3240,0.139430,2.12322975e-05,805.67
7,3242,0.153766,2.12291961e-05,806.17
7,3244,0.196290,2.12260911e-05,806.75
7,3246,0.188830,2.12229897e-05,807.23
7,3248,0.151669,2.12198865e-05,807.71
7,3250,0.180444,2.12167870e-05,808.23
7,3252,0.168016,2.12136856e-05,808.69
7,3254,0.173323,2.12105824e-05,809.17
7,3256,0.168790,2.12074792e-05,809.69
7,3258,0.187653,2.12043778e-05,810.18
7,3260,0.170668,2.12012746e-05,810.69
7,3262,0.183791,2.11981751e-05,811.26
7,3264,0.170604,2.11950701e-05,811.71
7,3266,0.137395,2.11919742e-05,812.24
7,3268,0.185142,2.11888728e-05,812.81
7,3270,0.147397,2.11857696e-05,813.40
7,3272,0.175859,2.11826700e-05,813.87
7,3274,0.179158,2.11795686e-05,814.32
7,3276,0.147001,2.11764655e-05,814.83
7,3278,0.177939,2.11733659e-05,815.30
7,3280,0.156021,2.11702663e-05,815.79
7,3282,0.173661,2.11671704e-05,816.27
7,3284,0.162978,2.11640672e-05,816.73
7,3286,0.167007,2.11609677e-05,817.20
7,3288,0.154750,2.11578681e-05,817.68
7,3290,0.157911,2.11547667e-05,818.14
7,3292,0.183605,2.11516672e-05,818.64
7,3294,0.168506,2.11485676e-05,819.10
7,3296,0.154976,2.11454681e-05,819.59
7,3298,0.166155,2.11423721e-05,820.12
7,3300,0.151247,2.11392744e-05,820.59
7,3302,0.196488,2.11361730e-05,821.06
7,3304,0.168546,2.11330735e-05,821.58
7,3306,0.140289,2.11299739e-05,822.04
7,3308,0.181543,2.11268762e-05,822.52
7,3310,0.172781,2.11237784e-05,823.02
7,3312,0.172709,2.11206770e-05,823.47
7,3314,0.176516,2.11175811e-05,823.97
7,3316,0.165303,2.11144852e-05,824.49
7,3318,0.162274,2.11113856e-05,824.94
7,3320,0.159183,2.11082879e-05,825.48
7,3322,0.173640,2.11051902e-05,825.92
7,3324,0.184237,2.11020924e-05,826.38
7,3326,0.189771,2.10989947e-05,826.89
7,3328,0.171475,2.10958988e-05,827.37
7,3330,0.159846,2.10928029e-05,827.90
7,3332,0.169794,2.10897069e-05,828.39
7,3334,0.172644,2.10866092e-05,828.86
7,3336,0.167958,2.10835096e-05,829.37
7,3338,0.176505,2.10804137e-05,829.86
7,3340,0.149004,2.10773160e-05,830.33
7,3342,0.139861,2.10742182e-05,830.82
7,3344,0.171355,2.10711223e-05,831.30
7,3346,0.140041,2.10680319e-05,831.80
7,3348,0.159422,2.10649359e-05,832.33
7,3350,0.157593,2.10618400e-05,832.79
7,3352,0.146986,2.10587423e-05,833.31
7,3354,0.162152,2.10556464e-05,833.79
7,3356,0.157019,2.10525504e-05,834.27
7,3358,0.175789,2.10494545e-05,834.81
7,3360,0.151112,2.10463604e-05,835.24
7,3362,0.149446,2.10432645e-05,835.72
7,3364,0.140821,2.10401722e-05,836.19
7,3366,0.199698,2.10370763e-05,836.70
7,3368,0.145032,2.10339804e-05,837.15
7,3370,0.156236,2.10308845e-05,837.66
7,3372,0.159490,2.10277904e-05,838.14
7,3374,0.158076,2.10246981e-05,838.68
7,3376,0.171494,2.10216022e-05,839.19
7,3378,0.167534,2.10185081e-05,839.70
7,3380,0.153541,2.10154176e-05,840.24
7,3382,0.184320,2.10123217e-05,840.74
7,3384,0.168752,2.10092294e-05,841.25
7,3386,0.176512,2.10061353e-05,841.71
7,3388,0.172396,2.10030412e-05,842.18
7,3390,0.148842,2.09999471e-05,842.66
7,3392,0.155389,2.09968548e-05,843.15
7,3394,0.174517,2.09937589e-05,843.63
7,3396,0.166632,2.09906721e-05,844.14
7,3398,0.150117,2.09875780e-05,844.65
7,3400,0.160948,2.09844839e-05,845.11
7,3402,0.171540,2.09813934e-05,845.65
7,3404,0.165864,2.09782993e-05,846.14
7,3406,0.160828,2.09752052e-05,846.61
7,3408,0.139845,2.09721129e-05,847.06
7,3410,0.171650,2.09690224e-05,847.67
7,3412,0.175018,2.09659338e-05,848.14
7,3414,0.157034,2.09628433e-05,848.63
7,3416,0.142937,2.09597492e-05,849.09
7,3418,0.171857,2.09566570e-05,849.69
7,3420,0.143176,2.09535647e-05,850.21
7,3422,0.157756,2.09504742e-05,850.70
7,3424,0.166492,2.09473819e-05,851.13
7,3426,0.170902,2.09442933e-05,851.59
7,3428,0.176048,2.09412046e-05,852.09
7,3430,0.179281,2.09381142e-05,852.57
7,3432,0.191556,2.09350219e-05,853.07
7,3434,0.189361,2.09319296e-05,853.53
7,3436,0.172717,2.09288410e-05,854.05
7,3438,0.157817,2.09257505e-05,854.56
7,3440,0.148997,2.09226582e-05,855.09
7,3442,0.210711,2.09195696e-05,855.80
7,3444,0.160785,2.09164846e-05,856.36
7,3446,0.149610,2.09133923e-05,856.89
7,3448,0.165811,2.09103018e-05,857.37
7,3450,0.170225,2.09072132e-05,857.84
7,3452,0.176838,2.09041227e-05,858.35
7,3454,0.145541,2.09010341e-05,858.85
7,3456,0.169049,2.08979436e-05,859.37
7,3458,0.177329,2.08948550e-05,859.85
7,3460,0.149109,2.08917718e-05,860.39
7,3462,0.166804,2.08886795e-05,860.88
7,3464,0.160818,2.08855927e-05,861.41
7,3466,0.133793,2.08825040e-05,861.95
7,3468,0.165020,2.08794154e-05,862.42
7,3470,0.186636,2.08763249e-05,862.98
7,3472,0.141714,2.08732381e-05,863.46
7,3474,0.180748,2.08701495e-05,863.97
7,3476,0.180371,2.08670663e-05,864.45
7,3478,0.168459,2.08639776e-05,864.94
7,3480,0.168600,2.08608890e-05,865.41
7,3482,0.152084,2.08578022e-05,865.86
7,3484,0.160697,2.08547153e-05,866.33
7,3486,0.141188,2.08516267e-05,866.82
7,3488,0.174235,2.08485399e-05,867.30
7,3490,0.138902,2.08454549e-05,867.87
7,3492,0.164830,2.08423717e-05,868.40
7,3494,0.169983,2.08392830e-05,868.94
7,3496,0.157400,2.08361962e-05,869.42
7,3498,0.175834,2.08331076e-05,869.97
7,3500,0.178402,2.08300225e-05,870.48
7,3502,0.186517,2.08269375e-05,871.00
7,3504,0.187472,2.08238507e-05,871.48
7,3506,0.148043,2.08207639e-05,872.02
7,3508,0.195732,2.08176825e-05,872.49
7,3510,0.165507,2.08145957e-05,872.95
7,3512,0.166145,2.08115125e-05,873.46
7,3514,0.169831,2.08084257e-05,873.95
7,3516,0.168221,2.08053389e-05,874.47
7,3518,0.152666,2.08022539e-05,874.96
7,3520,0.209371,2.07991707e-05,875.47
7,3522,0.161954,2.07960838e-05,875.94
7,3524,0.168536,2.07930043e-05,876.45
7,3526,0.177090,2.07899193e-05,876.95
7,3528,0.166775,2.07868325e-05,877.49
7,3530,0.142371,2.07837493e-05,877.97
7,3532,0.142006,2.07806661e-05,878.49
7,3534,0.174777,2.07775811e-05,879.05
7,3536,0.171015,2.07744961e-05,879.53
7,3538,0.139756,2.07714129e-05,879.98
7,3540,0.175990,2.07683333e-05,880.50
7,3542,0.157251,2.07652502e-05,881.03
7,3544,0.130078,2.07621670e-05,881.49
7,3546,0.155826,2.07590838e-05,881.93
7,3548,0.149987,2.07559988e-05,882.39
7,3550,0.162946,2.07529156e-05,882.90
7,3552,0.156285,2.07498324e-05,883.43
7,3554,0.162382,2.07467492e-05,883.90
7,3556,0.142369,2.07436697e-05,884.35
7,3558,0.176629,2.07405865e-05,884.92
7,3560,0.166500,2.07375051e-05,885.45
7,3562,0.143588,2.07344237e-05,885.95
7,3564,0.170027,2.07313406e-05,886.39
7,3566,0.163613,2.07282574e-05,886.96
7,3568,0.151223,2.07251760e-05,887.49
7,3570,0.173136,2.07220946e-05,887.95
7,3572,0.172948,2.07190169e-05,888.45
7,3574,0.176844,2.07159374e-05,888.95
7,3576,0.183534,2.07128542e-05,889.55
7,3578,0.143460,2.07097728e-05,890.10
7,3580,0.164063,2.07066914e-05,890.63
7,3582,0.145867,2.07036119e-05,891.17
7,3584,0.183604,2.07005287e-05,891.66
7,3586,0.157603,2.06974491e-05,892.13
7,3588,0.151884,2.06943714e-05,892.61
7,3590,0.176670,2.06912919e-05,893.05
7,3592,0.126760,2.06882123e-05,893.54
7,3594,0.166155,2.06851309e-05,894.00
7,3596,0.165179,2.06820496e-05,894.56
7,3598,0.142264,2.06789700e-05,895.04
7,3600,0.160766,2.06758905e-05,895.52
7,3602,0.161249,2.06728109e-05,896.05
7,3604,0.162852,2.06697368e-05,896.57
7,3606,0.188876,2.06666555e-05,897.03
7,3608,0.151410,2.06635759e-05,897.51
7,3610,0.181096,2.06604964e-05,898.00
7,3612,0.148579,2.06574186e-05,898.46
7,3614,0.156782,2.06543409e-05,898.96
7,3616,0.166749,2.06512614e-05,899.45
7,3618,0.189995,2.06481818e-05,899.99
7,3620,0.169241,2.06451077e-05,900.53
7,3622,0.173532,2.06420282e-05,901.05
7,3624,0.149909,2.06389486e-05,901.55
7,3626,0.139719,2.06358727e-05,902.02
7,3628,0.166023,2.06327950e-05,902.53
7,3630,0.142105,2.06297154e-05,903.04
7,3632,0.177036,2.06266395e-05,903.50
7,3634,0.161534,2.06235618e-05,903.97
7,3636,0.156777,2.06204859e-05,904.53
7,3638,0.158817,2.06174118e-05,904.99
7,3640,0.164866,2.06143322e-05,905.47
7,3642,0.172700,2.06112582e-05,905.91
7,3644,0.168752,2.06081786e-05,906.43
7,3646,0.167567,2.06051027e-05,906.95
7,3648,0.169866,2.06020268e-05,907.46
7,3650,0.156373,2.05989490e-05,907.98
7,3652,0.173440,2.05958786e-05,908.45
7,3654,0.161934,2.05927990e-05,908.89
7,3656,0.147013,2.05897250e-05,909.40
7,3658,0.156212,2.05866490e-05,909.87
7,3660,0.148608,2.05835750e-05,910.36
7,3662,0.156425,2.05804972e-05,910.87
7,3664,0.125538,2.05774195e-05,911.36
7,3666,0.127669,2.05743454e-05,911.87
7,3668,0.149909,2.05712749e-05,912.37
7,3670,0.177440,2.05681990e-05,912.88
7,3672,0.154206,2.05651249e-05,913.40
7,3674,0.169471,2.05620490e-05,913.85
7,3676,0.181814,2.05589749e-05,914.33
7,3678,0.172494,2.05558990e-05,914.89
7,3680,0.171578,2.05528249e-05,915.48
7,3682,0.192863,2.05497508e-05,916.04
7,3684,0.177838,2.05466804e-05,916.58
7,3686,0.192602,2.05436081e-05,917.09
7,3688,0.157189,2.05405322e-05,917.58
7,3690,0.138439,2.05374581e-05,918.10
7,3692,0.154360,2.05343858e-05,918.60
7,3694,0.168351,2.05313117e-05,919.10
7,3696,0.147020,2.05282358e-05,919.58
7,3698,0.165516,2.05251654e-05,920.03
7,3700,0.162100,2.05220949e-05,920.53
7,3702,0.151312,2.05190227e-05,921.06
7,3704,0.155952,2.05159486e-05,921.55
7,3706,0.178060,2.05128781e-05,922.00
7,3708,0.183320,2.05098040e-05,922.48
7,3710,0.137201,2.05067317e-05,922.95
7,3712,0.148644,2.05036595e-05,923.43
7,3714,0.161906,2.05005872e-05,923.96
7,3716,0.173562,2.04975204e-05,924.44
7,3718,0.169947,2.04944463e-05,924.93
7,3720,0.156812,2.04913740e-05,925.41
7,3722,0.164405,2.04883036e-05,925.92
7,3724,0.174905,2.04852331e-05,926.36
7,3726,0.173943,2.04821608e-05,926.85
7,3728,0.181620,2.04790886e-05,927.34
7,3730,0.156593,2.04760181e-05,927.84
7,3732,0.166980,2.04729513e-05,928.28
7,3734,0.174035,2.04698808e-05,928.78
7,3736,0.182383,2.04668104e-05,929.25
7,3738,0.197842,2.04637381e-05,929.70
7,3740,0.160322,2.04606677e-05,930.15
7,3742,0.153897,2.04575990e-05,930.77
7,3744,0.177617,2.04545286e-05,931.29
7,3746,0.150141,2.04514581e-05,931.78
7,3748,0.157524,2.04483913e-05,932.28
7,3750,0.192676,2.04453227e-05,932.75
7,3752,0.151807,2.04422540e-05,933.24
7,3754,0.151833,2.04391818e-05,933.75
7,3756,0.151405,2.04361113e-05,934.21
7,3758,0.143055,2.04330499e-05,934.64
7,3760,0.186239,2.04299740e-05,935.16
7,3762,0.163941,2.04269090e-05,935.66
7,3764,0.179272,2.04238368e-05,936.15
7,3766,0.167517,2.04207718e-05,936.66
7,3768,0.179334,2.04176995e-05,937.14
7,3770,0.159662,2.04146363e-05,937.65
7,3772,0.153384,2.04115695e-05,938.23
7,3774,0.166348,2.04084990e-05,938.77
7,3776,0.192550,2.04054340e-05,939.27
7,3778,0.140297,2.04023618e-05,939.83
7,3780,0.184261,2.03992986e-05,940.26
7,3782,0.154712,2.03962281e-05,940.75
7,3784,0.161770,2.03931631e-05,941.23
7,3786,0.143008,2.03900927e-05,941.71
7,3788,0.147368,2.03870277e-05,942.24
7,3790,0.197032,2.03839663e-05,942.74
7,3792,0.114478,2.03808959e-05,943.24
7,3794,0.168774,2.03778327e-05,943.68
7,3796,0.142410,2.03747622e-05,944.20
7,3798,0.183647,2.03716991e-05,944.67
7,3800,0.158769,2.03686286e-05,945.16
7,3802,0.155438,2.03655654e-05,945.77
7,3804,0.150476,2.03625041e-05,946.26
7,3806,0.173564,2.03594354e-05,946.72
7,3808,0.151276,2.03563723e-05,947.20
7,3810,0.181243,2.03533036e-05,947.68
7,3812,0.183608,2.03502404e-05,948.17
7,3814,0.164426,2.03471700e-05,948.63
7,3816,0.173403,2.03441105e-05,949.10
7,3818,0.179484,2.03410418e-05,949.59
7,3820,0.204404,2.03379786e-05,950.10
7,3822,0.174706,2.03349209e-05,950.61
7,3824,0.158734,2.03318486e-05,951.13
7,3826,0.173380,2.03287891e-05,951.65
7,3828,0.153424,2.03257205e-05,952.16
7,3830,0.163424,2.03226627e-05,952.63
7,3832,0.155836,2.03195923e-05,953.16
7,3834,0.146473,2.03165328e-05,953.69
7,3836,0.186290,2.03134732e-05,954.23
7,3838,0.142249,2.03104028e-05,954.78
7,3840,0.174782,2.03073450e-05,955.26
7,3842,0.180607,2.03042782e-05,955.77
7,3844,0.159185,2.03012187e-05,956.26
7,3846,0.155428,2.02981500e-05,956.75
7,3848,0.159206,2.02950905e-05,957.26
7,3850,0.156841,2.02920237e-05,957.78
7,3852,0.175576,2.02889660e-05,958.29
7,3854,0.178851,2.02859082e-05,958.80
7,3856,0.186963,2.02828414e-05,959.30
7,3858,0.179316,2.02797837e-05,959.78
7,3860,0.173346,2.02767169e-05,960.26
7,3862,0.183248,2.02736574e-05,960.84
7,3864,0.142319,2.02705905e-05,961.33
7,3866,0.151252,2.02675328e-05,961.84
7,3868,0.155967,2.02644751e-05,962.31
7,3870,0.167389,2.02614101e-05,962.84
7,3872,0.138748,2.02583542e-05,963.32
7,3874,0.150169,2.02552874e-05,963.81
7,3876,0.174469,2.02522297e-05,964.29
7,3878,0.158404,2.02491665e-05,964.73
7,3880,0.157045,2.02461088e-05,965.19
7,3882,0.159640,2.02430438e-05,965.69
7,3884,0.158402,2.02399879e-05,966.18
7,3886,0.164708,2.02369283e-05,966.64
7,3888,0.149883,2.02338670e-05,967.13
7,3890,0.162414,2.02308074e-05,967.58
7,3892,0.169093,2.02277461e-05,968.04
7,3894,0.150190,2.02246902e-05,968.50
7,3896,0.178941,2.02216252e-05,969.01
7,3898,0.152497,2.02185711e-05,969.47
7,3900,0.190889,2.02155061e-05,969.93
7,3902,0.156389,2.02124502e-05,970.45
7,3904,0.169327,2.02093961e-05,970.98
7,3906,0.189357,2.02063329e-05,971.44
7,3908,0.166413,2.02032770e-05,971.93
7,3910,0.163678,2.02002138e-05,972.43
7,3912,0.154539,2.01971579e-05,972.90
7,3914,0.134809,2.01940966e-05,973.44
7,3916,0.154789,2.01910425e-05,973.99
7,3918,0.169587,2.01879884e-05,974.41
7,3920,0.177539,2.01849252e-05,974.90
7,3922,0.130569,2.01818712e-05,975.36
7,3924,0.169401,2.01788080e-05,975.90
7,3926,0.141760,2.01757539e-05,976.40
7,3928,0.158131,2.01726943e-05,976.89
7,3930,0.165302,2.01696421e-05,977.41
7,3932,0.164590,2.01665789e-05,977.97
7,3934,0.163795,2.01635248e-05,978.46
7,3936,0.168952,2.01604726e-05,979.02
7,3938,0.171008,2.01574130e-05,979.50
7,3940,0.172985,2.01543589e-05,980.04
7,3942,0.136637,2.01512976e-05,980.53
7,3944,0.167999,2.01482471e-05,981.09
7,3946,0.157243,2.01451858e-05,981.58
7,3948,0.147932,2.01421335e-05,982.12
7,3950,0.159758,2.01390794e-05,982.66
7,3952,0.166754,2.01360217e-05,983.19
7,3954,0.187589,2.01329694e-05,983.65
7,3956,0.165702,2.01299081e-05,984.18
7,3958,0.162096,2.01268595e-05,984.71
7,3960,0.177347,2.01237981e-05,985.21
7,3962,0.170218,2.01207458e-05,985.71
7,3964,0.165105,2.01176881e-05,986.17
7,3966,0.185198,2.01146377e-05,986.68
7,3968,0.217516,2.01115854e-05,987.16
7,3970,0.145503,2.01085277e-05,987.67
7,3972,0.191141,2.01054754e-05,988.17
7,3974,0.160063,2.01024177e-05,988.69
7,3976,0.158799,2.00993672e-05,989.18
7,3978,0.157627,2.00963095e-05,989.63
7,3980,0.122924,2.00932591e-05,990.11
7,3982,0.166648,2.00902086e-05,990.65
7,3984,0.163394,2.00871509e-05,991.16
7,3986,0.152078,2.00841005e-05,991.65
7,3988,0.148654,2.00810446e-05,992.15
7,3990,0.173943,2.00779959e-05,992.65
7,3992,0.163802,2.00749382e-05,993.19
7,3994,0.137943,2.00718878e-05,993.68
7,3996,0.146679,2.00688319e-05,994.18
7,3998,0.146866,2.00657851e-05,994.64
7,4000,0.156329,2.00627346e-05,995.11
7,4002,0.174148,2.00596787e-05,995.64
7,4004,0.152577,2.00566301e-05,996.10
7,4006,0.171246,2.00535742e-05,996.57
7,4008,0.163657,2.00505256e-05,997.03
7,4010,0.159977,2.00474697e-05,997.50
7,4012,0.155782,2.00444229e-05,998.02
7,4014,0.168139,2.00413742e-05,998.56
7,4016,0.162916,2.00383183e-05,999.10
7,4018,0.163989,2.00352715e-05,999.59
7,4020,0.172883,2.00322156e-05,1000.09
7,4022,0.176057,2.00291688e-05,1000.56
7,4024,0.162181,2.00261147e-05,1001.07
7,4026,0.137526,2.00230679e-05,1001.57
7,4028,0.140722,2.00200120e-05,1002.09
7,4030,0.150556,2.00169634e-05,1002.61
7,4032,0.164017,2.00139184e-05,1003.09
7,4034,0.162191,2.00108643e-05,1003.61
7,4036,0.164786,2.00078175e-05,1004.13
7,4038,0.150920,2.00047634e-05,1004.64
7,4040,0.155462,2.00017184e-05,1005.10
7,4042,0.169445,1.99986644e-05,1005.62
7,4044,0.142741,1.99956175e-05,1006.08
7,4046,0.166253,1.99925726e-05,1006.57
7,4048,0.175332,1.99895203e-05,1007.06
7,4050,0.159764,1.99864753e-05,1007.53
7,4052,0.187164,1.99834230e-05,1008.07
7,4054,0.164048,1.99803762e-05,1008.53
7,4056,0.188970,1.99773240e-05,1009.02
7,4058,0.144658,1.99742808e-05,1009.53
7,4060,0.179573,1.99712267e-05,1010.07
7,4062,0.174943,1.99681836e-05,1010.48
7,4064,0.162566,1.99651404e-05,1010.94
7,4066,0.170755,1.99620863e-05,1011.49
7,4068,0.172960,1.99590431e-05,1011.96
7,4070,0.152061,1.99559890e-05,1012.42
7,4072,0.171818,1.99529477e-05,1012.90
7,4074,0.175244,1.99498954e-05,1013.34
7,4076,0.175855,1.99468523e-05,1013.82
7,4078,0.164791,1.99438109e-05,1014.33
7,4080,0.170605,1.99407586e-05,1014.83
7,4082,0.161431,1.99377155e-05,1015.34
7,4084,0.171854,1.99346650e-05,1015.82
7,4086,0.161749,1.99316219e-05,1016.36
7,4088,0.181937,1.99285714e-05,1016.91
7,4090,0.154926,1.99255282e-05,1017.38
7,4092,0.148141,1.99224778e-05,1017.83
7,4094,0.177163,1.99194365e-05,1018.33
7,4096,0.151591,1.99163951e-05,1018.81
7,4098,0.161069,1.99133447e-05,1019.28
7,4100,0.194664,1.99103033e-05,1019.75
7,4102,0.166560,1.99072529e-05,1020.21
7,4104,0.171696,1.99042115e-05,1020.71
7,4106,0.169797,1.99011629e-05,1021.26
7,4108,0.164738,1.98981215e-05,1021.81
7,4110,0.163009,1.98950802e-05,1022.33
7,4112,0.178862,1.98920316e-05,1022.81
7,4114,0.165542,1.98889902e-05,1023.36
7,4116,0.161769,1.98859434e-05,1023.86
7,4118,0.148133,1.98829039e-05,1024.31
7,4120,0.147165,1.98798534e-05,1024.84
7,4122,0.142021,1.98768139e-05,1025.33
7,4124,0.154147,1.98737653e-05,1025.82
7,4126,0.164132,1.98707257e-05,1026.32
7,4128,0.146015,1.98676862e-05,1026.79
7,4130,0.171364,1.98646394e-05,1027.26
7,4132,0.169656,1.98615999e-05,1027.83
7,4134,0.148697,1.98585531e-05,1028.33
7,4136,0.155701,1.98555117e-05,1028.81
7,4138,0.147458,1.98524667e-05,1029.32
7,4140,0.181993,1.98494272e-05,1029.84
7,4142,0.174777,1.98463877e-05,1030.37
7,4144,0.167178,1.98433409e-05,1030.91
7,4146,0.157500,1.98403031e-05,1031.44
7,4148,0.185213,1.98372582e-05,1031.92
7,4150,0.183151,1.98342186e-05,1032.48
7,4152,0.145497,1.98311718e-05,1033.01
7,4154,0.181925,1.98281323e-05,1033.52
7,4156,0.153473,1.98250891e-05,1034.02
7,4158,0.172208,1.98220496e-05,1034.50
7,4160,0.171546,1.98190119e-05,1035.02
7,4162,0.172503,1.98159687e-05,1035.57
7,4164,0.174373,1.98129310e-05,1036.04
7,4166,0.154268,1.98098878e-05,1036.55
7,4168,0.153211,1.98068501e-05,1037.14
7,4170,0.132124,1.98038033e-05,1037.64
7,4172,0.152971,1.98007674e-05,1038.19
7,4174,0.163046,1.97977315e-05,1038.76
7,4176,0.146572,1.97946883e-05,1039.27
7,4178,0.179443,1.97916506e-05,1039.69
7,4180,0.159373,1.97886056e-05,1040.25
7,4182,0.177492,1.97855716e-05,1040.72
7,4184,0.179523,1.97825266e-05,1041.22
7,4186,0.175071,1.97794925e-05,1041.73
7,4188,0.160596,1.97764475e-05,1042.23
7,4190,0.189277,1.97734134e-05,1042.77
7,4192,0.174825,1.97703775e-05,1043.20
7,4194,0.177894,1.97673344e-05,1043.73
7,4196,0.145482,1.97643003e-05,1044.23
7,4198,0.144970,1.97612571e-05,1044.69
7,4200,0.162499,1.97582212e-05,1045.26
7,4202,0.147179,1.97551799e-05,1045.73
7,4204,0.163709,1.97521458e-05,1046.23
7,4206,0.167506,1.97491099e-05,1046.76
7,4208,0.153280,1.97460668e-05,1047.24
7,4210,0.158885,1.97430345e-05,1047.79
7,4212,0.187045,1.97399931e-05,1048.31
7,4214,0.157729,1.97369591e-05,1048.80
7,4216,0.160162,1.97339177e-05,1049.32
7,4218,0.170420,1.97308837e-05,1049.77
7,4220,0.157664,1.97278423e-05,1050.32
7,4222,0.126119,1.97248100e-05,1050.89
7,4224,0.164755,1.97217760e-05,1051.34
7,4226,0.185186,1.97187364e-05,1051.85
7,4228,0.155083,1.97157042e-05,1052.45
7,4230,0.149689,1.97126647e-05,1052.92
7,4232,0.163020,1.97096306e-05,1053.38
7,4234,0.177567,1.97065910e-05,1053.92
7,4236,0.127733,1.97035606e-05,1054.42
7,4238,0.174297,1.97005265e-05,1054.95
7,4240,0.163388,1.96974870e-05,1055.44
7,4242,0.150032,1.96944566e-05,1055.93
7,4244,0.177755,1.96914170e-05,1056.40
7,4246,0.148493,1.96883848e-05,1056.90
7,4248,0.187346,1.96853453e-05,1057.35
7,4250,0.144100,1.96823148e-05,1057.79
7,4252,0.181297,1.96792753e-05,1058.29
7,4254,0.159969,1.96762430e-05,1058.76
7,4256,0.184482,1.96732144e-05,1059.26
7,4258,0.147218,1.96701749e-05,1059.77
7,4260,0.157431,1.96671444e-05,1060.23
7,4262,0.166903,1.96641067e-05,1060.75
7,4264,0.136453,1.96610763e-05,1061.30
7,4266,0.164218,1.96580404e-05,1061.79
7,4268,0.158003,1.96550081e-05,1062.32
7,4270,0.156508,1.96519777e-05,1062.81
7,4272,0.181022,1.96489400e-05,1063.26
7,4274,0.152643,1.96459114e-05,1063.76
7,4276,0.194922,1.96428737e-05,1064.25
7,4278,0.168225,1.96398450e-05,1064.73
7,4280,0.141790,1.96368092e-05,1065.33
7,4282,0.177695,1.96337805e-05,1065.90
7,4284,0.179437,1.96307446e-05,1066.38
7,4286,0.150504,1.96277160e-05,1066.90
7,4288,0.143050,1.96246856e-05,1067.34
7,4290,0.164896,1.96216479e-05,1067.84
7,4292,0.161852,1.96186211e-05,1068.35
7,4294,0.160891,1.96155870e-05,1068.92
7,4296,0.145019,1.96125566e-05,1069.42
7,4298,0.144476,1.96095243e-05,1069.96
7,4300,0.165629,1.96064957e-05,1070.51
7,4302,0.179519,1.96034671e-05,1071.03
7,4304,0.127468,1.96004330e-05,1071.54
7,4306,0.195542,1.95974062e-05,1072.07
7,4308,0.144783,1.95943703e-05,1072.49
7,4310,0.172940,1.95913435e-05,1073.02
7,4312,0.155558,1.95883076e-05,1073.44
7,4314,0.169463,1.95852826e-05,1073.94
7,4316,0.133403,1.95822486e-05,1074.40
7,4318,0.161411,1.95792200e-05,1074.95
7,4320,0.158800,1.95761950e-05,1075.44
7,4322,0.158922,1.95731627e-05,1075.99
7,4324,0.164561,1.95701377e-05,1076.49
7,4326,0.146593,1.95671037e-05,1077.05
7,4328,0.166440,1.95640769e-05,1077.53
7,4330,0.180013,1.95610428e-05,1078.01
7,4332,0.203921,1.95580178e-05,1078.46
7,4334,0.181019,1.95549910e-05,1078.97
7,4336,0.163862,1.95519606e-05,1079.47
7,4338,0.165001,1.95489356e-05,1079.97
7,4340,0.179679,1.95459052e-05,1080.49
7,4342,0.169782,1.95428802e-05,1080.97
7,4344,0.157298,1.95398461e-05,1081.42
7,4346,0.158556,1.95368211e-05,1081.89
7,4348,0.176943,1.95337907e-05,1082.44
7,4350,0.160512,1.95307675e-05,1082.93
7,4352,0.153658,1.95277426e-05,1083.44
7,4354,0.173295,1.95247085e-05,1083.91
7,4356,0.142874,1.95216853e-05,1084.40
7,4358,0.190747,1.95186549e-05,1084.85
7,4360,0.201933,1.95156317e-05,1085.34
7,4362,0.159352,1.95126013e-05,1085.83
7,4364,0.154697,1.95095781e-05,1086.26
7,4366,0.180777,1.95065550e-05,1086.79
7,4368,0.181489,1.95035263e-05,1087.31
7,4370,0.148404,1.95005014e-05,1087.74
7,4372,0.150993,1.94974727e-05,1088.28
7,4374,0.153008,1.94944496e-05,1088.75
7,4376,0.165491,1.94914192e-05,1089.30
7,4378,0.148779,1.94883978e-05,1089.81
7,4380,0.120200,1.94853674e-05,1090.29
7,4382,0.172769,1.94823479e-05,1090.78
7,4384,0.140544,1.94793247e-05,1091.25
7,4386,0.171530,1.94762961e-05,1091.74
7,4388,0.165796,1.94732729e-05,1092.24
7,4390,0.171437,1.94702461e-05,1092.80
7,4392,0.178967,1.94672230e-05,1093.29
7,4394,0.154949,1.94641962e-05,1093.82
7,4396,0.175429,1.94611748e-05,1094.31
7,4398,0.152540,1.94581535e-05,1094.76
7,4400,0.162663,1.94551267e-05,1095.25
7,4402,0.175919,1.94521072e-05,1095.77
7,4404,0.173043,1.94490767e-05,1096.25
7,4406,0.154262,1.94460572e-05,1096.76
7,4408,0.161685,1.94430322e-05,1097.28
7,4410,0.179570,1.94400109e-05,1097.77
7,4412,0.161315,1.94369841e-05,1098.27
7,4414,0.171144,1.94339646e-05,1098.78
7,4416,0.175481,1.94309450e-05,1099.26
7,4418,0.169142,1.94279164e-05,1099.75
7,4420,0.137797,1.94248987e-05,1100.25
7,4422,0.150478,1.94218737e-05,1100.81
7,4424,0.164330,1.94188524e-05,1101.33
7,4426,0.152710,1.94158274e-05,1101.84
7,4428,0.167282,1.94128079e-05,1102.30
7,4430,0.151612,1.94097902e-05,1102.75
7,4432,0.206842,1.94067652e-05,1103.22
7,4434,0.133644,1.94037457e-05,1103.77
7,4436,0.157958,1.94007207e-05,1104.25
7,4438,0.175903,1.93977030e-05,1104.79
7,4440,0.159833,1.93946780e-05,1105.25
7,4442,0.179781,1.93916621e-05,1105.74
7,4444,0.168833,1.93886372e-05,1106.22
7,4446,0.160907,1.93856176e-05,1106.69
7,4448,0.161038,1.93826017e-05,1107.14
7,4450,0.155482,1.93795768e-05,1107.64
7,4452,0.179952,1.93765609e-05,1108.13
7,4454,0.159680,1.93735377e-05,1108.61
7,4456,0.134175,1.93705200e-05,1109.13
7,4458,0.138961,1.93674950e-05,1109.57
7,4460,0.186040,1.93644792e-05,1110.17
7,4462,0.175756,1.93614560e-05,1110.76
7,4464,0.178088,1.93584401e-05,1111.19
7,4466,0.171109,1.93554260e-05,1111.68
7,4468,0.156509,1.93524011e-05,1112.16
7,4470,0.146624,1.93493852e-05,1112.71
7,4472,0.139310,1.93463620e-05,1113.22
7,4474,0.132510,1.93433461e-05,1113.65
7,4476,0.178726,1.93403248e-05,1114.22
7,4478,0.181254,1.93373089e-05,1114.69
7,4480,0.155840,1.93342967e-05,1115.19
7,4482,0.136203,1.93312735e-05,1115.65
7,4484,0.155268,1.93282594e-05,1116.12
7,4486,0.177064,1.93252381e-05,1116.62
7,4488,0.173769,1.93222222e-05,1117.09
7,4490,0.169158,1.93192009e-05,1117.63
7,4492,0.158831,1.93161886e-05,1118.09
7,4494,0.154056,1.93131655e-05,1118.65
7,4496,0.156402,1.93101514e-05,1119.18
7,4498,0.172651,1.93071392e-05,1119.67
7,4500,0.184713,1.93041178e-05,1120.18
7,4502,0.186473,1.93011056e-05,1120.73
7,4504,0.168904,1.92980842e-05,1121.21
7,4506,0.180789,1.92950720e-05,1121.69
7,4508,0.154611,1.92920525e-05,1122.15
7,4510,0.184359,1.92890384e-05,1122.62
7,4512,0.168029,1.92860261e-05,1123.08
7,4514,0.165795,1.92830066e-05,1123.58
7,4516,0.169672,1.92799944e-05,1124.02
7,4518,0.149941,1.92769749e-05,1124.51
7,4520,0.163762,1.92739644e-05,1124.97
7,4522,0.166641,1.92709431e-05,1125.54
7,4524,0.163213,1.92679308e-05,1126.02
7,4526,0.163833,1.92649150e-05,1126.50
7,4528,0.165811,1.92619027e-05,1127.05
7,4530,0.185504,1.92588923e-05,1127.53
7,4532,0.186432,1.92558728e-05,1128.07
7,4534,0.159869,1.92528605e-05,1128.54
7,4536,0.169757,1.92498446e-05,1128.97
7,4538,0.177809,1.92468342e-05,1129.45
7,4540,0.137569,1.92438147e-05,1129.91
7,4542,0.171475,1.92408079e-05,1130.45
7,4544,0.178992,1.92377956e-05,1131.01
7,4546,0.163355,1.92347779e-05,1131.48
7,4548,0.180393,1.92317675e-05,1131.92
7,4550,0.184106,1.92287516e-05,1132.42
7,4552,0.173992,1.92257412e-05,1132.90
7,4554,0.161299,1.92227235e-05,1133.35
7,4556,0.158532,1.92197167e-05,1133.82
7,4558,0.165200,1.92166990e-05,1134.33
7,4560,0.155805,1.92136904e-05,1134.78
7,4562,0.134471,1.92106836e-05,1135.28
7,4564,0.172259,1.92076659e-05,1135.80
7,4566,0.158309,1.92046573e-05,1136.31
7,4568,0.160868,1.92016414e-05,1136.74
7,4570,0.163294,1.91986328e-05,1137.26
7,4572,0.156403,1.91956169e-05,1137.78
7,4574,0.152915,1.91926083e-05,1138.26
7,4576,0.131380,1.91896015e-05,1138.73
7,4578,0.146985,1.91865875e-05,1139.22
7,4580,0.148316,1.91835788e-05,1139.69
7,4582,0.123928,1.91805648e-05,1140.18
7,4584,0.187361,1.91775598e-05,1140.74
7,4586,0.150724,1.91745421e-05,1141.22
7,4588,0.165824,1.91715353e-05,1141.72
7,4590,0.156841,1.91685212e-05,1142.18
7,4592,0.181267,1.91655163e-05,1142.72
7,4594,0.175201,1.91625095e-05,1143.20
7,4596,0.168059,1.91594954e-05,1143.67
7,4598,0.145039,1.91564886e-05,1144.17
7,4600,0.175543,1.91534764e-05,1144.61
7,4602,0.170742,1.91504696e-05,1145.09
7,4604,0.137320,1.91474555e-05,1145.61
7,4606,0.158821,1.91444524e-05,1146.12
7,4608,0.147884,1.91414456e-05,1146.64
7,4610,0.155916,1.91384333e-05,1147.15
7,4612,0.141036,1.91354266e-05,1147.62
7,4614,0.165117,1.91324143e-05,1148.11
7,4616,0.185479,1.91294112e-05,1148.61
7,4618,0.151810,1.91263971e-05,1149.10
7,4620,0.162361,1.91233939e-05,1149.61
7,4622,0.167930,1.91203817e-05,1150.09
7,4624,0.183650,1.91173767e-05,1150.63
7,4626,0.157748,1.91143736e-05,1151.10
7,4628,0.157972,1.91113631e-05,1151.59
7,4630,0.156124,1.91083582e-05,1152.09
7,4632,0.155937,1.91053477e-05,1152.60
7,4634,0.188199,1.91023446e-05,1153.15
7,4636,0.161536,1.90993342e-05,1153.65
7,4638,0.155921,1.90963292e-05,1154.13
7,4640,0.162635,1.90933279e-05,1154.55
7,4642,0.152564,1.90903156e-05,1154.99
7,4644,0.174829,1.90873161e-05,1155.53
7,4646,0.129996,1.90843039e-05,1156.02
7,4648,0.199577,1.90813025e-05,1156.52
7,4650,0.148941,1.90782903e-05,1157.04
7,4652,0.190234,1.90752908e-05,1157.50
7,4654,0.161034,1.90722803e-05,1157.94
7,4656,0.141903,1.90692790e-05,1158.45
7,4658,0.161984,1.90662759e-05,1158.94
7,4660,0.163601,1.90632691e-05,1159.46
7,4662,0.132685,1.90602659e-05,1159.99
7,4664,0.145983,1.90572591e-05,1160.48
7,4666,0.152423,1.90542578e-05,1160.94
7,4668,0.164325,1.90512474e-05,1161.43
7,4670,0.134780,1.90482479e-05,1161.92
7,4672,0.178511,1.90452465e-05,1162.44
7,4674,0.164433,1.90422379e-05,1162.97
7,4676,0.164494,1.90392384e-05,1163.46
7,4678,0.181374,1.90362298e-05,1163.99
7,4680,0.162712,1.90332303e-05,1164.43
7,4682,0.174649,1.90302235e-05,1164.92
7,4684,0.175294,1.90272240e-05,1165.44
7,4686,0.164929,1.90242172e-05,1165.90
7,4688,0.149939,1.90212177e-05,1166.34
7,4690,0.160011,1.90182182e-05,1166.80
7,4692,0.161295,1.90152114e-05,1167.28
7,4694,0.170998,1.90122137e-05,1167.72
7,4696,0.163710,1.90092051e-05,1168.25
7,4698,0.151010,1.90062074e-05,1168.69
7,4700,0.161057,1.90032024e-05,1169.13
7,4702,0.170008,1.90002011e-05,1169.66
7,4704,0.158433,1.89972052e-05,1170.15
7,4706,0.174499,1.89941984e-05,1170.70
7,4708,0.157563,1.89912025e-05,1171.18
7,4710,0.134526,1.89881957e-05,1171.65
7,4712,0.136305,1.89851980e-05,1172.14
7,4714,0.146952,1.89821931e-05,1172.61
7,4716,0.131530,1.89791954e-05,1173.07
7,4718,0.152842,1.89761904e-05,1173.61
7,4720,0.164249,1.89731945e-05,1174.10
7,4722,0.163862,1.89701968e-05,1174.59
7,4724,0.158914,1.89671919e-05,1175.08
7,4726,0.167281,1.89641942e-05,1175.62
7,4728,0.147922,1.89611928e-05,1176.10
7,4730,0.156365,1.89581951e-05,1176.62
7,4732,0.150690,1.89551902e-05,1177.12
7,4734,0.152265,1.89521943e-05,1177.62
7,4736,0.168768,1.89491984e-05,1178.11
7,4738,0.170241,1.89461971e-05,1178.62
7,4740,0.152260,1.89432012e-05,1179.17
7,4742,0.155376,1.89401999e-05,1179.75
7,4744,0.162980,1.89372040e-05,1180.22
7,4746,0.158129,1.89341990e-05,1180.73
7,4748,0.163153,1.89312068e-05,1181.23
7,4750,0.177375,1.89282036e-05,1181.70
7,4752,0.142420,1.89252078e-05,1182.24
7,4754,0.179279,1.89222119e-05,1182.70
7,4756,0.169325,1.89192124e-05,1183.22
7,4758,0.173047,1.89162165e-05,1183.68
7,4760,0.152279,1.89132170e-05,1184.18
7,4762,0.165574,1.89102211e-05,1184.68
7,4764,0.185152,1.89072216e-05,1185.17
7,4766,0.128317,1.89042275e-05,1185.72
7,4768,0.165951,1.89012335e-05,1186.21
7,4770,0.154088,1.88982340e-05,1186.67
7,4772,0.179210,1.88952381e-05,1187.19
7,4774,0.166916,1.88922386e-05,1187.67
7,4776,0.174850,1.88892463e-05,1188.20
7,4778,0.144536,1.88862468e-05,1188.75
7,4780,0.181682,1.88832528e-05,1189.21
7,4782,0.158776,1.88802533e-05,1189.68
7,4784,0.162080,1.88772628e-05,1190.19
7,4786,0.138584,1.88742688e-05,1190.64
7,4788,0.163754,1.88712693e-05,1191.16
7,4790,0.189603,1.88682770e-05,1191.62
7,4792,0.155643,1.88652793e-05,1192.19
7,4794,0.159110,1.88622871e-05,1192.68
7,4796,0.174237,1.88592894e-05,1193.19
7,4798,0.164072,1.88562990e-05,1193.68
7,4800,0.162744,1.88533068e-05,1194.15
7,4802,0.165658,1.88503072e-05,1194.60
7,4804,0.148844,1.88473168e-05,1195.07
7,4806,0.170869,1.88443191e-05,1195.53
7,4808,0.162363,1.88413287e-05,1195.99
7,4810,0.173891,1.88383310e-05,1196.51
7,4812,0.152736,1.88353406e-05,1197.05
7,4814,0.180272,1.88323429e-05,1197.53
7,4816,0.167635,1.88293525e-05,1198.04
7,4818,0.181849,1.88263621e-05,1198.51
7,4820,0.144818,1.88233662e-05,1198.94
7,4822,0.149474,1.88203758e-05,1199.42
7,4824,0.169642,1.88173781e-05,1199.91
7,4826,0.169807,1.88143913e-05,1200.37
7,4828,0.156497,1.88113954e-05,1200.88
7,4830,0.152816,1.88084050e-05,1201.38
7,4832,0.162473,1.88054164e-05,1201.95
7,4834,0.157933,1.88024205e-05,1202.41
7,4836,0.150431,1.87994337e-05,1202.90
7,4838,0.160554,1.87964379e-05,1203.34
7,4840,0.161023,1.87934493e-05,1203.86
7,4842,0.163535,1.87904534e-05,1204.38
7,4844,0.179690,1.87874648e-05,1204.93
7,4846,0.172749,1.87844726e-05,1205.43
7,4848,0.151059,1.87814840e-05,1205.93
7,4850,0.161376,1.87784972e-05,1206.47
7,4852,0.165206,1.87755013e-05,1206.96
7,4854,0.142227,1.87725145e-05,1207.43
7,4856,0.161084,1.87695186e-05,1207.91
7,4858,0.144110,1.87665319e-05,1208.38
7,4860,0.163706,1.87635396e-05,1208.84
7,4862,0.131407,1.87605510e-05,1209.38
7,4864,0.161671,1.87575642e-05,1209.92
7,4866,0.158717,1.87545720e-05,1210.41
7,4868,0.163666,1.87515852e-05,1210.91
7,4870,0.156374,1.87485930e-05,1211.38
7,4872,0.165852,1.87456062e-05,1211.87
7,4874,0.144659,1.87426158e-05,1212.33
7,4876,0.191261,1.87396272e-05,1212.82
7,4878,0.157625,1.87366368e-05,1213.29
7,4880,0.184992,1.87336536e-05,1213.72
7,4882,0.172310,1.87306650e-05,1214.21
7,4884,0.158143,1.87276746e-05,1214.68
7,4886,0.188481,1.87246915e-05,1215.19
7,4888,0.159032,1.87216992e-05,1215.80
7,4890,0.160319,1.87187125e-05,1216.30
7,4892,0.163328,1.87157202e-05,1216.78
7,4894,0.150440,1.87127371e-05,1217.27
7,4896,0.168173,1.87097539e-05,1217.75
7,4898,0.178678,1.87067617e-05,1218.24
7,4900,0.148111,1.87037786e-05,1218.67
7,4902,0.192079,1.87007881e-05,1219.13
7,4904,0.155686,1.86978050e-05,1219.62
7,4906,0.146107,1.86948146e-05,1220.10
7,4908,0.155464,1.86918314e-05,1220.58
7,4910,0.156361,1.86888428e-05,1221.04
7,4912,0.159056,1.86858579e-05,1221.50
7,4914,0.170082,1.86828747e-05,1222.01
7,4916,0.142621,1.86798861e-05,1222.50
7,4918,0.166335,1.86769048e-05,1222.98
7,4920,0.132922,1.86739126e-05,1223.52
7,4922,0.153276,1.86709331e-05,1224.00
7,4924,0.170832,1.86679426e-05,1224.49
7,4926,0.189322,1.86649613e-05,1225.02
7,4928,0.161925,1.86619800e-05,1225.51
7,4930,0.194018,1.86589914e-05,1226.00
7,4932,0.143611,1.86560101e-05,1226.52
7,4934,0.136380,1.86530233e-05,1227.00
7,4936,0.174121,1.86500420e-05,1227.52
7,4938,0.171166,1.86470515e-05,1228.04
7,4940,0.175368,1.86440720e-05,1228.58
7,4942,0.162383,1.86410853e-05,1229.16
7,4944,0.164206,1.86381039e-05,1229.66
7,4946,0.194684,1.86351226e-05,1230.17
7,4948,0.158422,1.86321358e-05,1230.63
7,4950,0.143440,1.86291563e-05,1231.15
7,4952,0.165376,1.86261695e-05,1231.67
7,4954,0.148811,1.86231900e-05,1232.18
7,4956,0.176780,1.86202033e-05,1232.61
7,4958,0.147246,1.86172238e-05,1233.10
7,4960,0.170684,1.86142443e-05,1233.61
7,4962,0.156193,1.86112593e-05,1234.08
7,4964,0.151130,1.86082798e-05,1234.55
7,4966,0.163582,1.86052948e-05,1235.04
7,4968,0.151200,1.86023171e-05,1235.52
7,4970,0.121869,1.85993304e-05,1236.03
7,4972,0.152411,1.85963527e-05,1236.49
7,4974,0.149932,1.85933659e-05,1236.97
7,4976,0.194236,1.85903900e-05,1237.45
7,4978,0.181227,1.85874123e-05,1237.94
7,4980,0.161235,1.85844256e-05,1238.49
7,4982,0.165747,1.85814497e-05,1238.98
7,4984,0.182400,1.85784647e-05,1239.51
7,4986,0.154981,1.85754889e-05,1240.05
7,4988,0.143704,1.85725021e-05,1240.56
7,4990,0.161977,1.85695262e-05,1241.05
7,4992,0.168445,1.85665431e-05,1241.50
7,4994,0.157155,1.85635654e-05,1242.00
7,4996,0.151021,1.85605895e-05,1242.49
7,4998,0.171290,1.85576064e-05,1242.95
7,5000,0.159878,1.85546305e-05,1243.43
7,5002,0.166836,1.85516474e-05,1243.92
7,5004,0.184174,1.85486733e-05,1244.36
7,5006,0.154264,1.85456902e-05,1244.88
7,5008,0.167877,1.85427143e-05,1245.35
7,5010,0.157521,1.85397384e-05,1245.85
7,5012,0.154414,1.85367571e-05,1246.39
7,5014,0.161920,1.85337813e-05,1246.95
7,5016,0.145416,1.85307981e-05,1247.44
7,5018,0.165604,1.85278241e-05,1247.90
7,5020,0.136785,1.85248427e-05,1248.38
7,5022,0.152204,1.85218669e-05,1248.90
7,5024,0.158797,1.85188874e-05,1249.44
7,5026,0.146273,1.85159115e-05,1249.91
7,5028,0.175780,1.85129393e-05,1250.41
7,5030,0.184299,1.85099580e-05,1250.90
7,5032,0.147345,1.85069821e-05,1251.38
7,5034,0.163735,1.85040044e-05,1251.87
7,5036,0.171098,1.85010285e-05,1252.34
7,5038,0.147716,1.84980490e-05,1252.88
7,5040,0.166147,1.84950750e-05,1253.36
7,5042,0.178603,1.84921046e-05,1253.85
7,5044,0.178862,1.84891232e-05,1254.34
7,5046,0.161720,1.84861510e-05,1254.83
7,5048,0.164819,1.84831715e-05,1255.34
7,5050,0.200455,1.84802011e-05,1255.78
7,5052,0.157779,1.84772198e-05,1256.31
7,5054,0.161079,1.84742476e-05,1256.87
7,5056,0.168070,1.84712680e-05,1257.30
7,5058,0.161041,1.84682976e-05,1257.80
7,5060,0.147983,1.84653272e-05,1258.27
7,5062,0.151982,1.84623477e-05,1258.77
7,5064,0.154091,1.84593773e-05,1259.27
7,5066,0.149215,1.84563978e-05,1259.75
7,5068,0.147410,1.84534274e-05,1260.26
7,5070,0.166682,1.84504479e-05,1260.83
7,5072,0.149584,1.84474793e-05,1261.37
7,5074,0.141252,1.84445089e-05,1261.88
7,5076,0.178831,1.84415312e-05,1262.34
7,5078,0.135493,1.84385608e-05,1262.89
7,5080,0.147136,1.84355831e-05,1263.41
7,5082,0.193473,1.84326145e-05,1263.86
7,5084,0.164182,1.84296368e-05,1264.40
7,5086,0.166260,1.84266682e-05,1264.97
7,5088,0.149189,1.84236906e-05,1265.45
7,5090,0.143072,1.84207220e-05,1265.93
7,5092,0.160725,1.84177534e-05,1266.36
7,5094,0.176813,1.84147793e-05,1266.84
7,5096,0.159329,1.84118071e-05,1267.31
7,5098,0.169778,1.84088331e-05,1267.77
7,5100,0.169211,1.84058645e-05,1268.27
7,5102,0.156085,1.84028868e-05,1268.75
7,5104,0.134581,1.83999218e-05,1269.22
7,5106,0.170229,1.83969551e-05,1269.72
7,5108,0.144446,1.83939774e-05,1270.23
7,5110,0.137853,1.83910088e-05,1270.69
7,5112,0.158745,1.83880347e-05,1271.25
7,5114,0.152997,1.83850680e-05,1271.75
7,5116,0.149683,1.83820921e-05,1272.29
7,5118,0.151603,1.83791253e-05,1272.74
7,5120,0.139578,1.83761531e-05,1273.22
7,5122,0.170588,1.83731845e-05,1273.68
7,5124,0.146882,1.83702177e-05,1274.16
7,5126,0.137414,1.83672473e-05,1274.59
7,5128,0.149120,1.83642805e-05,1275.09
7,5130,0.192905,1.83613065e-05,1275.56
7,5132,0.170838,1.83583397e-05,1276.13
7,5134,0.180449,1.83553693e-05,1276.57
7,5136,0.150146,1.83524025e-05,1277.04
7,5138,0.164200,1.83494358e-05,1277.50
7,5140,0.156948,1.83464654e-05,1278.03
7,5142,0.155178,1.83434986e-05,1278.49
7,5144,0.172718,1.83405282e-05,1278.94
7,5146,0.139356,1.83375614e-05,1279.49
7,5148,0.174583,1.83345910e-05,1280.02
7,5150,0.162025,1.83316242e-05,1280.57
7,5152,0.156138,1.83286538e-05,1281.10
7,5154,0.138075,1.83256907e-05,1281.62
7,5156,0.177916,1.83227239e-05,1282.16
7,5158,0.144336,1.83197535e-05,1282.66
7,5160,0.162271,1.83167922e-05,1283.19
7,5162,0.125982,1.83138200e-05,1283.71
7,5164,0.145951,1.83108568e-05,1284.15
7,5166,0.155239,1.83078864e-05,1284.70
7,5168,0.153488,1.83049233e-05,1285.18
7,5170,0.164397,1.83019583e-05,1285.66
7,5172,0.161744,1.82989897e-05,1286.12
7,5174,0.167204,1.82960284e-05,1286.59
7,5176,0.150697,1.82930580e-05,1287.05
7,5178,0.156374,1.82900949e-05,1287.54
7,5180,0.166532,1.82871263e-05,1288.01
7,5182,0.165566,1.82841632e-05,1288.47
7,5184,0.169980,1.82811928e-05,1288.96
7,5186,0.125533,1.82782333e-05,1289.43
7,5188,0.159254,1.82752719e-05,1289.93
7,5190,0.141990,1.82723015e-05,1290.43
7,5192,0.192339,1.82693420e-05,1290.94
7,5194,0.139741,1.82663734e-05,1291.36
7,5196,0.166864,1.82634121e-05,1291.87
7,5198,0.142675,1.82604435e-05,1292.33
7,5200,0.163601,1.82574840e-05,1292.84
7,5202,0.191926,1.82545245e-05,1293.26
7,5204,0.176609,1.82515578e-05,1293.82
7,5206,0.157163,1.82485946e-05,1294.30
7,5208,0.165216,1.82456279e-05,1294.79
7,5210,0.157958,1.82426684e-05,1295.29
7,5212,0.161504,1.82397016e-05,1295.81
7,5214,0.148452,1.82367421e-05,1296.33
7,5216,0.181506,1.82337753e-05,1296.85
7,5218,0.142059,1.82308158e-05,1297.34
7,5220,0.159375,1.82278582e-05,1297.88
7,5222,0.149524,1.82248914e-05,1298.37
7,5224,0.187942,1.82219337e-05,1298.85
7,5226,0.155905,1.82189669e-05,1299.32
7,5228,0.170554,1.82160093e-05,1299.86
7,5230,0.166438,1.82130425e-05,1300.37
7,5232,0.135759,1.82100848e-05,1300.85
7,5234,0.169553,1.82071253e-05,1301.31
7,5236,0.144885,1.82041622e-05,1301.81
7,5238,0.193052,1.82012027e-05,1302.34
7,5240,0.197771,1.81982396e-05,1302.86
7,5242,0.135837,1.81952801e-05,1303.34
7,5244,0.176684,1.81923187e-05,1303.81
7,5246,0.149530,1.81893611e-05,1304.34
7,5248,0.163203,1.81863961e-05,1304.86
7,5250,0.164395,1.81834403e-05,1305.36
7,5252,0.174445,1.81804826e-05,1305.90
7,5254,0.150972,1.81775195e-05,1306.38
7,5256,0.137316,1.81745636e-05,1306.83
7,5258,0.171259,1.81715986e-05,1307.35
7,5260,0.164105,1.81686446e-05,1307.80
7,5262,0.156328,1.81656796e-05,1308.30
7,5264,0.141306,1.81627238e-05,1308.84
7,5266,0.133156,1.81597698e-05,1309.28
7,5268,0.159708,1.81568084e-05,1309.73
7,5270,0.152652,1.81538526e-05,1310.22
7,5272,0.146315,1.81508894e-05,1310.72
7,5274,0.151721,1.81479336e-05,1311.23
7,5276,0.171792,1.81449723e-05,1311.69
7,5278,0.155408,1.81420164e-05,1312.15
7,5280,0.167132,1.81390569e-05,1312.59
7,5282,0.170339,1.81361029e-05,1313.08
7,5284,0.168784,1.81331488e-05,1313.56
7,5286,0.157126,1.81301893e-05,1314.07
7,5288,0.188473,1.81272353e-05,1314.54
7,5290,0.173387,1.81242722e-05,1315.01
7,5292,0.188302,1.81213181e-05,1315.57
7,5294,0.142775,1.81183605e-05,1316.08
7,5296,0.154625,1.81154064e-05,1316.52
7,5298,0.156022,1.81124524e-05,1317.02
7,5300,0.188334,1.81094929e-05,1317.56
7,5302,0.137741,1.81065388e-05,1318.00
7,5304,0.156694,1.81035812e-05,1318.48
7,5306,0.149487,1.81006271e-05,1318.93
7,5308,0.155089,1.80976695e-05,1319.49
7,5310,0.165740,1.80947154e-05,1319.97
7,5312,0.162607,1.80917577e-05,1320.50
7,5314,0.167233,1.80888055e-05,1321.09
7,5316,0.126136,1.80858533e-05,1321.53
7,5318,0.166312,1.80828956e-05,1322.02
7,5320,0.177632,1.80799452e-05,1322.49
7,5322,0.159186,1.80769875e-05,1322.94
7,5324,0.180439,1.80740353e-05,1323.40
7,5326,0.154591,1.80710776e-05,1323.86
7,5328,0.165299,1.80681254e-05,1324.36
7,5330,0.164802,1.80651750e-05,1324.81
7,5332,0.172283,1.80622174e-05,1325.35
7,5334,0.204535,1.80592669e-05,1325.79
7,5336,0.176506,1.80563111e-05,1326.27
7,5338,0.154517,1.80533607e-05,1326.73
7,5340,0.168838,1.80504048e-05,1327.26
7,5342,0.176522,1.80474563e-05,1327.71
7,5344,0.137111,1.80444968e-05,1328.22
7,5346,0.179804,1.80415500e-05,1328.72
7,5348,0.154746,1.80385996e-05,1329.26
7,5350,0.144207,1.80356437e-05,1329.78
7,5352,0.159341,1.80326933e-05,1330.29
7,5354,0.169103,1.80297393e-05,1330.80
7,5356,0.144531,1.80267907e-05,1331.27
7,5358,0.171668,1.80238367e-05,1331.77
7,5360,0.133186,1.80208863e-05,1332.25
7,5362,0.177615,1.80179395e-05,1332.73
7,5364,0.173479,1.80149837e-05,1333.27
7,5366,0.137902,1.80120369e-05,1333.72
7,5368,0.169177,1.80090829e-05,1334.27
7,5370,0.145787,1.80061343e-05,1334.80
7,5372,0.172470,1.80031802e-05,1335.30
7,5374,0.150602,1.80002335e-05,1335.90
7,5376,0.152737,1.79972794e-05,1336.40
7,5378,0.166138,1.79943327e-05,1336.98
7,5380,0.126631,1.79913877e-05,1337.43
7,5382,0.146903,1.79884337e-05,1337.93
7,5384,0.173387,1.79854887e-05,1338.40
7,5386,0.149179,1.79825347e-05,1338.87
7,5388,0.168489,1.79795879e-05,1339.33
7,5390,0.158251,1.79766339e-05,1339.84
7,5392,0.127938,1.79736890e-05,1340.33
7,5394,0.174589,1.79707422e-05,1340.78
7,5396,0.152113,1.79677918e-05,1341.30
7,5398,0.164786,1.79648468e-05,1341.79
7,5400,0.164191,1.79618928e-05,1342.25
7,5402,0.157624,1.79589479e-05,1342.79
7,5404,0.161996,1.79559975e-05,1343.29
7,5406,0.167320,1.79530525e-05,1343.86
7,5408,0.142606,1.79501021e-05,1344.34
7,5410,0.174528,1.79471572e-05,1344.87
7,5412,0.139779,1.79442141e-05,1345.34
7,5414,0.137217,1.79412618e-05,1345.88
7,5416,0.163058,1.79383205e-05,1346.34
7,5418,0.174909,1.79353683e-05,1346.85
7,5420,0.163153,1.79324252e-05,1347.34
7,5422,0.158756,1.79294748e-05,1347.85
7,5424,0.163448,1.79265317e-05,1348.32
7,5426,0.171394,1.79235867e-05,1348.82
7,5428,0.170433,1.79206381e-05,1349.29
7,5430,0.154582,1.79176968e-05,1349.74
7,5432,0.149346,1.79147464e-05,1350.23
7,5434,0.124705,1.79118051e-05,1350.71
7,5436,0.148013,1.79088547e-05,1351.20
7,5438,0.176345,1.79059134e-05,1351.67
7,5440,0.176812,1.79029630e-05,1352.11
7,5442,0.150554,1.79000217e-05,1352.60
7,5444,0.164317,1.78970804e-05,1353.04
7,5446,0.172337,1.78941300e-05,1353.58
7,5448,0.135489,1.78911923e-05,1354.05
7,5450,0.181118,1.78882437e-05,1354.49
7,5452,0.171915,1.78853024e-05,1354.96
7,5454,0.157437,1.78823539e-05,1355.39
7,5456,0.176295,1.78794144e-05,1355.95
7,5458,0.159089,1.78764731e-05,1356.51
7,5460,0.145202,1.78735263e-05,1357.02
7,5462,0.160670,1.78705868e-05,1357.52
7,5464,0.150717,1.78676382e-05,1358.07
7,5466,0.164660,1.78646987e-05,1358.52
7,5468,0.147287,1.78617538e-05,1359.00
7,5470,0.180604,1.78588125e-05,1359.49
7,5472,0.157438,1.78558657e-05,1359.95
7,5474,0.156661,1.78529299e-05,1360.52
7,5476,0.155704,1.78499868e-05,1361.01
7,5478,0.164524,1.78470418e-05,1361.52
7,5480,0.178802,1.78441041e-05,1362.05
7,5482,0.174101,1.78411592e-05,1362.52
7,5484,0.138044,1.78382215e-05,1362.97
7,5486,0.149003,1.78352766e-05,1363.53
7,5488,0.155261,1.78323389e-05,1363.99
7,5490,0.175450,1.78293994e-05,1364.50
7,5492,0.165469,1.78264563e-05,1364.98
7,5494,0.161787,1.78235186e-05,1365.44
7,5496,0.156151,1.78205719e-05,1365.95
7,5498,0.160819,1.78176360e-05,1366.41
7,5500,0.145379,1.78146893e-05,1366.90
7,5502,0.183414,1.78117552e-05,1367.39
7,5504,0.155323,1.78088103e-05,1367.84
7,5506,0.178395,1.78058744e-05,1368.31
7,5508,0.154998,1.78029368e-05,1368.74
7,5510,0.186524,1.77999955e-05,1369.22
7,5512,0.159207,1.77970578e-05,1369.77
7,5514,0.138976,1.77941165e-05,1370.25
7,5516,0.157635,1.77911788e-05,1370.75
7,5518,0.148041,1.77882375e-05,1371.22
7,5520,0.169707,1.77853017e-05,1371.74
7,5522,0.146935,1.77823586e-05,1372.23
7,5524,0.154501,1.77794245e-05,1372.79
7,5526,0.155584,1.77764887e-05,1373.24
7,5528,0.149371,1.77735456e-05,1373.75
7,5530,0.139977,1.77706133e-05,1374.27
7,5532,0.178957,1.77676720e-05,1374.73
7,5534,0.168595,1.77647362e-05,1375.29
7,5536,0.155932,1.77617949e-05,1375.75
7,5538,0.155844,1.77588627e-05,1376.29
7,5540,0.163540,1.77559268e-05,1376.78
7,5542,0.186801,1.77529873e-05,1377.34
7,5544,0.179690,1.77500515e-05,1377.92
7,5546,0.138416,1.77471120e-05,1378.46
7,5548,0.167051,1.77441798e-05,1378.90
7,5550,0.133183,1.77412403e-05,1379.36
7,5552,0.173512,1.77383063e-05,1379.85
7,5554,0.154700,1.77353650e-05,1380.36
7,5556,0.136037,1.77324346e-05,1380.93
7,5558,0.135104,1.77295042e-05,1381.44
7,5560,0.166779,1.77265611e-05,1381.92
7,5562,0.154891,1.77236307e-05,1382.35
7,5564,0.147655,1.77206912e-05,1382.89
7,5566,0.162367,1.77177608e-05,1383.44
7,5568,0.198820,1.77148213e-05,1383.95
7,5570,0.183508,1.77118891e-05,1384.43
7,5572,0.212613,1.77089587e-05,1384.96
7,5574,0.143676,1.77060210e-05,1385.45
7,5576,0.155079,1.77030888e-05,1385.89
7,5578,0.168319,1.77001511e-05,1386.48
7,5580,0.146502,1.76972226e-05,1387.01
7,5582,0.175310,1.76942849e-05,1387.53
7,5584,0.167434,1.76913509e-05,1388.02
7,5586,0.151672,1.76884150e-05,1388.54
7,5588,0.150998,1.76854846e-05,1389.03
7,5590,0.161295,1.76825561e-05,1389.55
7,5592,0.154316,1.76796184e-05,1389.98
7,5594,0.152013,1.76766898e-05,1390.45
7,5596,0.177766,1.76737522e-05,1390.94
7,5598,0.161594,1.76708236e-05,1391.45
7,5600,0.167795,1.76678877e-05,1391.92
7,5602,0.161195,1.76649592e-05,1392.46
7,5604,0.153878,1.76620306e-05,1392.92
7,5606,0.160493,1.76590947e-05,1393.39
7,5608,0.191051,1.76561662e-05,1393.94
7,5610,0.146551,1.76532303e-05,1394.44
7,5612,0.162186,1.76503036e-05,1395.03
7,5614,0.161806,1.76473677e-05,1395.49
7,5616,0.149168,1.76444428e-05,1396.02
7,5618,0.174908,1.76415051e-05,1396.51
7,5620,0.168524,1.76385802e-05,1396.99
7,5622,0.132909,1.76356516e-05,1397.46
7,5624,0.147876,1.76327176e-05,1397.93
7,5626,0.161404,1.76297890e-05,1398.42
7,5628,0.149367,1.76268550e-05,1398.96
7,5630,0.179818,1.76239319e-05,1399.47
7,5632,0.176850,1.76209978e-05,1399.99
7,5634,0.192401,1.76180693e-05,1400.49
7,5636,0.191236,1.76151443e-05,1401.02
7,5638,0.154888,1.76122103e-05,1401.52
7,5640,0.152439,1.76092854e-05,1402.01
7,5642,0.177931,1.76063531e-05,1402.47
7,5644,0.155042,1.76034282e-05,1402.98
7,5646,0.154267,1.76004960e-05,1403.39
7,5648,0.161165,1.75975711e-05,1403.89
7,5650,0.149149,1.75946370e-05,1404.45
7,5652,0.166954,1.75917121e-05,1404.94
7,5654,0.176387,1.75887872e-05,1405.44
7,5656,0.163235,1.75858568e-05,1405.96
7,5658,0.146065,1.75829337e-05,1406.46
7,5660,0.165526,1.75800014e-05,1406.95
7,5662,0.170480,1.75770765e-05,1407.48
7,5664,0.163883,1.75741461e-05,1407.92
7,5666,0.133246,1.75712212e-05,1408.38
7,5668,0.151960,1.75682999e-05,1408.88
7,5670,0.152923,1.75653677e-05,1409.46
7,5672,0.158026,1.75624464e-05,1409.92
7,5674,0.172492,1.75595142e-05,1410.42
7,5676,0.150509,1.75565910e-05,1410.98
7,5678,0.179639,1.75536625e-05,1411.45
7,5680,0.173432,1.75507394e-05,1411.95
7,5682,0.144996,1.75478108e-05,1412.41
7,5684,0.183441,1.75448877e-05,1412.87
7,5686,0.171469,1.75419664e-05,1413.33
7,5688,0.138089,1.75390360e-05,1413.78
7,5690,0.155194,1.75361165e-05,1414.31
7,5692,0.157256,1.75331879e-05,1414.77
7,5694,0.162958,1.75302666e-05,1415.23
7,5696,0.150542,1.75273381e-05,1415.73
7,5698,0.182510,1.75244168e-05,1416.23
7,5700,0.151316,1.75214955e-05,1416.74
7,5702,0.151453,1.75185669e-05,1417.21
7,5704,0.157529,1.75156474e-05,1417.70
7,5706,0.142552,1.75127170e-05,1418.18
7,5708,0.146515,1.75097994e-05,1418.63
7,5710,0.159290,1.75068726e-05,1419.14
7,5712,0.166284,1.75039513e-05,1419.61
7,5714,0.152772,1.75010246e-05,1420.06
7,5716,0.159256,1.74981069e-05,1420.61
7,5718,0.141748,1.74951856e-05,1421.08
7,5720,0.141591,1.74922588e-05,1421.51
7,5722,0.152776,1.74893394e-05,1421.95
7,5724,0.147121,1.74864126e-05,1422.45
7,5726,0.176791,1.74834950e-05,1422.93
7,5728,0.144138,1.74805700e-05,1423.41
7,5730,0.172475,1.74776505e-05,1423.92
7,5732,0.186282,1.74747329e-05,1424.45
7,5734,0.176018,1.74718080e-05,1424.92
7,5736,0.164177,1.74688903e-05,1425.48
7,5738,0.151895,1.74659654e-05,1426.00
7,5740,0.147175,1.74630459e-05,1426.49
7,5742,0.169939,1.74601228e-05,1426.95
7,5744,0.153478,1.74572051e-05,1427.52
7,5746,0.170718,1.74542802e-05,1428.05
7,5748,0.159691,1.74513643e-05,1428.55
7,5750,0.154220,1.74484467e-05,1429.04
7,5752,0.155089,1.74455217e-05,1429.51
7,5754,0.154010,1.74426059e-05,1430.01
7,5756,0.143320,1.74396828e-05,1430.57
7,5758,0.152976,1.74367669e-05,1431.02
7,5760,0.155458,1.74338438e-05,1431.53
7,5762,0.185157,1.74309280e-05,1432.06
7,5764,0.176414,1.74280140e-05,1432.58
7,5766,0.160816,1.74250908e-05,1433.06
7,5768,0.152132,1.74221732e-05,1433.52
7,5770,0.143243,1.74192519e-05,1433.95
7,5772,0.175326,1.74163379e-05,1434.48
7,5774,0.168768,1.74134148e-05,1434.94
7,5776,0.140800,1.74105007e-05,1435.42
7,5778,0.181740,1.74075794e-05,1435.93
7,5780,0.126574,1.74046654e-05,1436.42
7,5782,0.149905,1.74017514e-05,1436.90
7,5784,0.179234,1.73988301e-05,1437.36
7,5786,0.139663,1.73959161e-05,1437.84
7,5788,0.148249,1.73929948e-05,1438.37
7,5790,0.156924,1.73900808e-05,1438.85
7,5792,0.169160,1.73871595e-05,1439.29
7,5794,0.161585,1.73842473e-05,1439.80
7,5796,0.136236,1.73813332e-05,1440.32
7,5798,0.162257,1.73784156e-05,1440.78
7,5800,0.178353,1.73754997e-05,1441.27
7,5802,0.129660,1.73725821e-05,1441.70
7,5804,0.154679,1.73696699e-05,1442.20
7,5806,0.172717,1.73667486e-05,1442.74
7,5808,0.167644,1.73638364e-05,1443.18
7,5810,0.173113,1.73609187e-05,1443.64
7,5812,0.181302,1.73580065e-05,1444.14
7,5814,0.172039,1.73550961e-05,1444.62
7,5816,0.175382,1.73521767e-05,1445.08
7,5818,0.169457,1.73492645e-05,1445.55
7,5820,0.188870,1.73463468e-05,1446.03
7,5822,0.167078,1.73434364e-05,1446.60
7,5824,0.161968,1.73405169e-05,1447.10
7,5826,0.149571,1.73376066e-05,1447.64
7,5828,0.146148,1.73346980e-05,1448.18
7,5830,0.169728,1.73317803e-05,1448.65
7,5832,0.141828,1.73288699e-05,1449.15
7,5834,0.147062,1.73259523e-05,1449.69
7,5836,0.135243,1.73230437e-05,1450.20
7,5838,0.179216,1.73201261e-05,1450.73
7,5840,0.146523,1.73172175e-05,1451.18
7,5842,0.150552,1.73142998e-05,1451.66
7,5844,0.179095,1.73113913e-05,1452.16
7,5846,0.164027,1.73084827e-05,1452.67
7,5848,0.147342,1.73055651e-05,1453.15
7,5850,0.161186,1.73026583e-05,1453.67
7,5852,0.167294,1.72997406e-05,1454.20
7,5854,0.139594,1.72968339e-05,1454.69
7,5856,0.164364,1.72939181e-05,1455.15
7,5858,0.161201,1.72910113e-05,1455.64
7,5860,0.172953,1.72881028e-05,1456.13
7,5862,0.166933,1.72851887e-05,1456.59
7,5864,0.150067,1.72822802e-05,1457.07
7,5866,0.162667,1.72793661e-05,1457.50
7,5868,0.147390,1.72764594e-05,1458.00
7,5870,0.174007,1.72735454e-05,1458.45
7,5872,0.158124,1.72706368e-05,1458.97
7,5874,0.151215,1.72677246e-05,1459.46
7,5876,0.166499,1.72648161e-05,1459.93
7,5878,0.158726,1.72619111e-05,1460.47
7,5880,0.165500,1.72589989e-05,1460.94
7,5882,0.196791,1.72560922e-05,1461.38
7,5884,0.179007,1.72531782e-05,1461.83
7,5886,0.147276,1.72502751e-05,1462.39
7,5888,0.174294,1.72473592e-05,1462.85
7,5890,0.157686,1.72444561e-05,1463.33
7,5892,0.137278,1.72415494e-05,1463.82
7,5894,0.181590,1.72386372e-05,1464.31
7,5896,0.160905,1.72357340e-05,1464.85
7,5898,0.139346,1.72328218e-05,1465.34
7,5900,0.164031,1.72299169e-05,1465.84
7,5902,0.157371,1.72270047e-05,1466.38
7,5904,0.175498,1.72241016e-05,1466.91
7,5906,0.175486,1.72211894e-05,1467.42
7,5908,0.191661,1.72182863e-05,1467.87
7,5910,0.181125,1.72153832e-05,1468.37
7,5912,0.166230,1.72124710e-05,1468.83
7,5914,0.194513,1.72095697e-05,1469.34
7,5916,0.145179,1.72066593e-05,1469.80
7,5918,0.163234,1.72037544e-05,1470.27
7,5920,0.163415,1.72008440e-05,1470.79
7,5922,0.190013,1.71979427e-05,1471.33
7,5924,0.138359,1.71950396e-05,1471.87
7,5926,0.166626,1.71921311e-05,1472.35
7,5928,0.189966,1.71892298e-05,1472.82
7,5930,0.166511,1.71863194e-05,1473.26
7,5932,0.138387,1.71834163e-05,1473.81
7,5934,0.180937,1.71805095e-05,1474.37
7,5936,0.146264,1.71776064e-05,1474.84
7,5938,0.166582,1.71746997e-05,1475.31
7,5940,0.138231,1.71717966e-05,1475.84
7,5942,0.159149,1.71688953e-05,1476.34
7,5944,0.136199,1.71659885e-05,1476.84
7,5946,0.170029,1.71630873e-05,1477.38
7,5948,0.174939,1.71601787e-05,1477.88
7,5950,0.163012,1.71572792e-05,1478.40
7,5952,0.167188,1.71543707e-05,1478.91
7,5954,0.156132,1.71514712e-05,1479.39
7,5956,0.141652,1.71485717e-05,1479.89
7,5958,0.155428,1.71456650e-05,1480.36
7,5960,0.131071,1.71427655e-05,1480.82
7,5962,0.162764,1.71398606e-05,1481.26
7,5964,0.161256,1.71369593e-05,1481.73
7,5966,0.163880,1.71340544e-05,1482.21
7,5968,0.169921,1.71311549e-05,1482.65
7,5970,0.174961,1.71282481e-05,1483.20
7,5972,0.174744,1.71253505e-05,1483.71
7,5974,0.158844,1.71224528e-05,1484.20
7,5976,0.153618,1.71195461e-05,1484.74
7,5978,0.160467,1.71166485e-05,1485.26
7,5980,0.169472,1.71137435e-05,1485.70
7,5982,0.141858,1.71108459e-05,1486.24
7,5984,0.156664,1.71079409e-05,1486.76
7,5986,0.180323,1.71050433e-05,1487.21
7,5988,0.158012,1.71021456e-05,1487.69
7,5990,0.145004,1.70992425e-05,1488.17
7,5992,0.123320,1.70963467e-05,1488.66
7,5994,0.140969,1.70934436e-05,1489.12
7,5996,0.131130,1.70905460e-05,1489.66
7,5998,0.156261,1.70876410e-05,1490.16
7,6000,0.157411,1.70847452e-05,1490.66
7,6002,0.171474,1.70818421e-05,1491.16
7,6004,0.173512,1.70789463e-05,1491.68
7,6006,0.158932,1.70760504e-05,1492.17
7,6008,0.148485,1.70731491e-05,1492.64
7,6010,0.181632,1.70702533e-05,1493.08
7,6012,0.175489,1.70673520e-05,1493.63
7,6014,0.128282,1.70644562e-05,1494.14
7,6016,0.164534,1.70615531e-05,1494.71
7,6018,0.143959,1.70586591e-05,1495.18
7,6020,0.176842,1.70557651e-05,1495.74
7,6022,0.181415,1.70528619e-05,1496.19
7,6024,0.151565,1.70499698e-05,1496.69
7,6026,0.166480,1.70470666e-05,1497.24
7,6028,0.174753,1.70441745e-05,1497.81
7,6030,0.148095,1.70412713e-05,1498.33
7,6032,0.165752,1.70383792e-05,1498.89
7,6034,0.148131,1.70354797e-05,1499.42
7,6036,0.154771,1.70325857e-05,1499.93
7,6038,0.177225,1.70296917e-05,1500.41
7,6040,0.159239,1.70267922e-05,1500.88
7,6042,0.138040,1.70238982e-05,1501.37
7,6044,0.156858,1.70209987e-05,1501.99
7,6046,0.189261,1.70181065e-05,1502.51
7,6048,0.149683,1.70152070e-05,1502.97
7,6050,0.131908,1.70123167e-05,1503.45
7,6052,0.127156,1.70094245e-05,1504.02
7,6054,0.160990,1.70065250e-05,1504.51
7,6056,0.164214,1.70036328e-05,1505.13
7,6058,0.144452,1.70007352e-05,1505.62
7,6060,0.169599,1.69978448e-05,1506.13
7,6062,0.129790,1.69949471e-05,1506.61
7,6064,0.145904,1.69920550e-05,1507.05
7,6066,0.172483,1.69891573e-05,1507.55
7,6068,0.167768,1.69862669e-05,1508.12
7,6070,0.161003,1.69833766e-05,1508.55
7,6072,0.180014,1.69804789e-05,1508.99
7,6074,0.175200,1.69775885e-05,1509.48
7,6076,0.140386,1.69746927e-05,1509.95
7,6078,0.152920,1.69718023e-05,1510.53
7,6080,0.177538,1.69689047e-05,1511.02
7,6082,0.185364,1.69660161e-05,1511.51
7,6084,0.140455,1.69631203e-05,1512.00
7,6086,0.143313,1.69602317e-05,1512.47
7,6088,0.171275,1.69573414e-05,1512.96
7,6090,0.159612,1.69544455e-05,1513.47
7,6092,0.160266,1.69515570e-05,1513.92
7,6094,0.173650,1.69486611e-05,1514.34
7,6096,0.162807,1.69457744e-05,1514.79
7,6098,0.155838,1.69428786e-05,1515.31
7,6100,0.135843,1.69399918e-05,1515.77
7,6102,0.176946,1.69371033e-05,1516.34
7,6104,0.193666,1.69342075e-05,1516.77
7,6106,0.152513,1.69313207e-05,1517.23
7,6108,0.133290,1.69284267e-05,1517.72
7,6110,0.165643,1.69255400e-05,1518.26
7,6112,0.140114,1.69226460e-05,1518.77
7,6114,0.145682,1.69197592e-05,1519.29
7,6116,0.168424,1.69168652e-05,1519.76
7,6118,0.158321,1.69139785e-05,1520.26
7,6120,0.177764,1.69110936e-05,1520.70
7,6122,0.190009,1.69081995e-05,1521.17
7,6124,0.161773,1.69053146e-05,1521.63
7,6126,0.163730,1.69024206e-05,1522.09
7,6128,0.141524,1.68995357e-05,1522.61
7,6130,0.158991,1.68966435e-05,1523.05
7,6132,0.167944,1.68937568e-05,1523.56
7,6134,0.146384,1.68908718e-05,1523.98
7,6136,0.156325,1.68879815e-05,1524.48
7,6138,0.170286,1.68850966e-05,1524.93
7,6140,0.155143,1.68822044e-05,1525.43
7,6142,0.154308,1.68793213e-05,1525.89
7,6144,0.154514,1.68764291e-05,1526.36
7,6146,0.144543,1.68735442e-05,1526.87
7,6148,0.162694,1.68706556e-05,1527.42
7,6150,0.165130,1.68677707e-05,1527.92
7,6152,0.158572,1.68648876e-05,1528.49
7,6154,0.160327,1.68619972e-05,1528.97
7,6156,0.157439,1.68591123e-05,1529.45
7,6158,0.137380,1.68562237e-05,1529.95
7,6160,0.173459,1.68533406e-05,1530.42
7,6162,0.143767,1.68504503e-05,1531.03
7,6164,0.179423,1.68475672e-05,1531.57
7,6166,0.206050,1.68446859e-05,1532.03
7,6168,0.153133,1.68417973e-05,1532.48
7,6170,0.134394,1.68389142e-05,1532.92
7,6172,0.144391,1.68360257e-05,1533.42
7,6174,0.161399,1.68331444e-05,1533.89
7,6176,0.168269,1.68302558e-05,1534.39
7,6178,0.127426,1.68273727e-05,1534.90
7,6180,0.155597,1.68244860e-05,1535.36
7,6182,0.135949,1.68216047e-05,1535.85
7,6184,0.161981,1.68187253e-05,1536.28
7,6186,0.164614,1.68158367e-05,1536.79
7,6188,0.150534,1.68129554e-05,1537.25
7,6190,0.163912,1.68100687e-05,1537.76
7,6192,0.177417,1.68071874e-05,1538.28
7,6194,0.166991,1.68043025e-05,1538.74
7,6196,0.169480,1.68014212e-05,1539.25
7,6198,0.141706,1.67985436e-05,1539.76
7,6200,0.151725,1.67956550e-05,1540.23
7,6202,0.156488,1.67927774e-05,1540.72
7,6204,0.166635,1.67898888e-05,1541.19
7,6206,0.167209,1.67870112e-05,1541.66
7,6208,0.145309,1.67841263e-05,1542.15
7,6210,0.171157,1.67812468e-05,1542.63
7,6212,0.161977,1.67783619e-05,1543.11
7,6214,0.166370,1.67754824e-05,1543.60
7,6216,0.173761,1.67726048e-05,1544.11
7,6218,0.146023,1.67697199e-05,1544.63
7,6220,0.153247,1.67668422e-05,1545.13
7,6222,0.157553,1.67639591e-05,1545.63
7,6224,0.179407,1.67610797e-05,1546.09
7,6226,0.166398,1.67581966e-05,1546.60
7,6228,0.165246,1.67553189e-05,1547.06
7,6230,0.142856,1.67524431e-05,1547.55
7,6232,0.174372,1.67495582e-05,1548.06
7,6234,0.193883,1.67466806e-05,1548.62
7,6236,0.166777,1.67437975e-05,1549.09
7,6238,0.148372,1.67409216e-05,1549.57
7,6240,0.168070,1.67380385e-05,1550.09
7,6242,0.152796,1.67351627e-05,1550.58
7,6244,0.161974,1.67322796e-05,1551.06
7,6246,0.135448,1.67294056e-05,1551.55
7,6248,0.164507,1.67265280e-05,1552.07
7,6250,0.137575,1.67236467e-05,1552.56
7,6252,0.165483,1.67207709e-05,1553.10
7,6254,0.153256,1.67178896e-05,1553.61
7,6256,0.163210,1.67150156e-05,1554.06
7,6258,0.186568,1.67121343e-05,1554.55
7,6260,0.150546,1.67092585e-05,1555.03
7,6262,0.134717,1.67063845e-05,1555.47
7,6264,0.158125,1.67035032e-05,1555.99
7,6266,0.186420,1.67006310e-05,1556.45
7,6268,0.154623,1.66977497e-05,1556.97
7,6270,0.155518,1.66948757e-05,1557.46
7,6272,0.154546,1.66919963e-05,1557.93
7,6274,0.181034,1.66891223e-05,1558.35
7,6276,0.154128,1.66862428e-05,1558.85
7,6278,0.159360,1.66833706e-05,1559.31
7,6280,0.220715,1.66804966e-05,1559.84
7,6282,0.164053,1.66776172e-05,1560.31
7,6284,0.146235,1.66747432e-05,1560.77
7,6286,0.150526,1.66718655e-05,1561.28
7,6288,0.172467,1.66689952e-05,1561.81
7,6290,0.167945,1.66661157e-05,1562.28
7,6292,0.164889,1.66632435e-05,1562.76
7,6294,0.167422,1.66603713e-05,1563.23
7,6296,0.166368,1.66574937e-05,1563.72
7,6298,0.207464,1.66546233e-05,1564.22
7,6300,0.147138,1.66517439e-05,1564.76
7,6302,0.159962,1.66488735e-05,1565.28
7,6304,0.168065,1.66459959e-05,1565.75
7,6306,0.154481,1.66431255e-05,1566.27
7,6308,0.140554,1.66402478e-05,1566.74
7,6310,0.170994,1.66373793e-05,1567.22
7,6312,0.170927,1.66345071e-05,1567.71
7,6314,0.149981,1.66316313e-05,1568.19
7,6316,0.175049,1.66287609e-05,1568.71
7,6318,0.168682,1.66258833e-05,1569.18
7,6320,0.139739,1.66230147e-05,1569.69
7,6322,0.149424,1.66201389e-05,1570.18
7,6324,0.160727,1.66172704e-05,1570.61
7,6326,0.143535,1.66144018e-05,1571.10
7,6328,0.172535,1.66115260e-05,1571.60
7,6330,0.186617,1.66086575e-05,1572.10
7,6332,0.154320,1.66057816e-05,1572.56
7,6334,0.158369,1.66029149e-05,1573.06
7,6336,0.153475,1.66000409e-05,1573.55
7,6338,0.180372,1.65971724e-05,1574.02
7,6340,0.157567,1.65942965e-05,1574.50
7,6342,0.151470,1.65914316e-05,1575.00
7,6344,0.150297,1.65885631e-05,1575.49
7,6346,0.187832,1.65856873e-05,1576.04
7,6348,0.131227,1.65828205e-05,1576.51
7,6350,0.188785,1.65799484e-05,1576.97
7,6352,0.153474,1.65770816e-05,1577.47
7,6354,0.169473,1.65742076e-05,1577.95
7,6356,0.169221,1.65713409e-05,1578.39
7,6358,0.131682,1.65684760e-05,1578.92
7,6360,0.152511,1.65656020e-05,1579.39
7,6362,0.149691,1.65627371e-05,1579.89
7,6364,0.152872,1.65598649e-05,1580.40
7,6366,0.143335,1.65569982e-05,1580.88
7,6368,0.149666,1.65541278e-05,1581.37
7,6370,0.141793,1.65512611e-05,1581.86
7,6372,0.187934,1.65483907e-05,1582.34
7,6374,0.166617,1.65455240e-05,1582.84
7,6376,0.137043,1.65426609e-05,1583.31
7,6378,0.171611,1.65397905e-05,1583.74
7,6380,0.151826,1.65369256e-05,1584.27
7,6382,0.164274,1.65340552e-05,1584.71
7,6384,0.170689,1.65311903e-05,1585.29
7,6386,0.181572,1.65283200e-05,1585.84
7,6388,0.158136,1.65254551e-05,1586.32
7,6390,0.162296,1.65225938e-05,1586.83
7,6392,0.159479,1.65197234e-05,1587.36
7,6394,0.161036,1.65168603e-05,1587.82
7,6396,0.155139,1.65139900e-05,1588.27
7,6398,0.161920,1.65111287e-05,1588.75
7,6400,0.156710,1.65082602e-05,1589.28
7,6402,0.177903,1.65053971e-05,1589.84
7,6404,0.171734,1.65025267e-05,1590.31
7,6406,0.163283,1.64996654e-05,1590.81
7,6408,0.155252,1.64968042e-05,1591.40
7,6410,0.179729,1.64939356e-05,1591.88
7,6412,0.141744,1.64910743e-05,1592.38
7,6414,0.137875,1.64882058e-05,1592.89
7,6416,0.160569,1.64853445e-05,1593.41
7,6418,0.165163,1.64824760e-05,1593.91
7,6420,0.155594,1.64796165e-05,1594.43
7,6422,0.150426,1.64767553e-05,1594.93
7,6424,0.136630,1.64738885e-05,1595.40
7,6426,0.150073,1.64710273e-05,1595.90
7,6428,0.141246,1.64681624e-05,1596.41
7,6430,0.160651,1.64653011e-05,1596.88
7,6432,0.169281,1.64624344e-05,1597.35
7,6434,0.160357,1.64595749e-05,1597.89
7,6436,0.187266,1.64567082e-05,1598.37
7,6438,0.125703,1.64538487e-05,1598.88
7,6440,0.146050,1.64509911e-05,1599.40
7,6442,0.175659,1.64481244e-05,1599.86
7,6444,0.158190,1.64452667e-05,1600.37
7,6446,0.178323,1.64424000e-05,1600.91
7,6448,0.151462,1.64395406e-05,1601.47
7,6450,0.153233,1.64366775e-05,1602.13
7,6452,0.171365,1.64338198e-05,1602.65
7,6454,0.154145,1.64309604e-05,1603.17
7,6456,0.155820,1.64280973e-05,1603.61
7,6458,0.153483,1.64252378e-05,1604.18
7,6460,0.164204,1.64223748e-05,1604.65
7,6462,0.139123,1.64195189e-05,1605.18
7,6464,0.166491,1.64166540e-05,1605.68
7,6466,0.154442,1.64137982e-05,1606.26
7,6468,0.157659,1.64109333e-05,1606.73
7,6470,0.144286,1.64080775e-05,1607.28
7,6472,0.152995,1.64052217e-05,1607.72
7,6474,0.170789,1.64023568e-05,1608.21
7,6476,0.166458,1.63995010e-05,1608.67
7,6478,0.153064,1.63966397e-05,1609.18
7,6480,0.165419,1.63937839e-05,1609.66
7,6482,0.169430,1.63909208e-05,1610.20
7,6484,0.161663,1.63880668e-05,1610.74
7,6486,0.162890,1.63852110e-05,1611.22
7,6488,0.154576,1.63823497e-05,1611.73
7,6490,0.181643,1.63794957e-05,1612.24
7,6492,0.150971,1.63766326e-05,1612.78
7,6494,0.170061,1.63737786e-05,1613.35
7,6496,0.176434,1.63709174e-05,1613.77
7,6498,0.168170,1.63680634e-05,1614.26
7,6500,0.161578,1.63652039e-05,1614.80
7,6502,0.141634,1.63623499e-05,1615.30
7,6504,0.141639,1.63594959e-05,1615.83
7,6506,0.166945,1.63566347e-05,1616.28
7,6508,0.152759,1.63537843e-05,1616.81
7,6510,0.183108,1.63509230e-05,1617.23
7,6512,0.163906,1.63480690e-05,1617.69
7,6514,0.182056,1.63452114e-05,1618.29
7,6516,0.141352,1.63423574e-05,1618.78
7,6518,0.159731,1.63395052e-05,1619.32
7,6520,0.149456,1.63366476e-05,1619.86
7,6522,0.161570,1.63337954e-05,1620.39
7,6524,0.131997,1.63309360e-05,1620.93
7,6526,0.151529,1.63280838e-05,1621.46
7,6528,0.160126,1.63252262e-05,1621.95
7,6530,0.122546,1.63223740e-05,1622.39
7,6532,0.175217,1.63195164e-05,1622.85
7,6534,0.153705,1.63166660e-05,1623.41
7,6536,0.158655,1.63138138e-05,1623.91
7,6538,0.158612,1.63109580e-05,1624.38
7,6540,0.147652,1.63081077e-05,1624.93
7,6542,0.165743,1.63052518e-05,1625.40
7,6544,0.168754,1.63024015e-05,1625.93
7,6546,0.159431,1.62995439e-05,1626.48
7,6548,0.157063,1.62966935e-05,1627.00
7,6550,0.170553,1.62938431e-05,1627.43
7,6552,0.126585,1.62909873e-05,1627.92
7,6554,0.183929,1.62881406e-05,1628.40
7,6556,0.151107,1.62852848e-05,1628.93
7,6558,0.180645,1.62824344e-05,1629.39
7,6560,0.152860,1.62795786e-05,1629.85
7,6562,0.168713,1.62767319e-05,1630.40
7,6564,0.155976,1.62738743e-05,1630.85
7,6566,0.144388,1.62710276e-05,1631.33
7,6568,0.172552,1.62681790e-05,1631.77
7,6570,0.172839,1.62653232e-05,1632.24
7,6572,0.161730,1.62624765e-05,1632.72
7,6574,0.147927,1.62596225e-05,1633.19
7,6576,0.139191,1.62567740e-05,1633.69
7,6578,0.171190,1.62539218e-05,1634.26
7,6580,0.142455,1.62510751e-05,1634.74
7,6582,0.166055,1.62482283e-05,1635.17
7,6584,0.156152,1.62453744e-05,1635.60
7,6586,0.166298,1.62425276e-05,1636.17
7,6588,0.153482,1.62396736e-05,1636.66
7,6590,0.173545,1.62368287e-05,1637.13
7,6592,0.169930,1.62339766e-05,1637.63
7,6594,0.167658,1.62311317e-05,1638.08
7,6596,0.154539,1.62282777e-05,1638.55
7,6598,0.171202,1.62254328e-05,1639.03
7,6600,0.155447,1.62225897e-05,1639.51
7,6602,0.158632,1.62197357e-05,1639.98
7,6604,0.162268,1.62168908e-05,1640.48
7,6606,0.152168,1.62140404e-05,1640.96
7,6608,0.175200,1.62111937e-05,1641.49
7,6610,0.154255,1.62083452e-05,1642.03
7,6612,0.165184,1.62054985e-05,1642.58
7,6614,0.139051,1.62026499e-05,1643.11
7,6616,0.166076,1.61998050e-05,1643.61
7,6618,0.174424,1.61969620e-05,1644.04
7,6620,0.157373,1.61941098e-05,1644.52
7,6622,0.153142,1.61912685e-05,1645.02
7,6624,0.168733,1.61884182e-05,1645.53
7,6626,0.144486,1.61855769e-05,1646.03
7,6628,0.095845,1.61827265e-05,1646.57
7,6630,0.154226,1.61798835e-05,1647.10
7,6632,0.147557,1.61770422e-05,1647.57
7,6634,0.148984,1.61741918e-05,1648.05
7,6636,0.154828,1.61713506e-05,1648.54
7,6638,0.144642,1.61685002e-05,1649.03
7,6640,0.167252,1.61656590e-05,1649.50
7,6642,0.152650,1.61628122e-05,1649.95
7,6644,0.174295,1.61599710e-05,1650.41
7,6646,0.175537,1.61571206e-05,1650.90
7,6648,0.148623,1.61542812e-05,1651.43
7,6650,0.143044,1.61514399e-05,1651.93
7,6652,0.170418,1.61485932e-05,1652.43
7,6654,0.163454,1.61457519e-05,1652.96
7,6656,0.168037,1.61429052e-05,1653.46
7,6658,0.151679,1.61400640e-05,1653.97
7,6660,0.173112,1.61372191e-05,1654.47
7,6662,0.156467,1.61343778e-05,1655.00
7,6664,0.146831,1.61315384e-05,1655.52
7,6666,0.170046,1.61286935e-05,1656.02
7,6668,0.157462,1.61258540e-05,1656.51
7,6670,0.170533,1.61230073e-05,1656.96
7,6672,0.158464,1.61201679e-05,1657.49
7,6674,0.168280,1.61173230e-05,1658.00
7,6676,0.151979,1.61144835e-05,1658.56
7,6678,0.162351,1.61116386e-05,1659.06
7,6680,0.144391,1.61088010e-05,1659.57
7,6682,0.163840,1.61059634e-05,1660.00
7,6684,0.164920,1.61031185e-05,1660.51
7,6686,0.151418,1.61002808e-05,1661.03
7,6688,0.159125,1.60974359e-05,1661.57
7,6690,0.158088,1.60945983e-05,1662.04
7,6692,0.161576,1.60917552e-05,1662.58
7,6694,0.159620,1.60889176e-05,1663.06
7,6696,0.164309,1.60860800e-05,1663.59
7,6698,0.147467,1.60832369e-05,1664.09
7,6700,0.168823,1.60804029e-05,1664.60
7,6702,0.151255,1.60775580e-05,1665.19
7,6704,0.156193,1.60747240e-05,1665.70
7,6706,0.143349,1.60718810e-05,1666.21
7,6708,0.145319,1.60690452e-05,1666.65
7,6710,0.150731,1.60662021e-05,1667.18
7,6712,0.160277,1.60633663e-05,1667.69
7,6714,0.144079,1.60605323e-05,1668.29
7,6716,0.135289,1.60576910e-05,1668.79
7,6718,0.151726,1.60548552e-05,1669.28
7,6720,0.144197,1.60520140e-05,1669.77
7,6722,0.177552,1.60491782e-05,1670.30
7,6724,0.138230,1.60463369e-05,1670.79
7,6726,0.152276,1.60435047e-05,1671.22
7,6728,0.171744,1.60406689e-05,1671.74
7,6730,0.160862,1.60378295e-05,1672.19
7,6732,0.135796,1.60349955e-05,1672.71
7,6734,0.141019,1.60321561e-05,1673.17
7,6736,0.158291,1.60293221e-05,1673.69
7,6738,0.137815,1.60264808e-05,1674.13
7,6740,0.177342,1.60236486e-05,1674.65
7,6742,0.152016,1.60208092e-05,1675.21
7,6744,0.133161,1.60179789e-05,1675.77
7,6746,0.179151,1.60151449e-05,1676.32
7,6748,0.167514,1.60123054e-05,1676.78
7,6750,0.146314,1.60094733e-05,1677.31
7,6752,0.156226,1.60066356e-05,1677.77
7,6754,0.162736,1.60038016e-05,1678.30
7,6756,0.178093,1.60009658e-05,1678.87
7,6758,0.155766,1.59981337e-05,1679.41
7,6760,0.169597,1.59953033e-05,1679.88
7,6762,0.176161,1.59924639e-05,1680.32
7,6764,0.151813,1.59896335e-05,1680.81
7,6766,0.176098,1.59867959e-05,1681.29
7,6768,0.144951,1.59839674e-05,1681.78
7,6770,0.166257,1.59811298e-05,1682.26
7,6772,0.148786,1.59782994e-05,1682.75
7,6774,0.152264,1.59754618e-05,1683.27
7,6776,0.162908,1.59726333e-05,1683.80
7,6778,0.163516,1.59698029e-05,1684.28
7,6780,0.169287,1.59669671e-05,1684.78
7,6782,0.162630,1.59641386e-05,1685.26
7,6784,0.147858,1.59613010e-05,1685.73
7,6786,0.146419,1.59584724e-05,1686.27
7,6788,0.141758,1.59556366e-05,1686.77
7,6790,0.172360,1.59528081e-05,1687.24
7,6792,0.162927,1.59499814e-05,1687.80
7,6794,0.153064,1.59471474e-05,1688.29
7,6796,0.141590,1.59443171e-05,1688.81
7,6798,0.152274,1.59414831e-05,1689.34
7,6800,0.145323,1.59386564e-05,1689.82
7,6802,0.151183,1.59358206e-05,1690.29
7,6804,0.172777,1.59329938e-05,1690.87
7,6806,0.166147,1.59301617e-05,1691.33
7,6808,0.187174,1.59273350e-05,1691.78
7,6810,0.169479,1.59245083e-05,1692.30
7,6812,0.148925,1.59216743e-05,1692.80
7,6814,0.133222,1.59188476e-05,1693.36
7,6816,0.147919,1.59160154e-05,1693.82
7,6818,0.172528,1.59131887e-05,1694.35
7,6820,0.154670,1.59103547e-05,1694.79
7,6822,0.164188,1.59075298e-05,1695.33
7,6824,0.141941,1.59047031e-05,1695.81
7,6826,0.151268,1.59018728e-05,1696.32
7,6828,0.161863,1.58990479e-05,1696.82
7,6830,0.177812,1.58962157e-05,1697.30
7,6832,0.174714,1.58933908e-05,1697.77
7,6834,0.154824,1.58905586e-05,1698.32
7,6836,0.148993,1.58877356e-05,1698.78
7,6838,0.156174,1.58849034e-05,1699.32
7,6840,0.166909,1.58820785e-05,1699.81
7,6842,0.160495,1.58792573e-05,1700.34
7,6844,0.162079,1.58764251e-05,1700.80
7,6846,0.177008,1.58736038e-05,1701.30
7,6848,0.190581,1.58707717e-05,1701.80
7,6850,0.152367,1.58679504e-05,1702.27
7,6852,0.133652,1.58651183e-05,1702.74
7,6854,0.164153,1.58622952e-05,1703.27
7,6856,0.186270,1.58594739e-05,1703.73
7,6858,0.143337,1.58566454e-05,1704.10
8,0,0.130622,1.58552320e-05,1.64
8,2,0.158917,1.58524035e-05,2.14
8,4,0.142425,1.58495823e-05,2.62
8,6,0.157878,1.58467610e-05,3.09
8,8,0.163799,1.58439307e-05,3.60
8,10,0.184934,1.58411112e-05,4.10
8,12,0.128632,1.58382827e-05,4.60
8,14,0.149128,1.58354615e-05,5.10
8,16,0.176639,1.58326329e-05,5.54
8,18,0.128734,1.58298117e-05,6.02
8,20,0.147151,1.58269850e-05,6.58
8,22,0.166999,1.58241655e-05,7.26
8,24,0.170292,1.58213443e-05,7.78
8,26,0.137804,1.58185176e-05,8.31
8,28,0.167090,1.58156981e-05,8.81
8,30,0.155215,1.58128714e-05,9.31
8,32,0.154259,1.58100520e-05,9.79
8,34,0.170632,1.58072253e-05,10.26
8,36,0.160868,1.58044077e-05,10.82
8,38,0.136122,1.58015882e-05,11.32
8,40,0.158341,1.57987615e-05,11.84
8,42,0.157414,1.57959439e-05,12.31
8,44,0.147102,1.57931190e-05,12.74
8,46,0.177312,1.57902996e-05,13.28
8,48,0.134155,1.57874765e-05,13.76
8,50,0.159177,1.57846571e-05,14.30
8,52,0.142770,1.57818322e-05,14.77
8,54,0.174965,1.57790146e-05,15.22
8,56,0.171494,1.57761988e-05,15.71
8,58,0.174443,1.57733739e-05,16.19
8,60,0.164142,1.57705563e-05,16.70
8,62,0.133505,1.57677332e-05,17.14
8,64,0.120850,1.57649156e-05,17.63
8,66,0.178130,1.57620943e-05,18.12
8,68,0.167687,1.57592767e-05,18.66
8,70,0.144299,1.57564609e-05,19.25
8,72,0.136499,1.57536379e-05,19.76
8,74,0.169569,1.57508221e-05,20.25
8,76,0.145054,1.57479990e-05,20.68
8,78,0.165193,1.57451850e-05,21.18
8,80,0.167972,1.57423619e-05,21.62
8,82,0.186469,1.57395480e-05,22.16
8,84,0.143164,1.57367249e-05,22.66
8,86,0.169570,1.57339109e-05,23.25
8,88,0.158338,1.57310969e-05,23.75
8,90,0.174242,1.57282739e-05,24.27
8,92,0.176627,1.57254617e-05,24.76
8,94,0.150600,1.57226405e-05,25.24
8,96,0.129389,1.57198283e-05,25.80
8,98,0.180002,1.57170070e-05,26.31
8,100,0.190475,1.57141931e-05,26.77
8,102,0.153491,1.57113809e-05,27.27
8,104,0.187206,1.57085597e-05,27.74
8,106,0.182775,1.57057457e-05,28.19
8,108,0.157677,1.57029281e-05,28.70
8,110,0.170540,1.57001159e-05,29.16
8,112,0.152911,1.56972947e-05,29.64
8,114,0.163847,1.56944825e-05,30.12
8,116,0.158792,1.56916649e-05,30.59
8,118,0.144102,1.56888527e-05,31.06
8,120,0.154178,1.56860424e-05,31.59
8,122,0.180799,1.56832248e-05,32.15
8,124,0.157558,1.56804126e-05,32.60
8,126,0.151871,1.56775932e-05,33.07
8,128,0.156659,1.56747828e-05,33.54
8,130,0.130377,1.56719652e-05,34.04
8,132,0.158635,1.56691549e-05,34.52
8,134,0.170010,1.56663446e-05,35.01
8,136,0.146517,1.56635288e-05,35.47
8,138,0.173606,1.56607184e-05,35.94
8,140,0.184118,1.56579008e-05,36.45
8,142,0.146149,1.56550923e-05,37.05
8,144,0.160894,1.56522765e-05,37.53
8,146,0.141202,1.56494661e-05,38.03
8,148,0.150617,1.56466485e-05,38.48
8,150,0.132244,1.56438418e-05,39.01
8,152,0.170083,1.56410315e-05,39.52
8,154,0.158751,1.56382175e-05,40.00
8,156,0.155086,1.56354090e-05,40.50
8,158,0.150189,1.56325932e-05,40.98
8,160,0.169050,1.56297847e-05,41.49
8,162,0.141480,1.56269707e-05,41.98
8,164,0.166310,1.56241622e-05,42.50
8,166,0.164645,1.56213555e-05,43.08
8,168,0.155914,1.56185397e-05,43.51
8,170,0.135760,1.56157348e-05,44.04
8,172,0.149705,1.56129208e-05,44.55
8,174,0.155455,1.56101141e-05,45.00
8,176,0.170136,1.56073002e-05,45.50
8,178,0.112682,1.56044935e-05,45.99
8,180,0.167701,1.56016795e-05,46.51
8,182,0.170303,1.55988746e-05,47.06
8,184,0.168233,1.55960679e-05,47.53
8,186,0.145907,1.55932557e-05,48.08
8,188,0.169829,1.55904509e-05,48.68
8,190,0.179349,1.55876387e-05,49.20
8,192,0.157175,1.55848338e-05,49.61
8,194,0.165158,1.55820217e-05,50.05
8,196,0.159219,1.55792168e-05,50.53
8,198,0.180748,1.55764119e-05,51.02
8,200,0.149988,1.55735997e-05,51.50
8,202,0.144871,1.55707967e-05,52.02
8,204,0.147638,1.55679863e-05,52.49
8,206,0.153542,1.55651833e-05,53.01
8,208,0.170676,1.55623729e-05,53.50
8,210,0.126786,1.55595681e-05,53.95
8,212,0.157315,1.55567595e-05,54.44
8,214,0.162396,1.55539547e-05,54.93
8,216,0.168098,1.55511516e-05,55.42
8,218,0.130455,1.55483431e-05,55.99
8,220,0.163830,1.55455400e-05,56.54
8,222,0.170959,1.55427315e-05,57.08
8,224,0.153516,1.55399284e-05,57.61
8,226,0.131480,1.55371199e-05,58.07
8,228,0.138202,1.55343187e-05,58.55
8,230,0.155846,1.55315156e-05,59.03
8,232,0.112157,1.55287089e-05,59.55
8,234,0.139439,1.55259058e-05,60.10
8,236,0.179041,1.55230991e-05,60.57
8,238,0.136707,1.55202961e-05,61.14
8,240,0.143531,1.55174894e-05,61.68
8,242,0.157334,1.55146899e-05,62.23
8,244,0.175123,1.55118814e-05,62.71
8,246,0.172132,1.55090820e-05,63.21
8,248,0.146827,1.55062826e-05,63.67
8,250,0.162504,1.55034741e-05,64.22
8,252,0.137170,1.55006746e-05,64.74
8,254,0.152372,1.54978679e-05,65.30
8,256,0.178079,1.54950685e-05,65.87
8,258,0.142415,1.54922636e-05,66.40
8,260,0.165996,1.54894642e-05,66.84
8,262,0.123758,1.54866666e-05,67.36
8,264,0.129813,1.54838599e-05,67.81
8,266,0.138659,1.54810623e-05,68.30
8,268,0.156242,1.54782556e-05,68.74
8,270,0.150076,1.54754598e-05,69.25
8,272,0.152771,1.54726531e-05,69.70
8,274,0.151950,1.54698555e-05,70.24
8,276,0.143130,1.54670524e-05,70.79
8,278,0.143784,1.54642548e-05,71.32
8,280,0.139535,1.54614572e-05,71.92
8,282,0.158271,1.54586523e-05,72.44
8,284,0.161713,1.54558566e-05,72.94
8,286,0.166853,1.54530535e-05,73.41
8,288,0.165393,1.54502559e-05,73.92
8,290,0.172626,1.54474546e-05,74.48
8,292,0.146787,1.54446570e-05,74.94
8,294,0.155715,1.54418613e-05,75.36
8,296,0.155185,1.54390600e-05,75.89
8,298,0.190814,1.54362642e-05,76.36
8,300,0.174209,1.54334612e-05,76.82
8,302,0.191089,1.54306672e-05,77.29
8,304,0.149042,1.54278659e-05,77.80
8,306,0.160169,1.54250702e-05,78.33
8,308,0.143936,1.54222689e-05,78.80
8,310,0.148911,1.54194731e-05,79.28
8,312,0.133110,1.54166792e-05,79.79
8,314,0.163056,1.54138779e-05,80.31
8,316,0.152286,1.54110840e-05,80.80
8,318,0.148432,1.54082845e-05,81.28
8,320,0.168596,1.54054906e-05,81.75
8,322,0.177006,1.54026893e-05,82.33
8,324,0.148890,1.53998953e-05,82.86
8,326,0.154686,1.53971050e-05,83.36
8,328,0.141904,1.53943056e-05,83.90
8,330,0.158849,1.53915116e-05,84.38
8,332,0.145003,1.53887122e-05,84.88
8,334,0.175867,1.53859201e-05,85.38
8,336,0.164732,1.53831206e-05,85.83
8,338,0.164822,1.53803303e-05,86.38
8,340,0.154779,1.53775309e-05,86.90
8,342,0.142966,1.53747387e-05,87.39
8,344,0.158580,1.53719484e-05,87.88
8,346,0.118021,1.53691508e-05,88.34
8,348,0.147609,1.53663586e-05,88.81
8,350,0.160752,1.53635610e-05,89.28
8,352,0.151913,1.53607707e-05,89.75
8,354,0.155126,1.53579749e-05,90.26
8,356,0.154365,1.53551828e-05,90.73
8,358,0.158316,1.53523943e-05,91.23
8,360,0.158999,1.53495967e-05,91.75
8,362,0.175800,1.53468081e-05,92.34
8,364,0.154578,1.53440105e-05,92.85
8,366,0.158342,1.53412202e-05,93.42
8,368,0.141917,1.53384244e-05,93.97
8,370,0.147361,1.53356359e-05,94.43
8,372,0.166064,1.53328401e-05,94.91
8,374,0.178149,1.53300516e-05,95.41
8,376,0.142813,1.53272649e-05,95.95
8,378,0.156414,1.53244691e-05,96.44
8,380,0.170065,1.53216788e-05,96.97
8,382,0.150887,1.53188867e-05,97.55
8,384,0.174299,1.53160981e-05,98.13
8,386,0.173159,1.53133042e-05,98.67
8,388,0.183836,1.53105157e-05,99.12
8,390,0.169983,1.53077290e-05,99.62
8,392,0.142987,1.53049368e-05,100.16
8,394,0.176430,1.53021483e-05,100.61
8,396,0.152934,1.52993562e-05,101.16
8,398,0.157066,1.52965677e-05,101.68
8,400,0.159674,1.52937755e-05,102.19
8,402,0.164636,1.52909906e-05,102.66
8,404,0.143159,1.52881967e-05,103.14
8,406,0.157767,1.52854118e-05,103.72
8,408,0.149197,1.52826269e-05,104.17
8,410,0.165645,1.52798330e-05,104.70
8,412,0.163489,1.52770481e-05,105.28
8,414,0.165819,1.52742577e-05,105.80
8,416,0.143532,1.52714711e-05,106.31
8,418,0.162559,1.52686807e-05,106.83
8,420,0.145500,1.52658959e-05,107.39
8,422,0.165022,1.52631128e-05,107.94
8,424,0.165379,1.52603207e-05,108.52
8,426,0.164643,1.52575385e-05,109.01
8,428,0.176538,1.52547473e-05,109.51
8,430,0.143644,1.52519642e-05,110.01
8,432,0.165857,1.52491730e-05,110.53
8,434,0.146428,1.52463899e-05,111.04
8,436,0.162253,1.52436005e-05,111.55
# RESTART AT EPOCH 8
8,0,0.149559,1.58552320e-05,4.21
8,2,0.173641,1.58524035e-05,4.91
8,4,0.151048,1.58495823e-05,5.68
8,6,0.162953,1.58467610e-05,6.16
8,8,0.181054,1.58439307e-05,6.62
8,10,0.139563,1.58411112e-05,7.12
8,12,0.169695,1.58382827e-05,7.63
8,14,0.154049,1.58354615e-05,8.10
8,16,0.164382,1.58326329e-05,8.57
8,18,0.141613,1.58298117e-05,9.03
8,20,0.154203,1.58269850e-05,9.46
8,22,0.140601,1.58241655e-05,9.93
8,24,0.146049,1.58213443e-05,10.43
8,26,0.143050,1.58185176e-05,10.91
8,28,0.132278,1.58156981e-05,11.48
8,30,0.155060,1.58128714e-05,11.94
8,32,0.187553,1.58100520e-05,12.43
8,34,0.166356,1.58072253e-05,12.93
8,36,0.151043,1.58044077e-05,13.44
8,38,0.146379,1.58015882e-05,13.95
8,40,0.150640,1.57987615e-05,14.45
8,42,0.165485,1.57959439e-05,14.91
8,44,0.143679,1.57931190e-05,15.44
8,46,0.184010,1.57902996e-05,15.92
8,48,0.154712,1.57874765e-05,16.41
8,50,0.165474,1.57846571e-05,16.87
8,52,0.175886,1.57818322e-05,17.35
8,54,0.158830,1.57790146e-05,17.88
8,56,0.188776,1.57761988e-05,18.39
8,58,0.149837,1.57733739e-05,18.83
8,60,0.168448,1.57705563e-05,19.49
8,62,0.174474,1.57677332e-05,19.99
8,64,0.165860,1.57649156e-05,20.57
8,66,0.178952,1.57620943e-05,21.04
8,68,0.147601,1.57592767e-05,21.55
8,70,0.141443,1.57564609e-05,22.08
8,72,0.155657,1.57536379e-05,22.57
8,74,0.148714,1.57508221e-05,23.04
8,76,0.161117,1.57479990e-05,23.59
8,78,0.158035,1.57451850e-05,24.05
8,80,0.135997,1.57423619e-05,24.55
8,82,0.141991,1.57395480e-05,25.04
8,84,0.169858,1.57367249e-05,25.56
8,86,0.154178,1.57339109e-05,26.05
8,88,0.138232,1.57310969e-05,26.51
8,90,0.138492,1.57282739e-05,26.95
8,92,0.171842,1.57254617e-05,27.44
8,94,0.153887,1.57226405e-05,27.92
8,96,0.172643,1.57198283e-05,28.39
8,98,0.172574,1.57170070e-05,28.89
8,100,0.171701,1.57141931e-05,29.39
8,102,0.158730,1.57113809e-05,29.86
8,104,0.135343,1.57085597e-05,30.34
8,106,0.147130,1.57057457e-05,30.81
8,108,0.143620,1.57029281e-05,31.29
8,110,0.164879,1.57001159e-05,31.76
8,112,0.165393,1.56972947e-05,32.27
8,114,0.146157,1.56944825e-05,32.77
8,116,0.175098,1.56916649e-05,33.24
8,118,0.167057,1.56888527e-05,33.74
8,120,0.162126,1.56860424e-05,34.18
8,122,0.144034,1.56832248e-05,34.66
8,124,0.152449,1.56804126e-05,35.21
8,126,0.166388,1.56775932e-05,35.74
8,128,0.157687,1.56747828e-05,36.27
8,130,0.189136,1.56719652e-05,36.79
8,132,0.159558,1.56691549e-05,37.28
8,134,0.170345,1.56663446e-05,37.75
8,136,0.165503,1.56635288e-05,38.21
8,138,0.146340,1.56607184e-05,38.73
8,140,0.154141,1.56579008e-05,39.22
8,142,0.139248,1.56550923e-05,39.70
8,144,0.160316,1.56522765e-05,40.18
8,146,0.174874,1.56494661e-05,40.64
8,148,0.159932,1.56466485e-05,41.10
8,150,0.169581,1.56438418e-05,41.60
8,152,0.121870,1.56410315e-05,42.07
8,154,0.171385,1.56382175e-05,42.57
8,156,0.153735,1.56354090e-05,43.05
8,158,0.151740,1.56325932e-05,43.54
8,160,0.146991,1.56297847e-05,44.10
8,162,0.152972,1.56269707e-05,44.70
8,164,0.135802,1.56241622e-05,45.16
8,166,0.185736,1.56213555e-05,45.69
8,168,0.152517,1.56185397e-05,46.17
8,170,0.163427,1.56157348e-05,46.62
8,172,0.138779,1.56129208e-05,47.11
8,174,0.194035,1.56101141e-05,47.56
8,176,0.142467,1.56073002e-05,48.03
8,178,0.169016,1.56044935e-05,48.63
8,180,0.148732,1.56016795e-05,49.11
8,182,0.130288,1.55988746e-05,49.61
8,184,0.150390,1.55960679e-05,50.06
8,186,0.135726,1.55932557e-05,50.53
8,188,0.132676,1.55904509e-05,51.06
8,190,0.121830,1.55876387e-05,51.55
8,192,0.180793,1.55848338e-05,52.04
8,194,0.170738,1.55820217e-05,52.55
8,196,0.138986,1.55792168e-05,53.03
8,198,0.158152,1.55764119e-05,53.54
8,200,0.155559,1.55735997e-05,53.97
8,202,0.188546,1.55707967e-05,54.51
8,204,0.147582,1.55679863e-05,55.03
8,206,0.144359,1.55651833e-05,55.50
8,208,0.148106,1.55623729e-05,55.96
8,210,0.161897,1.55595681e-05,56.46
8,212,0.159125,1.55567595e-05,56.95
8,214,0.167840,1.55539547e-05,57.42
8,216,0.150940,1.55511516e-05,57.94
8,218,0.163795,1.55483431e-05,58.40
8,220,0.179299,1.55455400e-05,58.90
8,222,0.165504,1.55427315e-05,59.38
8,224,0.164850,1.55399284e-05,59.85
8,226,0.149639,1.55371199e-05,60.34
8,228,0.153216,1.55343187e-05,60.81
8,230,0.201311,1.55315156e-05,61.30
8,232,0.137667,1.55287089e-05,61.85
8,234,0.184667,1.55259058e-05,62.32
8,236,0.168871,1.55230991e-05,62.78
8,238,0.163680,1.55202961e-05,63.28
8,240,0.176381,1.55174894e-05,63.80
8,242,0.134019,1.55146899e-05,64.28
8,244,0.152418,1.55118814e-05,64.77
8,246,0.170453,1.55090820e-05,65.23
8,248,0.162161,1.55062826e-05,65.71
8,250,0.145219,1.55034741e-05,66.20
8,252,0.136197,1.55006746e-05,66.70
8,254,0.152556,1.54978679e-05,67.23
8,256,0.147538,1.54950685e-05,67.68
8,258,0.167202,1.54922636e-05,68.14
8,260,0.147907,1.54894642e-05,68.62
8,262,0.168866,1.54866666e-05,69.11
8,264,0.174103,1.54838599e-05,69.68
8,266,0.153032,1.54810623e-05,70.22
8,268,0.146687,1.54782556e-05,70.71
8,270,0.155397,1.54754598e-05,71.20
8,272,0.174638,1.54726531e-05,71.75
8,274,0.156837,1.54698555e-05,72.32
8,276,0.141831,1.54670524e-05,72.79
8,278,0.138933,1.54642548e-05,73.29
8,280,0.148778,1.54614572e-05,73.78
8,282,0.125678,1.54586523e-05,74.25
8,284,0.161658,1.54558566e-05,74.75
8,286,0.162861,1.54530535e-05,75.25
8,288,0.156920,1.54502559e-05,75.76
8,290,0.175837,1.54474546e-05,76.23
8,292,0.153944,1.54446570e-05,76.70
8,294,0.126547,1.54418613e-05,77.18
8,296,0.132029,1.54390600e-05,77.62
8,298,0.158431,1.54362642e-05,78.13
8,300,0.181714,1.54334612e-05,78.66
8,302,0.159553,1.54306672e-05,79.14
8,304,0.168791,1.54278659e-05,79.60
8,306,0.171912,1.54250702e-05,80.04
8,308,0.145441,1.54222689e-05,80.51
8,310,0.162543,1.54194731e-05,81.00
8,312,0.164108,1.54166792e-05,81.49
8,314,0.139385,1.54138779e-05,81.97
8,316,0.147489,1.54110840e-05,82.48
8,318,0.141252,1.54082845e-05,83.02
8,320,0.125529,1.54054906e-05,83.54
8,322,0.181436,1.54026893e-05,84.06
8,324,0.160998,1.53998953e-05,84.50
8,326,0.162753,1.53971050e-05,84.97
8,328,0.156163,1.53943056e-05,85.48
8,330,0.157309,1.53915116e-05,85.95
8,332,0.174421,1.53887122e-05,86.42
8,334,0.150305,1.53859201e-05,86.88
8,336,0.158745,1.53831206e-05,87.42
8,338,0.153305,1.53803303e-05,87.98
8,340,0.131397,1.53775309e-05,88.53
8,342,0.155969,1.53747387e-05,89.00
8,344,0.140849,1.53719484e-05,89.52
8,346,0.139094,1.53691508e-05,89.98
8,348,0.177357,1.53663586e-05,90.45
8,350,0.150957,1.53635610e-05,90.97
8,352,0.178755,1.53607707e-05,91.41
8,354,0.153555,1.53579749e-05,91.85
8,356,0.153438,1.53551828e-05,92.34
8,358,0.144815,1.53523943e-05,92.83
8,360,0.176000,1.53495967e-05,93.33
8,362,0.154323,1.53468081e-05,93.84
8,364,0.150058,1.53440105e-05,94.31
8,366,0.136894,1.53412202e-05,94.79
8,368,0.158568,1.53384244e-05,95.24
8,370,0.166039,1.53356359e-05,95.71
8,372,0.170022,1.53328401e-05,96.14
8,374,0.158294,1.53300516e-05,96.60
8,376,0.158887,1.53272649e-05,97.06
8,378,0.139982,1.53244691e-05,97.51
8,380,0.188810,1.53216788e-05,98.05
8,382,0.160367,1.53188867e-05,98.61
8,384,0.140920,1.53160981e-05,99.13
8,386,0.159732,1.53133042e-05,99.71
8,388,0.166802,1.53105157e-05,100.26
8,390,0.156103,1.53077290e-05,100.72
8,392,0.173256,1.53049368e-05,101.19
8,394,0.163498,1.53021483e-05,101.64
8,396,0.168087,1.52993562e-05,102.14
8,398,0.186436,1.52965677e-05,102.64
8,400,0.144570,1.52937755e-05,103.12
8,402,0.172536,1.52909906e-05,103.65
8,404,0.138091,1.52881967e-05,104.15
8,406,0.162342,1.52854118e-05,104.77
8,408,0.132830,1.52826269e-05,105.34
8,410,0.162591,1.52798330e-05,105.82
8,412,0.158011,1.52770481e-05,106.39
8,414,0.140002,1.52742577e-05,107.01
8,416,0.153737,1.52714711e-05,107.50
8,418,0.178157,1.52686807e-05,107.99
8,420,0.154195,1.52658959e-05,108.51
8,422,0.157237,1.52631128e-05,108.95
8,424,0.165938,1.52603207e-05,109.45
8,426,0.155812,1.52575385e-05,110.04
8,428,0.152600,1.52547473e-05,110.63
8,430,0.170665,1.52519642e-05,111.11
8,432,0.164386,1.52491730e-05,111.60
8,434,0.169487,1.52463899e-05,112.12
8,436,0.177298,1.52436005e-05,112.58
8,438,0.174272,1.52408174e-05,113.15
8,440,0.134407,1.52380344e-05,113.63
8,442,0.176835,1.52352459e-05,114.09
8,444,0.141622,1.52324646e-05,114.59
8,446,0.155890,1.52296752e-05,115.06
8,448,0.152019,1.52268931e-05,115.52
8,450,0.160197,1.52241055e-05,116.01
8,452,0.138037,1.52213224e-05,116.55
8,454,0.165246,1.52185421e-05,117.04
8,456,0.177212,1.52157545e-05,117.53
8,458,0.178717,1.52129742e-05,118.01
8,460,0.182063,1.52101866e-05,118.55
8,462,0.151950,1.52074053e-05,119.04
8,464,0.159935,1.52046186e-05,119.52
8,466,0.166772,1.52018374e-05,120.04
8,468,0.123019,1.51990507e-05,120.54
8,470,0.156653,1.51962722e-05,121.11
8,472,0.167409,1.51934910e-05,121.65
8,474,0.183655,1.51907061e-05,122.14
8,476,0.147521,1.51879249e-05,122.62
8,478,0.183492,1.51851400e-05,123.17
8,480,0.195928,1.51823615e-05,123.65
8,482,0.151894,1.51795766e-05,124.14
8,484,0.140468,1.51767972e-05,124.59
8,486,0.132103,1.51740187e-05,125.08
8,488,0.158041,1.51712338e-05,125.57
8,490,0.157548,1.51684553e-05,126.09
8,492,0.140900,1.51656723e-05,126.58
8,494,0.174748,1.51628938e-05,127.12
8,496,0.162138,1.51601107e-05,127.66
8,498,0.136732,1.51573313e-05,128.22
8,500,0.152264,1.51545491e-05,128.70
8,502,0.150108,1.51517725e-05,129.19
8,504,0.152455,1.51489958e-05,129.70
8,506,0.167240,1.51462127e-05,130.23
8,508,0.142368,1.51434360e-05,130.76
8,510,0.143682,1.51406530e-05,131.28
8,512,0.146649,1.51378763e-05,131.75
8,514,0.172474,1.51350932e-05,132.23
8,516,0.160242,1.51323184e-05,132.72
8,518,0.165133,1.51295435e-05,133.15
8,520,0.157732,1.51267614e-05,133.77
8,522,0.150288,1.51239865e-05,134.24
8,524,0.157126,1.51212034e-05,134.75
8,526,0.148972,1.51184286e-05,135.26
8,528,0.168380,1.51156482e-05,135.80
8,530,0.162453,1.51128734e-05,136.31
8,532,0.143305,1.51100921e-05,136.80
8,534,0.171344,1.51073200e-05,137.28
8,536,0.146250,1.51045451e-05,137.77
8,538,0.142145,1.51017648e-05,138.23
8,540,0.152187,1.50989918e-05,138.85
8,542,0.170691,1.50962114e-05,139.38
8,544,0.138943,1.50934384e-05,139.91
8,546,0.129896,1.50906599e-05,140.40
8,548,0.149355,1.50878877e-05,140.90
8,550,0.163776,1.50851065e-05,141.37
8,552,0.145889,1.50823362e-05,141.80
8,554,0.167946,1.50795640e-05,142.31
8,556,0.160688,1.50767846e-05,142.87
8,558,0.125137,1.50740125e-05,143.35
8,560,0.142731,1.50712358e-05,143.87
8,562,0.166154,1.50684627e-05,144.37
8,564,0.178469,1.50656842e-05,144.90
8,566,0.155058,1.50629139e-05,145.37
8,568,0.167439,1.50601436e-05,145.84
8,570,0.140259,1.50573669e-05,146.41
8,572,0.138791,1.50545966e-05,146.95
8,574,0.166110,1.50518199e-05,147.41
8,576,0.145276,1.50490496e-05,148.02
8,578,0.147458,1.50462729e-05,148.53
8,580,0.140547,1.50435026e-05,149.17
8,582,0.162439,1.50407259e-05,149.69
8,584,0.142560,1.50379574e-05,150.30
8,586,0.176863,1.50351889e-05,150.80
8,588,0.155315,1.50324122e-05,151.28
8,590,0.152895,1.50296437e-05,151.73
8,592,0.159890,1.50268697e-05,152.20
8,594,0.148742,1.50241012e-05,152.71
8,596,0.157446,1.50213245e-05,153.22
8,598,0.147515,1.50185579e-05,153.72
8,600,0.153441,1.50157894e-05,154.17
8,602,0.128750,1.50130154e-05,154.73
8,604,0.137757,1.50102469e-05,155.27
8,606,0.149633,1.50074738e-05,155.80
8,608,0.136176,1.50047063e-05,156.30
8,610,0.155089,1.50019332e-05,156.78
8,612,0.138132,1.49991674e-05,157.23
8,614,0.166923,1.49963926e-05,157.76
8,616,0.166369,1.49936259e-05,158.27
8,618,0.183170,1.49908601e-05,158.87
8,620,0.178843,1.49880880e-05,159.33
8,622,0.141645,1.49853213e-05,159.83
8,624,0.164001,1.49825491e-05,160.30
8,626,0.152358,1.49797843e-05,160.80
8,628,0.181212,1.49770121e-05,161.28
8,630,0.172727,1.49742482e-05,161.78
8,632,0.162355,1.49714815e-05,162.26
8,634,0.149798,1.49687112e-05,162.79
8,636,0.159897,1.49659472e-05,163.26
8,638,0.147542,1.49631742e-05,163.82
8,640,0.172611,1.49604120e-05,164.35
8,642,0.172128,1.49576399e-05,164.82
8,644,0.180008,1.49548778e-05,165.33
8,646,0.133314,1.49521074e-05,165.76
8,648,0.177145,1.49493435e-05,166.23
8,650,0.139944,1.49465814e-05,166.68
8,652,0.161434,1.49438110e-05,167.13
8,654,0.162480,1.49410489e-05,167.61
8,656,0.160681,1.49382786e-05,168.08
8,658,0.174040,1.49355164e-05,168.55
8,660,0.140333,1.49327479e-05,168.99
8,662,0.147196,1.49299858e-05,169.49
8,664,0.164900,1.49272237e-05,169.99
8,666,0.155793,1.49244552e-05,170.54
8,668,0.156086,1.49216930e-05,171.04
8,670,0.150625,1.49189245e-05,171.54
8,672,0.137128,1.49161651e-05,172.04
8,674,0.171427,1.49133966e-05,172.53
8,676,0.147574,1.49106363e-05,173.07
8,678,0.153922,1.49078687e-05,173.56
8,680,0.168455,1.49051084e-05,174.05
8,682,0.150435,1.49023481e-05,174.49
8,684,0.165670,1.48995823e-05,174.98
8,686,0.136000,1.48968220e-05,175.51
8,688,0.172723,1.48940562e-05,176.00
8,690,0.154922,1.48912959e-05,176.56
8,692,0.166617,1.48885292e-05,177.03
8,694,0.137896,1.48857698e-05,177.53
8,696,0.139510,1.48830113e-05,178.03
8,698,0.155852,1.48802455e-05,178.61
8,700,0.156289,1.48774880e-05,179.23
8,702,0.164219,1.48747231e-05,179.79
8,704,0.146656,1.48719655e-05,180.36
8,706,0.163238,1.48691988e-05,180.84
8,708,0.140102,1.48664412e-05,181.32
8,710,0.136873,1.48636773e-05,181.81
8,712,0.177581,1.48609215e-05,182.31
8,714,0.152155,1.48581630e-05,182.85
8,716,0.168626,1.48553991e-05,183.35
8,718,0.153940,1.48526433e-05,183.89
8,720,0.180388,1.48498793e-05,184.40
8,722,0.148028,1.48471236e-05,184.89
8,724,0.175626,1.48443596e-05,185.37
8,726,0.142035,1.48416038e-05,185.94
8,728,0.156143,1.48388472e-05,186.50
8,730,0.153786,1.48360859e-05,187.07
8,732,0.155199,1.48333302e-05,187.57
8,734,0.171158,1.48305680e-05,188.09
8,736,0.131680,1.48278141e-05,188.61
8,738,0.141284,1.48250519e-05,189.14
8,740,0.138770,1.48222962e-05,189.67
8,742,0.157550,1.48195359e-05,190.19
8,744,0.176178,1.48167801e-05,190.69
8,746,0.166537,1.48140261e-05,191.30
8,748,0.183182,1.48112667e-05,191.79
8,750,0.142813,1.48085128e-05,192.27
8,752,0.160735,1.48057525e-05,192.76
8,754,0.162617,1.48029994e-05,193.26
8,756,0.118567,1.48002391e-05,193.75
8,758,0.144081,1.47974852e-05,194.27
8,760,0.141280,1.47947339e-05,194.78
8,762,0.172008,1.47919736e-05,195.34
8,764,0.162579,1.47892197e-05,195.79
8,766,0.157810,1.47864621e-05,196.29
8,768,0.167215,1.47837100e-05,196.76
8,770,0.167042,1.47809506e-05,197.27
8,772,0.169583,1.47781984e-05,197.79
8,774,0.142029,1.47754408e-05,198.30
8,776,0.160519,1.47726887e-05,198.82
8,778,0.136346,1.47699375e-05,199.35
8,780,0.182943,1.47671799e-05,199.83
8,782,0.149935,1.47644296e-05,200.36
8,784,0.162592,1.47616720e-05,200.85
8,786,0.122509,1.47589226e-05,201.34
8,788,0.122350,1.47561650e-05,201.81
8,790,0.174261,1.47534147e-05,202.28
8,792,0.131369,1.47506653e-05,202.81
8,794,0.163140,1.47479095e-05,203.27
8,796,0.154283,1.47451601e-05,203.75
8,798,0.148727,1.47424025e-05,204.27
8,800,0.154244,1.47396549e-05,204.76
8,802,0.125676,1.47368992e-05,205.22
8,804,0.140616,1.47341498e-05,205.73
8,806,0.153702,1.47313940e-05,206.24
8,808,0.144896,1.47286464e-05,206.73
8,810,0.165781,1.47258988e-05,207.21
8,812,0.170937,1.47231431e-05,207.71
8,814,0.153327,1.47203955e-05,208.26
8,816,0.178528,1.47176415e-05,208.72
8,818,0.175234,1.47148940e-05,209.18
8,820,0.134955,1.47121400e-05,209.67
8,822,0.129198,1.47093933e-05,210.14
8,824,0.162016,1.47066457e-05,210.61
8,826,0.151895,1.47038918e-05,211.10
8,828,0.166196,1.47011460e-05,211.63
8,830,0.166051,1.46983930e-05,212.11
8,832,0.144658,1.46956472e-05,212.63
8,834,0.185109,1.46928933e-05,213.08
8,836,0.146558,1.46901484e-05,213.62
8,838,0.158131,1.46873963e-05,214.10
8,840,0.137769,1.46846514e-05,214.63
8,842,0.153557,1.46819057e-05,215.24
8,844,0.158601,1.46791535e-05,215.76
8,846,0.137643,1.46764087e-05,216.25
8,848,0.138244,1.46736593e-05,216.80
8,850,0.144462,1.46709135e-05,217.34
8,852,0.163135,1.46681623e-05,217.88
8,854,0.157750,1.46654183e-05,218.33
8,856,0.168589,1.46626753e-05,218.79
8,858,0.147328,1.46599241e-05,219.31
8,860,0.154140,1.46571801e-05,219.77
8,862,0.195854,1.46544307e-05,220.27
8,864,0.171811,1.46516877e-05,220.74
8,866,0.167953,1.46489383e-05,221.22
8,868,0.153575,1.46461971e-05,221.73
8,870,0.152691,1.46434468e-05,222.25
8,872,0.176730,1.46407037e-05,222.72
8,874,0.167070,1.46379625e-05,223.24
8,876,0.150824,1.46352131e-05,223.70
8,878,0.147888,1.46324719e-05,224.19
8,880,0.154115,1.46297225e-05,224.66
8,882,0.169089,1.46269813e-05,225.14
8,884,0.157726,1.46242337e-05,225.62
8,886,0.173122,1.46214925e-05,226.12
8,888,0.136757,1.46187531e-05,226.61
8,890,0.150328,1.46160055e-05,227.11
8,892,0.135045,1.46132643e-05,227.53
8,894,0.150849,1.46105167e-05,228.09
8,896,0.170375,1.46077782e-05,228.54
8,898,0.172216,1.46050306e-05,229.03
8,900,0.144992,1.46022912e-05,229.51
8,902,0.169769,1.45995464e-05,230.03
8,904,0.155672,1.45968070e-05,230.54
8,906,0.167291,1.45940676e-05,231.06
8,908,0.169960,1.45913200e-05,231.54
8,910,0.145140,1.45885833e-05,232.07
8,912,0.169972,1.45858376e-05,232.53
8,914,0.127802,1.45830991e-05,232.96
8,916,0.129971,1.45803533e-05,233.40
8,918,0.183081,1.45776166e-05,233.86
8,920,0.152535,1.45748791e-05,234.38
8,922,0.161890,1.45721342e-05,234.88
8,924,0.167860,1.45693966e-05,235.34
8,926,0.143069,1.45666536e-05,235.86
8,928,0.147710,1.45639160e-05,236.31
8,930,0.160395,1.45611730e-05,236.85
8,932,0.172317,1.45584363e-05,237.32
8,934,0.136012,1.45556924e-05,237.75
8,936,0.150313,1.45529557e-05,238.22
8,938,0.162651,1.45502208e-05,238.74
8,940,0.172014,1.45474778e-05,239.19
8,942,0.155061,1.45447420e-05,239.69
8,944,0.160727,1.45419990e-05,240.15
8,946,0.128613,1.45392642e-05,240.68
8,948,0.169785,1.45365229e-05,241.16
8,950,0.184916,1.45337881e-05,241.62
8,952,0.165092,1.45310532e-05,242.09
8,954,0.168851,1.45283120e-05,242.60
8,956,0.163902,1.45255772e-05,243.10
8,958,0.144602,1.45228360e-05,243.63
8,960,0.150849,1.45201029e-05,244.14
8,962,0.151608,1.45173617e-05,244.66
8,964,0.139114,1.45146287e-05,245.15
8,966,0.152801,1.45118875e-05,245.64
8,968,0.137343,1.45091544e-05,246.13
8,970,0.141683,1.45064214e-05,246.64
8,972,0.148194,1.45036829e-05,247.14
8,974,0.123487,1.45009499e-05,247.62
8,976,0.150012,1.44982105e-05,248.15
8,978,0.177075,1.44954774e-05,248.63
8,980,0.156476,1.44927390e-05,249.10
8,982,0.167019,1.44900077e-05,249.58
8,984,0.132623,1.44872774e-05,250.03
8,986,0.140268,1.44845380e-05,250.52
8,988,0.179938,1.44818068e-05,251.04
8,990,0.153507,1.44790683e-05,251.55
8,992,0.151474,1.44763371e-05,252.05
8,994,0.144812,1.44736005e-05,252.59
8,996,0.179838,1.44708692e-05,253.09
8,998,0.148401,1.44681326e-05,253.58
8,1000,0.141822,1.44654041e-05,254.02
8,1002,0.152439,1.44626729e-05,254.53
8,1004,0.169972,1.44599362e-05,254.97
8,1006,0.163271,1.44572068e-05,255.50
8,1008,0.189453,1.44544701e-05,256.06
8,1010,0.140222,1.44517417e-05,256.49
8,1012,0.144770,1.44490068e-05,257.06
8,1014,0.166221,1.44462774e-05,257.69
8,1016,0.166464,1.44435489e-05,258.21
8,1018,0.155086,1.44408141e-05,258.71
8,1020,0.142543,1.44380856e-05,259.21
8,1022,0.154058,1.44353507e-05,259.71
8,1024,0.174590,1.44326214e-05,260.26
8,1026,0.165325,1.44298892e-05,260.78
8,1028,0.152211,1.44271598e-05,261.29
8,1030,0.160317,1.44244268e-05,261.77
8,1032,0.167740,1.44216983e-05,262.19
8,1034,0.148422,1.44189717e-05,262.65
8,1036,0.167402,1.44162386e-05,263.13
8,1038,0.164715,1.44135129e-05,263.59
8,1040,0.167839,1.44107798e-05,264.05
8,1042,0.179371,1.44080532e-05,264.50
8,1044,0.133980,1.44053201e-05,265.00
8,1046,0.170470,1.44025953e-05,265.51
8,1048,0.160237,1.43998686e-05,265.99
8,1050,0.139106,1.43971383e-05,266.47
8,1052,0.192676,1.43944117e-05,266.99
8,1054,0.154983,1.43916805e-05,267.57
8,1056,0.151791,1.43889565e-05,268.06
8,1058,0.178913,1.43862235e-05,268.53
8,1060,0.141664,1.43834986e-05,269.04
8,1062,0.162879,1.43807683e-05,269.58
8,1064,0.169489,1.43780453e-05,270.07
8,1066,0.168810,1.43753214e-05,270.58
8,1068,0.144643,1.43725902e-05,271.08
8,1070,0.167046,1.43698680e-05,271.58
8,1072,0.154779,1.43671368e-05,272.05
8,1074,0.137492,1.43644147e-05,272.53
8,1076,0.169027,1.43616835e-05,273.02
8,1078,0.179403,1.43589614e-05,273.54
8,1080,0.132713,1.43562393e-05,274.01
8,1082,0.155880,1.43535099e-05,274.46
8,1084,0.173101,1.43507878e-05,274.94
8,1086,0.168809,1.43480593e-05,275.38
8,1088,0.155820,1.43453390e-05,275.94
8,1090,0.144657,1.43426096e-05,276.42
8,1092,0.152456,1.43398875e-05,276.91
8,1094,0.145267,1.43371608e-05,277.37
8,1096,0.185052,1.43344387e-05,277.86
8,1098,0.160420,1.43317184e-05,278.36
8,1100,0.120083,1.43289917e-05,278.84
8,1102,0.160013,1.43262714e-05,279.31
8,1104,0.150896,1.43235447e-05,279.86
8,1106,0.176953,1.43208244e-05,280.34
8,1108,0.151763,1.43180978e-05,280.85
8,1110,0.169437,1.43153775e-05,281.33
8,1112,0.192663,1.43126526e-05,281.82
8,1114,0.153747,1.43099323e-05,282.26
8,1116,0.174434,1.43072139e-05,282.69
8,1118,0.138122,1.43044872e-05,283.21
8,1120,0.142728,1.43017696e-05,283.69
8,1122,0.157317,1.42990448e-05,284.19
8,1124,0.164033,1.42963263e-05,284.67
8,1126,0.141980,1.42936015e-05,285.18
8,1128,0.141032,1.42908839e-05,285.67
8,1130,0.156389,1.42881654e-05,286.23
8,1132,0.145832,1.42854406e-05,286.82
8,1134,0.151288,1.42827248e-05,287.35
8,1136,0.149543,1.42800000e-05,287.82
8,1138,0.138749,1.42772842e-05,288.25
8,1140,0.164206,1.42745594e-05,288.74
8,1142,0.149942,1.42718436e-05,289.21
8,1144,0.150387,1.42691206e-05,289.70
8,1146,0.163209,1.42664048e-05,290.14
8,1148,0.153322,1.42636882e-05,290.63
8,1150,0.168912,1.42609661e-05,291.10
8,1152,0.168398,1.42582494e-05,291.57
8,1154,0.153798,1.42555273e-05,292.01
8,1156,0.152497,1.42528133e-05,292.56
8,1158,0.146012,1.42500912e-05,293.09
8,1160,0.169576,1.42473764e-05,293.64
8,1162,0.147098,1.42446625e-05,294.16
8,1164,0.163941,1.42419403e-05,294.66
8,1166,0.118514,1.42392264e-05,295.18
8,1168,0.180026,1.42365061e-05,295.66
8,1170,0.157919,1.42337913e-05,296.16
8,1172,0.166848,1.42310710e-05,296.74
8,1174,0.172446,1.42283570e-05,297.31
8,1176,0.154965,1.42256386e-05,297.81
8,1178,0.138442,1.42229246e-05,298.26
8,1180,0.141723,1.42202125e-05,298.75
8,1182,0.168317,1.42174922e-05,299.25
8,1184,0.162161,1.42147801e-05,299.77
8,1186,0.138585,1.42120625e-05,300.35
8,1188,0.160914,1.42093504e-05,300.91
8,1190,0.176174,1.42066301e-05,301.43
8,1192,0.150593,1.42039198e-05,301.92
8,1194,0.149860,1.42012077e-05,302.39
8,1196,0.151338,1.41984892e-05,302.86
8,1198,0.157862,1.41957771e-05,303.39
8,1200,0.159025,1.41930614e-05,303.94
8,1202,0.186618,1.41903492e-05,304.45
8,1204,0.141728,1.41876335e-05,304.93
8,1206,0.152153,1.41849214e-05,305.42
8,1208,0.143188,1.41822047e-05,305.89
8,1210,0.156401,1.41794953e-05,306.38
8,1212,0.152228,1.41767850e-05,306.94
8,1214,0.178032,1.41740693e-05,307.44
8,1216,0.153886,1.41713590e-05,307.96
8,1218,0.159339,1.41686451e-05,308.43
8,1220,0.142216,1.41659348e-05,308.89
8,1222,0.164306,1.41632190e-05,309.37
8,1224,0.166308,1.41605105e-05,309.86
8,1226,0.165516,1.41578030e-05,310.36
8,1228,0.145499,1.41550872e-05,310.88
8,1230,0.177741,1.41523788e-05,311.42
8,1232,0.135498,1.41496648e-05,311.87
8,1234,0.142480,1.41469573e-05,312.36
8,1236,0.147297,1.41442433e-05,312.85
8,1238,0.169108,1.41415348e-05,313.34
8,1240,0.149458,1.41388209e-05,313.91
8,1242,0.138625,1.41361152e-05,314.39
8,1244,0.164387,1.41334076e-05,314.95
8,1246,0.161451,1.41306955e-05,315.51
8,1248,0.170372,1.41279897e-05,316.08
8,1250,0.132215,1.41252758e-05,316.63
8,1252,0.132290,1.41225701e-05,317.16
8,1254,0.170822,1.41198580e-05,317.69
8,1256,0.172018,1.41171522e-05,318.23
8,1258,0.138269,1.41144465e-05,318.73
8,1260,0.171213,1.41117343e-05,319.24
8,1262,0.147366,1.41090304e-05,319.67
8,1264,0.148760,1.41063183e-05,320.13
8,1266,0.162179,1.41036153e-05,320.61
8,1268,0.169250,1.41009032e-05,321.11
8,1270,0.149729,1.40981992e-05,321.56
8,1272,0.167110,1.40954899e-05,322.01
8,1274,0.150250,1.40927859e-05,322.47
8,1276,0.163988,1.40900820e-05,322.96
8,1278,0.149810,1.40873699e-05,323.44
8,1280,0.167304,1.40846687e-05,323.93
8,1282,0.158843,1.40819584e-05,324.42
8,1284,0.159260,1.40792554e-05,324.85
8,1286,0.157610,1.40765469e-05,325.32
8,1288,0.144983,1.40738439e-05,325.78
8,1290,0.139675,1.40711418e-05,326.26
8,1292,0.142604,1.40684315e-05,326.72
8,1294,0.165284,1.40657303e-05,327.26
8,1296,0.157422,1.40630227e-05,327.76
8,1298,0.142553,1.40603206e-05,328.24
8,1300,0.153736,1.40576130e-05,328.73
8,1302,0.136551,1.40549118e-05,329.20
8,1304,0.174484,1.40522061e-05,329.73
8,1306,0.137115,1.40495040e-05,330.26
8,1308,0.166394,1.40468046e-05,330.72
8,1310,0.153641,1.40440970e-05,331.20
8,1312,0.199037,1.40413977e-05,331.73
8,1314,0.141712,1.40386892e-05,332.24
8,1316,0.182395,1.40359898e-05,332.78
8,1318,0.163270,1.40332841e-05,333.26
8,1320,0.158913,1.40305847e-05,333.74
8,1322,0.140217,1.40278853e-05,334.31
8,1324,0.166600,1.40251796e-05,334.82
8,1326,0.166553,1.40224820e-05,335.33
8,1328,0.145195,1.40197762e-05,335.83
8,1330,0.163893,1.40170787e-05,336.31
8,1332,0.133437,1.40143729e-05,336.83
8,1334,0.145192,1.40116754e-05,337.33
8,1336,0.139317,1.40089696e-05,337.80
8,1338,0.149910,1.40062730e-05,338.33
8,1340,0.159589,1.40035754e-05,338.80
8,1342,0.153102,1.40008715e-05,339.26
8,1344,0.152714,1.39981739e-05,339.74
8,1346,0.177091,1.39954727e-05,340.24
8,1348,0.169528,1.39927752e-05,340.76
8,1350,0.174919,1.39900712e-05,341.25
8,1352,0.164800,1.39873764e-05,341.77
8,1354,0.138093,1.39846807e-05,342.30
8,1356,0.181380,1.39819767e-05,342.93
8,1358,0.154640,1.39792819e-05,343.42
8,1360,0.153952,1.39765807e-05,343.89
8,1362,0.143351,1.39738850e-05,344.37
8,1364,0.155723,1.39711838e-05,344.90
8,1366,0.166618,1.39684880e-05,345.51
8,1368,0.169818,1.39657868e-05,346.02
8,1370,0.137171,1.39630929e-05,346.52
8,1372,0.151073,1.39603981e-05,347.07
8,1374,0.151389,1.39576987e-05,347.55
8,1376,0.159248,1.39550029e-05,348.07
8,1378,0.148113,1.39523036e-05,348.55
8,1380,0.155228,1.39496105e-05,349.04
8,1382,0.168866,1.39469112e-05,349.56
8,1384,0.160224,1.39442172e-05,350.09
8,1386,0.171254,1.39415242e-05,350.58
8,1388,0.131093,1.39388248e-05,351.06
8,1390,0.178272,1.39361318e-05,351.48
8,1392,0.149385,1.39334343e-05,351.94
8,1394,0.151305,1.39307413e-05,352.49
8,1396,0.126899,1.39280437e-05,352.98
8,1398,0.167577,1.39253507e-05,353.45
8,1400,0.175118,1.39226531e-05,353.92
8,1402,0.152354,1.39199619e-05,354.45
8,1404,0.148871,1.39172707e-05,354.92
8,1406,0.169963,1.39145732e-05,355.42
8,1408,0.152264,1.39118820e-05,355.89
8,1410,0.144440,1.39091844e-05,356.35
8,1412,0.142643,1.39064960e-05,356.92
8,1414,0.164060,1.39037984e-05,357.41
8,1416,0.154939,1.39011090e-05,357.96
8,1418,0.175530,1.38984178e-05,358.54
8,1420,0.127416,1.38957230e-05,359.05
8,1422,0.179707,1.38930336e-05,359.54
8,1424,0.149851,1.38903360e-05,360.03
8,1426,0.155749,1.38876476e-05,360.53
8,1428,0.150062,1.38849518e-05,361.03
8,1430,0.155660,1.38822652e-05,361.53
8,1432,0.148865,1.38795695e-05,362.00
8,1434,0.175227,1.38768801e-05,362.47
8,1436,0.154111,1.38741934e-05,363.02
8,1438,0.146816,1.38714986e-05,363.58
8,1440,0.135924,1.38688110e-05,364.12
8,1442,0.155111,1.38661180e-05,364.57
8,1444,0.158967,1.38634314e-05,365.07
8,1446,0.128589,1.38607356e-05,365.50
8,1448,0.173932,1.38580490e-05,366.01
8,1450,0.150575,1.38553642e-05,366.49
8,1452,0.128842,1.38526702e-05,367.00
8,1454,0.139901,1.38499836e-05,367.45
8,1456,0.190926,1.38472906e-05,367.92
8,1458,0.128361,1.38446057e-05,368.41
8,1460,0.140743,1.38419118e-05,368.97
8,1462,0.150072,1.38392270e-05,369.49
8,1464,0.145109,1.38365358e-05,369.98
8,1466,0.139212,1.38338510e-05,370.53
8,1468,0.190653,1.38311661e-05,371.05
8,1470,0.155567,1.38284749e-05,371.55
8,1472,0.121510,1.38257901e-05,372.07
8,1474,0.163860,1.38230989e-05,372.64
8,1476,0.186674,1.38204168e-05,373.14
8,1478,0.161567,1.38177256e-05,373.60
8,1480,0.138765,1.38150408e-05,374.06
8,1482,0.150138,1.38123578e-05,374.57
8,1484,0.144461,1.38096684e-05,375.07
8,1486,0.158578,1.38069854e-05,375.53
8,1488,0.155254,1.38042942e-05,376.09
8,1490,0.157170,1.38016121e-05,376.59
8,1492,0.155249,1.37989227e-05,377.12
8,1494,0.148912,1.37962415e-05,377.62
8,1496,0.166001,1.37935531e-05,378.12
8,1498,0.138939,1.37908701e-05,378.60
8,1500,0.149869,1.37881898e-05,379.07
8,1502,0.147223,1.37855004e-05,379.60
8,1504,0.184871,1.37828192e-05,380.08
8,1506,0.142840,1.37801326e-05,380.59
8,1508,0.157660,1.37774523e-05,381.07
8,1510,0.140121,1.37747647e-05,381.59
8,1512,0.163326,1.37720845e-05,382.07
8,1514,0.155278,1.37694033e-05,382.60
8,1516,0.195356,1.37667166e-05,383.08
8,1518,0.164420,1.37640354e-05,383.54
8,1520,0.175496,1.37613506e-05,384.07
8,1522,0.162615,1.37586703e-05,384.57
8,1524,0.198990,1.37559855e-05,385.01
8,1526,0.173941,1.37533070e-05,385.53
8,1528,0.148357,1.37506195e-05,386.03
8,1530,0.168483,1.37479410e-05,386.54
8,1532,0.139206,1.37452625e-05,387.01
8,1534,0.159578,1.37425777e-05,387.48
8,1536,0.151789,1.37398993e-05,387.96
8,1538,0.141141,1.37372162e-05,388.46
8,1540,0.142147,1.37345378e-05,388.90
8,1542,0.137428,1.37318530e-05,389.37
8,1544,0.147391,1.37291763e-05,389.91
8,1546,0.164417,1.37264997e-05,390.46
8,1548,0.156332,1.37238148e-05,391.00
8,1550,0.140576,1.37211382e-05,391.51
8,1552,0.160456,1.37184552e-05,392.02
8,1554,0.151177,1.37157786e-05,392.56
8,1556,0.153621,1.37130955e-05,393.07
8,1558,0.154862,1.37104216e-05,393.58
8,1560,0.158261,1.37077386e-05,394.06
8,1562,0.139114,1.37050620e-05,394.54
8,1564,0.158693,1.37023872e-05,395.08
8,1566,0.164935,1.36997051e-05,395.62
8,1568,0.150628,1.36970302e-05,396.13
8,1570,0.138872,1.36943499e-05,396.62
8,1572,0.164569,1.36916751e-05,397.10
8,1574,0.140385,1.36889948e-05,397.62
8,1576,0.136777,1.36863200e-05,398.14
8,1578,0.157731,1.36836452e-05,398.61
8,1580,0.168640,1.36809649e-05,399.11
8,1582,0.146309,1.36782928e-05,399.60
8,1584,0.167939,1.36756116e-05,400.11
8,1586,0.141597,1.36729395e-05,400.58
8,1588,0.168309,1.36702583e-05,401.08
8,1590,0.154865,1.36675862e-05,401.62
8,1592,0.156172,1.36649078e-05,402.10
8,1594,0.156364,1.36622348e-05,402.67
8,1596,0.160222,1.36595627e-05,403.22
8,1598,0.136619,1.36568842e-05,403.72
8,1600,0.146073,1.36542121e-05,404.20
8,1602,0.185480,1.36515328e-05,404.64
8,1604,0.172518,1.36488625e-05,405.14
8,1606,0.165290,1.36461840e-05,405.60
8,1608,0.158107,1.36435137e-05,406.08
8,1610,0.184877,1.36408416e-05,406.57
8,1612,0.167791,1.36381650e-05,407.06
8,1614,0.144735,1.36354947e-05,407.56
8,1616,0.134032,1.36328181e-05,408.03
8,1618,0.174878,1.36301478e-05,408.51
8,1620,0.159258,1.36274712e-05,408.97
8,1622,0.161114,1.36248036e-05,409.48
8,1624,0.144210,1.36221270e-05,409.94
8,1626,0.171529,1.36194567e-05,410.45
8,1628,0.149659,1.36167882e-05,410.94
8,1630,0.144439,1.36141116e-05,411.40
8,1632,0.120420,1.36114431e-05,411.88
8,1634,0.150674,1.36087692e-05,412.40
8,1636,0.138203,1.36061008e-05,412.91
8,1638,0.150434,1.36034259e-05,413.38
8,1640,0.153265,1.36007584e-05,413.85
8,1642,0.150108,1.35980836e-05,414.37
8,1644,0.172649,1.35954178e-05,414.83
8,1646,0.151238,1.35927494e-05,415.37
8,1648,0.143373,1.35900746e-05,415.86
8,1650,0.158341,1.35874088e-05,416.43
8,1652,0.115111,1.35847367e-05,416.97
8,1654,0.170619,1.35820701e-05,417.46
8,1656,0.165988,1.35793962e-05,417.99
8,1658,0.138247,1.35767295e-05,418.50
8,1660,0.163529,1.35740656e-05,418.99
8,1662,0.152345,1.35713935e-05,419.54
8,1664,0.164776,1.35687269e-05,420.03
8,1666,0.159713,1.35660548e-05,420.50
8,1668,0.162565,1.35633909e-05,421.01
8,1670,0.168890,1.35607188e-05,421.62
8,1672,0.127641,1.35580540e-05,422.05
8,1674,0.143899,1.35553837e-05,422.50
8,1676,0.151969,1.35527180e-05,422.99
8,1678,0.140298,1.35500541e-05,423.48
8,1680,0.166204,1.35473838e-05,424.04
8,1682,0.154475,1.35447217e-05,424.61
8,1684,0.171794,1.35420514e-05,425.17
8,1686,0.160507,1.35393875e-05,425.65
8,1688,0.155595,1.35367172e-05,426.16
8,1690,0.168789,1.35340551e-05,426.69
8,1692,0.147469,1.35313931e-05,427.17
8,1694,0.170510,1.35287228e-05,427.66
8,1696,0.191519,1.35260607e-05,428.19
8,1698,0.151383,1.35233931e-05,428.69
8,1700,0.157049,1.35207310e-05,429.18
8,1702,0.166782,1.35180626e-05,429.66
8,1704,0.152834,1.35154005e-05,430.16
8,1706,0.135037,1.35127320e-05,430.65
8,1708,0.137725,1.35100727e-05,431.18
8,1710,0.162030,1.35074106e-05,431.78
8,1712,0.166093,1.35047449e-05,432.27
8,1714,0.161055,1.35020828e-05,432.89
8,1716,0.143220,1.34994161e-05,433.43
8,1718,0.157846,1.34967568e-05,433.97
8,1720,0.151220,1.34940901e-05,434.43
8,1722,0.160955,1.34914308e-05,434.89
8,1724,0.145862,1.34887705e-05,435.46
8,1726,0.176293,1.34861048e-05,435.89
8,1728,0.154182,1.34834472e-05,436.41
8,1730,0.132075,1.34807806e-05,436.93
8,1732,0.163035,1.34781230e-05,437.45
8,1734,0.180647,1.34754573e-05,437.96
8,1736,0.126857,1.34727989e-05,438.49
8,1738,0.146731,1.34701349e-05,438.97
8,1740,0.143932,1.34674774e-05,439.46
8,1742,0.149176,1.34648199e-05,439.95
8,1744,0.145708,1.34621559e-05,440.48
8,1746,0.155189,1.34594975e-05,441.01
8,1748,0.160644,1.34568336e-05,441.53
8,1750,0.130866,1.34541779e-05,442.00
8,1752,0.158785,1.34515140e-05,442.54
8,1754,0.132069,1.34488582e-05,443.03
8,1756,0.152507,1.34462007e-05,443.62
8,1758,0.141896,1.34435386e-05,444.10
8,1760,0.155135,1.34408829e-05,444.55
8,1762,0.159537,1.34382208e-05,445.02
8,1764,0.166430,1.34355651e-05,445.48
8,1766,0.144064,1.34329030e-05,445.99
8,1768,0.159462,1.34302472e-05,446.51
8,1770,0.152745,1.34275861e-05,446.99
8,1772,0.169245,1.34249321e-05,447.54
8,1774,0.157978,1.34222782e-05,448.07
8,1776,0.148961,1.34196162e-05,448.56
8,1778,0.124402,1.34169632e-05,449.00
8,1780,0.172281,1.34143029e-05,449.48
8,1782,0.149978,1.34116499e-05,450.03
8,1784,0.162192,1.34089896e-05,450.61
8,1786,0.137161,1.34063357e-05,451.14
8,1788,0.131223,1.34036827e-05,451.63
8,1790,0.169187,1.34010224e-05,452.13
8,1792,0.150675,1.33983713e-05,452.66
8,1794,0.148521,1.33957110e-05,453.18
8,1796,0.145820,1.33930598e-05,453.66
8,1798,0.181928,1.33903995e-05,454.16
8,1800,0.161339,1.33877484e-05,454.70
8,1802,0.140022,1.33850908e-05,455.19
8,1804,0.165593,1.33824387e-05,455.78
8,1806,0.148988,1.33797876e-05,456.29
8,1808,0.137089,1.33771300e-05,456.78
8,1810,0.147227,1.33744807e-05,457.22
8,1812,0.164087,1.33718222e-05,457.69
8,1814,0.154823,1.33691710e-05,458.19
8,1816,0.174790,1.33665153e-05,458.65
8,1818,0.154306,1.33638659e-05,459.10
8,1820,0.151455,1.33612148e-05,459.61
8,1822,0.135815,1.33585590e-05,460.08
8,1824,0.153296,1.33559097e-05,460.55
8,1826,0.147049,1.33532540e-05,461.06
8,1828,0.117213,1.33506046e-05,461.50
8,1830,0.154556,1.33479489e-05,461.97
8,1832,0.159038,1.33453013e-05,462.47
8,1834,0.166811,1.33426456e-05,462.94
8,1836,0.162706,1.33399981e-05,463.47
8,1838,0.141356,1.33373487e-05,463.96
8,1840,0.161579,1.33346948e-05,464.42
8,1842,0.161137,1.33320482e-05,464.90
8,1844,0.137519,1.33293943e-05,465.42
8,1846,0.142829,1.33267467e-05,465.90
8,1848,0.169335,1.33240928e-05,466.41
8,1850,0.151339,1.33214462e-05,466.96
8,1852,0.132469,1.33187987e-05,467.45
8,1854,0.145388,1.33161475e-05,467.92
8,1856,0.142684,1.33134999e-05,468.44
8,1858,0.139148,1.33108479e-05,468.96
8,1860,0.168553,1.33082012e-05,469.42
8,1862,0.135305,1.33055491e-05,469.91
8,1864,0.152083,1.33029043e-05,470.39
8,1866,0.166552,1.33002522e-05,470.85
8,1868,0.168220,1.32976074e-05,471.36
8,1870,0.141538,1.32949617e-05,471.86
8,1872,0.133261,1.32923105e-05,472.38
8,1874,0.151367,1.32896675e-05,472.85
8,1876,0.157881,1.32870155e-05,473.37
8,1878,0.175224,1.32843725e-05,473.83
8,1880,0.125776,1.32817213e-05,474.37
8,1882,0.172902,1.32790783e-05,474.83
8,1884,0.175091,1.32764353e-05,475.31
8,1886,0.156160,1.32737850e-05,475.83
8,1888,0.198129,1.32711421e-05,476.37
8,1890,0.141225,1.32684927e-05,476.86
8,1892,0.149648,1.32658497e-05,477.33
8,1894,0.142616,1.32632022e-05,477.90
8,1896,0.145763,1.32605592e-05,478.40
8,1898,0.162191,1.32579116e-05,478.86
8,1900,0.183046,1.32552686e-05,479.38
8,1902,0.177822,1.32526275e-05,479.90
8,1904,0.146323,1.32499799e-05,480.40
8,1906,0.154241,1.32473388e-05,480.89
8,1908,0.127002,1.32446921e-05,481.47
8,1910,0.164957,1.32420510e-05,481.92
8,1912,0.174724,1.32394034e-05,482.44
8,1914,0.150598,1.32367622e-05,482.90
8,1916,0.166713,1.32341238e-05,483.36
8,1918,0.145760,1.32314763e-05,483.87
8,1920,0.135476,1.32288369e-05,484.34
8,1922,0.121502,1.32261894e-05,484.77
8,1924,0.139851,1.32235509e-05,485.26
8,1926,0.149134,1.32209052e-05,485.73
8,1928,0.173583,1.32182668e-05,486.19
8,1930,0.150027,1.32156210e-05,486.72
8,1932,0.157374,1.32129826e-05,487.22
8,1934,0.143309,1.32103432e-05,487.74
8,1936,0.178299,1.32077002e-05,488.27
8,1938,0.199776,1.32050609e-05,488.77
8,1940,0.155423,1.32024179e-05,489.30
8,1942,0.154868,1.31997786e-05,489.79
8,1944,0.161501,1.31971356e-05,490.29
8,1946,0.119857,1.31944989e-05,490.78
8,1948,0.189866,1.31918623e-05,491.35
8,1950,0.169234,1.31892184e-05,491.86
8,1952,0.169710,1.31865818e-05,492.38
8,1954,0.134371,1.31839388e-05,492.89
8,1956,0.188131,1.31813040e-05,493.39
8,1958,0.168565,1.31786610e-05,493.91
8,1960,0.168035,1.31760262e-05,494.42
8,1962,0.163824,1.31733823e-05,494.90
8,1964,0.144110,1.31707475e-05,495.37
8,1966,0.179302,1.31681127e-05,495.85
8,1968,0.167353,1.31654715e-05,496.34
8,1970,0.145184,1.31628367e-05,496.88
8,1972,0.163556,1.31601964e-05,497.44
8,1974,0.161535,1.31575616e-05,497.94
8,1976,0.172503,1.31549205e-05,498.43
8,1978,0.142913,1.31522875e-05,498.87
8,1980,0.162329,1.31496527e-05,499.45
8,1982,0.162560,1.31470133e-05,499.94
8,1984,0.132562,1.31443812e-05,500.43
8,1986,0.163026,1.31417401e-05,500.89
8,1988,0.150817,1.31391071e-05,501.51
8,1990,0.145649,1.31364677e-05,502.03
8,1992,0.140705,1.31338356e-05,502.57
8,1994,0.174384,1.31311963e-05,503.10
8,1996,0.162449,1.31285660e-05,503.60
8,1998,0.189570,1.31259330e-05,504.09
8,2000,0.165958,1.31232955e-05,504.66
8,2002,0.156042,1.31206634e-05,505.16
8,2004,0.164885,1.31180259e-05,505.66
8,2006,0.139712,1.31153956e-05,506.13
8,2008,0.163431,1.31127563e-05,506.66
8,2010,0.137476,1.31101260e-05,507.16
8,2012,0.155845,1.31074976e-05,507.63
8,2014,0.147714,1.31048610e-05,508.10
8,2016,0.159559,1.31022298e-05,508.58
8,2018,0.144945,1.30995932e-05,509.17
8,2020,0.164920,1.30969647e-05,509.62
8,2022,0.171318,1.30943272e-05,510.09
8,2024,0.164232,1.30916987e-05,510.55
8,2026,0.158764,1.30890639e-05,511.14
8,2028,0.148711,1.30864337e-05,511.65
8,2030,0.140773,1.30838052e-05,512.20
8,2032,0.154466,1.30811704e-05,512.68
8,2034,0.164323,1.30785438e-05,513.15
8,2036,0.151114,1.30759090e-05,513.63
8,2038,0.141281,1.30732806e-05,514.10
8,2040,0.145158,1.30706458e-05,514.58
8,2042,0.151002,1.30680191e-05,515.08
8,2044,0.159829,1.30653925e-05,515.57
8,2046,0.151292,1.30627577e-05,516.10
8,2048,0.129475,1.30601311e-05,516.55
8,2050,0.160146,1.30574981e-05,517.13
8,2052,0.144908,1.30548715e-05,517.71
8,2054,0.143113,1.30522394e-05,518.24
8,2056,0.158029,1.30496128e-05,518.79
8,2058,0.151828,1.30469816e-05,519.31
8,2060,0.157706,1.30443559e-05,519.80
8,2062,0.122015,1.30417311e-05,520.28
8,2064,0.162740,1.30390981e-05,520.84
8,2066,0.163626,1.30364742e-05,521.35
8,2068,0.170985,1.30338431e-05,521.84
8,2070,0.149987,1.30312192e-05,522.32
8,2072,0.165979,1.30285880e-05,522.81
8,2074,0.147354,1.30259641e-05,523.29
8,2076,0.151027,1.30233393e-05,523.75
8,2078,0.150908,1.30207090e-05,524.24
8,2080,0.157116,1.30180870e-05,524.74
8,2082,0.156952,1.30154558e-05,525.23
8,2084,0.139844,1.30128337e-05,525.70
8,2086,0.161219,1.30102026e-05,526.18
8,2088,0.172619,1.30075805e-05,526.69
8,2090,0.178422,1.30049521e-05,527.18
8,2092,0.155702,1.30023300e-05,527.64
8,2094,0.144612,1.29997079e-05,528.14
8,2096,0.145138,1.29970786e-05,528.59
8,2098,0.193345,1.29944565e-05,529.06
8,2100,0.153916,1.29918299e-05,529.57
8,2102,0.133839,1.29892078e-05,530.09
8,2104,0.148019,1.29865812e-05,530.58
8,2106,0.161483,1.29839591e-05,531.09
8,2108,0.157534,1.29813388e-05,531.61
8,2110,0.151278,1.29787122e-05,532.10
8,2112,0.174328,1.29760920e-05,532.69
8,2114,0.160475,1.29734653e-05,533.12
8,2116,0.155523,1.29708451e-05,533.68
8,2118,0.156946,1.29682194e-05,534.23
8,2120,0.128249,1.29656009e-05,534.73
8,2122,0.154980,1.29629743e-05,535.21
8,2124,0.135341,1.29603559e-05,535.73
8,2126,0.149204,1.29577356e-05,536.18
8,2128,0.168759,1.29551117e-05,536.64
8,2130,0.167895,1.29524933e-05,537.15
8,2132,0.142274,1.29498694e-05,537.68
8,2134,0.150853,1.29472510e-05,538.16
8,2136,0.161281,1.29446262e-05,538.64
8,2138,0.128213,1.29420087e-05,539.13
8,2140,0.132706,1.29393920e-05,539.60
8,2142,0.164847,1.29367681e-05,540.18
8,2144,0.175703,1.29341515e-05,540.74
8,2146,0.179082,1.29315276e-05,541.25
8,2148,0.171608,1.29289119e-05,541.73
8,2150,0.159424,1.29262889e-05,542.23
8,2152,0.150880,1.29236732e-05,542.77
8,2154,0.133883,1.29210512e-05,543.29
8,2156,0.163078,1.29184345e-05,543.83
8,2158,0.149216,1.29158188e-05,544.30
8,2160,0.147810,1.29131968e-05,544.75
8,2162,0.175733,1.29105829e-05,545.21
8,2164,0.157531,1.29079599e-05,545.66
8,2166,0.136732,1.29053460e-05,546.25
8,2168,0.163570,1.29027239e-05,546.86
8,2170,0.157319,1.29001101e-05,547.38
8,2172,0.147251,1.28974898e-05,547.84
8,2174,0.158970,1.28948759e-05,548.39
8,2176,0.138422,1.28922620e-05,548.85
8,2178,0.142645,1.28896418e-05,549.30
8,2180,0.169459,1.28870297e-05,549.83
8,2182,0.157873,1.28844094e-05,550.33
8,2184,0.176603,1.28817974e-05,550.88
8,2186,0.137271,1.28791771e-05,551.44
8,2188,0.165292,1.28765651e-05,551.93
8,2190,0.176328,1.28739539e-05,552.48
8,2192,0.159318,1.28713336e-05,552.97
8,2194,0.166118,1.28687234e-05,553.46
8,2196,0.164229,1.28661059e-05,553.96
8,2198,0.161715,1.28634938e-05,554.51
8,2200,0.173339,1.28608754e-05,555.03
8,2202,0.153873,1.28582633e-05,555.53
8,2204,0.189068,1.28556476e-05,555.99
8,2206,0.164706,1.28530355e-05,556.47
8,2208,0.155256,1.28504262e-05,556.97
8,2210,0.166686,1.28478096e-05,557.45
8,2212,0.148860,1.28452002e-05,557.98
8,2214,0.165593,1.28425836e-05,558.56
8,2216,0.136627,1.28399743e-05,559.06
8,2218,0.142441,1.28373586e-05,559.57
8,2220,0.152240,1.28347483e-05,560.11
8,2222,0.155110,1.28321408e-05,560.61
8,2224,0.133669,1.28295242e-05,561.14
8,2226,0.153668,1.28269166e-05,561.62
8,2228,0.155717,1.28243009e-05,562.13
8,2230,0.193739,1.28216934e-05,562.68
8,2232,0.128108,1.28190795e-05,563.17
8,2234,0.145104,1.28164711e-05,563.63
8,2236,0.127659,1.28138572e-05,564.14
8,2238,0.146265,1.28112497e-05,564.62
8,2240,0.143105,1.28086422e-05,565.15
8,2242,0.148160,1.28060301e-05,565.64
8,2244,0.180909,1.28034226e-05,566.16
8,2246,0.140868,1.28008105e-05,566.65
8,2248,0.160580,1.27982030e-05,567.11
8,2250,0.139825,1.27955909e-05,567.58
8,2252,0.149408,1.27929852e-05,568.11
8,2254,0.150012,1.27903795e-05,568.61
8,2256,0.119130,1.27877684e-05,569.07
8,2258,0.157633,1.27851627e-05,569.60
8,2260,0.136873,1.27825506e-05,570.09
8,2262,0.159381,1.27799467e-05,570.57
8,2264,0.134448,1.27773355e-05,571.16
8,2266,0.166656,1.27747317e-05,571.67
8,2268,0.157164,1.27721196e-05,572.21
8,2270,0.162433,1.27695157e-05,572.77
8,2272,0.151684,1.27669127e-05,573.31
8,2274,0.147835,1.27643025e-05,573.82
8,2276,0.150827,1.27616995e-05,574.35
8,2278,0.168646,1.27590893e-05,574.86
8,2280,0.162458,1.27564863e-05,575.37
8,2282,0.159702,1.27538779e-05,575.95
8,2284,0.171098,1.27512749e-05,576.54
8,2286,0.163621,1.27486737e-05,577.05
8,2288,0.145929,1.27460635e-05,577.59
8,2290,0.173392,1.27434623e-05,578.03
8,2292,0.140650,1.27408548e-05,578.57
8,2294,0.175368,1.27382527e-05,579.07
8,2296,0.148651,1.27356452e-05,579.57
8,2298,0.157479,1.27330441e-05,580.00
8,2300,0.172342,1.27304356e-05,580.48
8,2302,0.141993,1.27278345e-05,581.04
8,2304,0.146745,1.27252351e-05,581.51
8,2306,0.172837,1.27226276e-05,582.03
8,2308,0.151250,1.27200283e-05,582.51
8,2310,0.179161,1.27174226e-05,583.06
8,2312,0.143105,1.27148232e-05,583.50
8,2314,0.145133,1.27122157e-05,583.97
8,2316,0.143375,1.27096164e-05,584.50
8,2318,0.163230,1.27070189e-05,584.99
8,2320,0.162848,1.27044132e-05,585.51
8,2322,0.143695,1.27018138e-05,586.00
8,2324,0.156245,1.26992099e-05,586.48
8,2326,0.152091,1.26966106e-05,586.95
8,2328,0.112945,1.26940076e-05,587.50
8,2330,0.148498,1.26914083e-05,588.00
8,2332,0.156566,1.26888044e-05,588.51
8,2334,0.137126,1.26862069e-05,588.99
8,2336,0.164343,1.26836103e-05,589.55
8,2338,0.136756,1.26810064e-05,590.02
8,2340,0.154140,1.26784089e-05,590.49
8,2342,0.177006,1.26758077e-05,590.99
8,2344,0.161323,1.26732102e-05,591.42
8,2346,0.171292,1.26706091e-05,591.93
8,2348,0.157732,1.26680115e-05,592.36
8,2350,0.136644,1.26654168e-05,592.81
8,2352,0.159834,1.26628156e-05,593.30
8,2354,0.161148,1.26602199e-05,593.79
8,2356,0.149848,1.26576188e-05,594.29
8,2358,0.161565,1.26550231e-05,594.79
8,2360,0.165930,1.26524219e-05,595.35
8,2362,0.153473,1.26498271e-05,595.87
8,2364,0.156351,1.26472278e-05,596.42
8,2366,0.143105,1.26446321e-05,596.89
8,2368,0.144765,1.26420391e-05,597.41
8,2370,0.114145,1.26394398e-05,597.90
8,2372,0.152868,1.26368450e-05,598.39
8,2374,0.183051,1.26342456e-05,598.89
8,2376,0.154978,1.26316518e-05,599.37
8,2378,0.157995,1.26290524e-05,599.92
8,2380,0.163016,1.26264613e-05,600.44
8,2382,0.178373,1.26238683e-05,600.95
8,2384,0.165840,1.26212690e-05,601.47
8,2386,0.183830,1.26186778e-05,601.98
8,2388,0.171935,1.26160785e-05,602.51
8,2390,0.129168,1.26134883e-05,603.00
8,2392,0.159571,1.26108907e-05,603.52
8,2394,0.174758,1.26082996e-05,604.04
8,2396,0.157580,1.26057021e-05,604.52
8,2398,0.158980,1.26031109e-05,605.00
8,2400,0.150111,1.26005207e-05,605.56
8,2402,0.168024,1.25979232e-05,606.12
8,2404,0.161695,1.25953338e-05,606.64
8,2406,0.161962,1.25927372e-05,607.16
8,2408,0.150977,1.25901479e-05,607.69
8,2410,0.158621,1.25875531e-05,608.29
8,2412,0.136193,1.25849638e-05,608.73
8,2414,0.159328,1.25823726e-05,609.30
8,2416,0.123202,1.25797778e-05,609.84
8,2418,0.161080,1.25771903e-05,610.39
8,2420,0.152373,1.25745955e-05,610.88
8,2422,0.148475,1.25720062e-05,611.39
8,2424,0.181850,1.25694114e-05,611.89
8,2426,0.138847,1.25668248e-05,612.36
8,2428,0.168929,1.25642318e-05,612.86
8,2430,0.160035,1.25616425e-05,613.36
8,2432,0.177079,1.25590559e-05,613.88
8,2434,0.148901,1.25564629e-05,614.36
8,2436,0.158412,1.25538754e-05,614.91
8,2438,0.150945,1.25512825e-05,615.41
8,2440,0.144509,1.25486958e-05,615.94
8,2442,0.151811,1.25461047e-05,616.46
8,2444,0.162040,1.25435181e-05,616.96
8,2446,0.160901,1.25409333e-05,617.46
8,2448,0.175129,1.25383403e-05,617.92
8,2450,0.145418,1.25357556e-05,618.43
8,2452,0.153488,1.25331644e-05,618.87
8,2454,0.129526,1.25305796e-05,619.39
8,2456,0.158405,1.25279867e-05,619.91
8,2458,0.170083,1.25254037e-05,620.41
8,2460,0.129404,1.25228125e-05,620.97
8,2462,0.135968,1.25202278e-05,621.48
8,2464,0.168161,1.25176457e-05,621.97
8,2466,0.162484,1.25150546e-05,622.48
8,2468,0.176972,1.25124716e-05,622.99
8,2470,0.163775,1.25098804e-05,623.52
8,2472,0.151842,1.25072984e-05,623.95
8,2474,0.167514,1.25047090e-05,624.41
8,2476,0.159522,1.25021261e-05,624.91
8,2478,0.165057,1.24995440e-05,625.36
8,2480,0.140121,1.24969547e-05,625.85
8,2482,0.156011,1.24943745e-05,626.28
8,2484,0.155301,1.24917851e-05,626.81
8,2486,0.152483,1.24892049e-05,627.29
8,2488,0.153999,1.24866156e-05,627.83
8,2490,0.160090,1.24840353e-05,628.29
8,2492,0.156523,1.24814487e-05,628.79
8,2494,0.158448,1.24788676e-05,629.29
8,2496,0.139785,1.24762873e-05,629.79
8,2498,0.149738,1.24737007e-05,630.33
8,2500,0.164509,1.24711196e-05,630.90
8,2502,0.157442,1.24685330e-05,631.43
8,2504,0.126456,1.24659546e-05,631.89
8,2506,0.142377,1.24633680e-05,632.36
8,2508,0.156557,1.24607895e-05,632.88
8,2510,0.140687,1.24582102e-05,633.32
8,2512,0.140152,1.24556236e-05,633.85
8,2514,0.172371,1.24530452e-05,634.30
8,2516,0.151234,1.24504604e-05,634.83
8,2518,0.140904,1.24478820e-05,635.35
8,2520,0.192869,1.24452990e-05,635.78
8,2522,0.153075,1.24427206e-05,636.30
8,2524,0.154852,1.24401358e-05,636.80
8,2526,0.133948,1.24375601e-05,637.31
8,2528,0.173204,1.24349808e-05,637.79
8,2530,0.151120,1.24323988e-05,638.31
8,2532,0.131672,1.24298222e-05,638.92
8,2534,0.151532,1.24272392e-05,639.40
8,2536,0.156414,1.24246626e-05,639.92
8,2538,0.189072,1.24220805e-05,640.37
8,2540,0.143242,1.24195039e-05,640.90
8,2542,0.143681,1.24169301e-05,641.39
8,2544,0.149053,1.24143471e-05,641.83
8,2546,0.153833,1.24117723e-05,642.32
8,2548,0.133478,1.24091903e-05,642.80
8,2550,0.154601,1.24066155e-05,643.29
8,2552,0.162491,1.24040353e-05,643.76
8,2554,0.147154,1.24014605e-05,644.30
8,2556,0.130276,1.23988802e-05,644.75
8,2558,0.139802,1.23963055e-05,645.22
8,2560,0.198342,1.23937316e-05,645.70
8,2562,0.156108,1.23911514e-05,646.12
8,2564,0.142557,1.23885784e-05,646.62
8,2566,0.168138,1.23859982e-05,647.12
8,2568,0.146050,1.23834261e-05,647.64
8,2570,0.156577,1.23808477e-05,648.15
8,2572,0.142051,1.23782729e-05,648.62
8,2574,0.170413,1.23757009e-05,649.08
8,2576,0.151855,1.23731224e-05,649.57
8,2578,0.168481,1.23705522e-05,650.03
8,2580,0.176761,1.23679738e-05,650.46
8,2582,0.160526,1.23654017e-05,651.00
8,2584,0.170207,1.23628251e-05,651.52
8,2586,0.172780,1.23602531e-05,652.04
8,2588,0.172845,1.23576765e-05,652.53
8,2590,0.136524,1.23551044e-05,653.00
8,2592,0.152148,1.23525342e-05,653.47
8,2594,0.153228,1.23499576e-05,653.97
8,2596,0.149346,1.23473874e-05,654.49
8,2598,0.163522,1.23448108e-05,655.03
8,2600,0.163144,1.23422433e-05,655.57
8,2602,0.160946,1.23396667e-05,656.06
8,2604,0.156111,1.23370965e-05,656.52
8,2606,0.154212,1.23345280e-05,657.00
8,2608,0.171997,1.23319542e-05,657.49
8,2610,0.150347,1.23293839e-05,657.96
8,2612,0.134549,1.23268092e-05,658.48
8,2614,0.173082,1.23242417e-05,658.95
8,2616,0.161429,1.23216669e-05,659.46
8,2618,0.153599,1.23190994e-05,659.94
8,2620,0.168562,1.23165264e-05,660.43
8,2622,0.144907,1.23139589e-05,660.93
8,2624,0.157687,1.23113923e-05,661.44
8,2626,0.128280,1.23088184e-05,661.97
8,2628,0.155286,1.23062528e-05,662.49
8,2630,0.171661,1.23036780e-05,662.98
8,2632,0.144044,1.23011123e-05,663.45
8,2634,0.154241,1.22985402e-05,663.92
8,2636,0.161293,1.22959736e-05,664.43
8,2638,0.147436,1.22934098e-05,664.90
8,2640,0.128468,1.22908377e-05,665.44
8,2642,0.156385,1.22882720e-05,665.95
8,2644,0.155226,1.22857018e-05,666.43
8,2646,0.142174,1.22831361e-05,666.94
8,2648,0.161223,1.22805659e-05,667.38
8,2650,0.173205,1.22780020e-05,667.91
8,2652,0.145814,1.22754318e-05,668.39
8,2654,0.150973,1.22728679e-05,668.89
8,2656,0.144975,1.22703041e-05,669.41
8,2658,0.159320,1.22677338e-05,669.87
8,2660,0.175429,1.22651700e-05,670.38
8,2662,0.146742,1.22625997e-05,670.83
8,2664,0.151380,1.22600377e-05,671.32
8,2666,0.157350,1.22574675e-05,671.79
8,2668,0.148549,1.22549054e-05,672.29
8,2670,0.152820,1.22523443e-05,672.77
8,2672,0.149725,1.22497759e-05,673.28
8,2674,0.156103,1.22472138e-05,673.74
8,2676,0.133718,1.22446463e-05,674.19
8,2678,0.145674,1.22420843e-05,674.68
8,2680,0.134658,1.22395159e-05,675.19
8,2682,0.172276,1.22369565e-05,675.63
8,2684,0.162381,1.22343881e-05,676.13
8,2686,0.149912,1.22318288e-05,676.68
8,2688,0.183007,1.22292686e-05,677.22
8,2690,0.165563,1.22267011e-05,677.74
8,2692,0.140879,1.22241408e-05,678.23
8,2694,0.158197,1.22215752e-05,678.72
8,2696,0.151058,1.22190149e-05,679.19
8,2698,0.149864,1.22164511e-05,679.67
8,2700,0.152765,1.22138918e-05,680.30
8,2702,0.154431,1.22113324e-05,680.85
8,2704,0.165181,1.22087686e-05,681.35
8,2706,0.169788,1.22062083e-05,681.81
8,2708,0.164919,1.22036445e-05,682.28
8,2710,0.168812,1.22010870e-05,682.74
8,2712,0.138358,1.21985231e-05,683.26
8,2714,0.166588,1.21959656e-05,683.75
8,2716,0.171243,1.21934017e-05,684.24
8,2718,0.154957,1.21908442e-05,684.77
8,2720,0.148751,1.21882886e-05,685.28
8,2722,0.155521,1.21857247e-05,685.80
8,2724,0.154424,1.21831690e-05,686.34
8,2726,0.173915,1.21806052e-05,686.86
8,2728,0.145689,1.21780495e-05,687.32
8,2730,0.127790,1.21754874e-05,687.85
8,2732,0.158361,1.21729317e-05,688.35
8,2734,0.136785,1.21703706e-05,688.81
8,2736,0.155196,1.21678149e-05,689.32
8,2738,0.142829,1.21652592e-05,689.84
8,2740,0.136398,1.21626972e-05,690.29
8,2742,0.153502,1.21601443e-05,690.86
8,2744,0.166307,1.21575822e-05,691.35
8,2746,0.131775,1.21550283e-05,691.82
8,2748,0.144048,1.21524690e-05,692.34
8,2750,0.161270,1.21499152e-05,692.81
8,2752,0.176278,1.21473622e-05,693.28
8,2754,0.148704,1.21448020e-05,693.81
8,2756,0.145861,1.21422490e-05,694.25
8,2758,0.152781,1.21396888e-05,694.72
8,2760,0.158897,1.21371359e-05,695.17
8,2762,0.160103,1.21345784e-05,695.63
8,2764,0.150065,1.21320245e-05,696.18
8,2766,0.143230,1.21294670e-05,696.66
8,2768,0.131643,1.21269159e-05,697.12
8,2770,0.175883,1.21243638e-05,697.61
8,2772,0.155183,1.21218063e-05,698.06
8,2774,0.146391,1.21192552e-05,698.54
8,2776,0.164612,1.21166977e-05,699.04
8,2778,0.184101,1.21141456e-05,699.51
8,2780,0.136985,1.21115909e-05,699.94
8,2782,0.135785,1.21090388e-05,700.42
8,2784,0.127856,1.21064895e-05,700.88
8,2786,0.165671,1.21039320e-05,701.34
8,2788,0.161858,1.21013827e-05,701.84
8,2790,0.162425,1.20988270e-05,702.32
8,2792,0.166989,1.20962777e-05,702.76
8,2794,0.152365,1.20937229e-05,703.36
8,2796,0.153265,1.20911736e-05,703.85
8,2798,0.144045,1.20886198e-05,704.31
8,2800,0.153493,1.20860705e-05,704.84
8,2802,0.147588,1.20835230e-05,705.36
8,2804,0.161177,1.20809682e-05,705.88
8,2806,0.165643,1.20784207e-05,706.38
8,2808,0.165046,1.20758668e-05,706.86
8,2810,0.150713,1.20733202e-05,707.42
8,2812,0.143642,1.20707664e-05,707.94
8,2814,0.167262,1.20682189e-05,708.42
8,2816,0.185339,1.20656723e-05,708.91
8,2818,0.169378,1.20631184e-05,709.45
8,2820,0.147877,1.20605737e-05,709.99
8,2822,0.154567,1.20580198e-05,710.44
8,2824,0.142193,1.20554751e-05,710.97
8,2826,0.187031,1.20529230e-05,711.55
8,2828,0.155538,1.20503764e-05,712.07
8,2830,0.131746,1.20478253e-05,712.57
8,2832,0.155141,1.20452796e-05,713.07
8,2834,0.154813,1.20427349e-05,713.55
8,2836,0.153368,1.20401855e-05,714.15
8,2838,0.135797,1.20376399e-05,714.68
8,2840,0.144659,1.20350887e-05,715.19
8,2842,0.152925,1.20325458e-05,715.66
8,2844,0.157393,1.20299965e-05,716.14
8,2846,0.149347,1.20274517e-05,716.60
8,2848,0.151468,1.20249088e-05,717.11
8,2850,0.156822,1.20223594e-05,717.57
8,2852,0.162955,1.20198165e-05,718.04
8,2854,0.139872,1.20172672e-05,718.54
8,2856,0.149962,1.20147261e-05,719.01
8,2858,0.159105,1.20121767e-05,719.54
8,2860,0.171849,1.20096356e-05,720.06
8,2862,0.155161,1.20070863e-05,720.57
8,2864,0.166172,1.20045452e-05,721.12
8,2866,0.168825,1.20020040e-05,721.60
8,2868,0.142754,1.19994547e-05,722.06
8,2870,0.157672,1.19969145e-05,722.58
8,2872,0.150077,1.19943688e-05,723.11
8,2874,0.152719,1.19918277e-05,723.63
8,2876,0.147718,1.19892811e-05,724.16
8,2878,0.148542,1.19867400e-05,724.68
8,2880,0.150996,1.19842007e-05,725.17
8,2882,0.145067,1.19816541e-05,725.65
8,2884,0.141482,1.19791148e-05,726.23
8,2886,0.174731,1.19765700e-05,726.72
8,2888,0.160183,1.19740307e-05,727.23
8,2890,0.172254,1.19714859e-05,727.73
8,2892,0.149150,1.19689466e-05,728.23
8,2894,0.140339,1.19664019e-05,728.73
8,2896,0.166139,1.19638653e-05,729.20
8,2898,0.156989,1.19613260e-05,729.78
8,2900,0.126937,1.19587812e-05,730.29
8,2902,0.165911,1.19562446e-05,730.75
8,2904,0.164517,1.19537017e-05,731.27
8,2906,0.136020,1.19511642e-05,731.75
8,2908,0.137683,1.19486212e-05,732.22
8,2910,0.171770,1.19460847e-05,732.71
8,2912,0.123729,1.19435481e-05,733.23
8,2914,0.151474,1.19410051e-05,733.70
8,2916,0.156856,1.19384686e-05,734.21
8,2918,0.167599,1.19359274e-05,734.69
8,2920,0.162910,1.19333909e-05,735.23
8,2922,0.150968,1.19308497e-05,735.75
8,2924,0.169799,1.19283150e-05,736.21
8,2926,0.170911,1.19257738e-05,736.69
8,2928,0.170069,1.19232391e-05,737.15
8,2930,0.146164,1.19207043e-05,737.65
8,2932,0.118078,1.19181632e-05,738.20
8,2934,0.174233,1.19156293e-05,738.78
8,2936,0.169322,1.19130882e-05,739.33
8,2938,0.166660,1.19105553e-05,739.90
8,2940,0.157603,1.19080141e-05,740.39
8,2942,0.149522,1.19054821e-05,740.87
8,2944,0.148619,1.19029492e-05,741.38
8,2946,0.158245,1.19004108e-05,741.87
8,2948,0.128813,1.18978778e-05,742.36
8,2950,0.175958,1.18953385e-05,742.87
8,2952,0.156057,1.18928065e-05,743.36
8,2954,0.155143,1.18902672e-05,743.88
8,2956,0.158280,1.18877369e-05,744.45
8,2958,0.134850,1.18851976e-05,744.94
8,2960,0.155016,1.18826674e-05,745.45
8,2962,0.151640,1.18801372e-05,745.93
8,2964,0.138545,1.18775979e-05,746.41
8,2966,0.150437,1.18750677e-05,746.86
8,2968,0.146785,1.18725311e-05,747.30
8,2970,0.139466,1.18700000e-05,747.79
8,2972,0.147817,1.18674661e-05,748.25
8,2974,0.161872,1.18649350e-05,748.80
8,2976,0.160364,1.18624048e-05,749.31
8,2978,0.130042,1.18598700e-05,749.80
8,2980,0.159763,1.18573416e-05,750.29
8,2982,0.132846,1.18548051e-05,750.84
8,2984,0.168620,1.18522767e-05,751.33
8,2986,0.163947,1.18497419e-05,751.81
8,2988,0.157982,1.18472135e-05,752.33
8,2990,0.155232,1.18446787e-05,752.76
8,2992,0.168290,1.18421522e-05,753.24
8,2994,0.159850,1.18396238e-05,753.76
8,2996,0.148363,1.18370890e-05,754.25
8,2998,0.161287,1.18345624e-05,754.74
8,3000,0.142133,1.18320304e-05,755.24
8,3002,0.174165,1.18295020e-05,755.84
8,3004,0.147207,1.18269691e-05,756.37
8,3006,0.164317,1.18244425e-05,756.88
8,3008,0.136370,1.18219168e-05,757.35
8,3010,0.156846,1.18193839e-05,757.81
8,3012,0.170800,1.18168591e-05,758.24
8,3014,0.139450,1.18143271e-05,758.67
8,3016,0.175712,1.18118023e-05,759.23
8,3018,0.138915,1.18092703e-05,759.72
8,3020,0.172843,1.18067455e-05,760.20
8,3022,0.136385,1.18042153e-05,760.68
8,3024,0.158124,1.18016915e-05,761.16
8,3026,0.147245,1.17991667e-05,761.62
8,3028,0.165656,1.17966365e-05,762.13
8,3030,0.166377,1.17941117e-05,762.67
8,3032,0.152633,1.17915815e-05,763.17
8,3034,0.128277,1.17890595e-05,763.67
8,3036,0.149253,1.17865293e-05,764.24
8,3038,0.152140,1.17840063e-05,764.83
8,3040,0.122398,1.17814843e-05,765.39
8,3042,0.133933,1.17789559e-05,765.86
8,3044,0.156526,1.17764321e-05,766.37
8,3046,0.152875,1.17739037e-05,766.91
8,3048,0.169114,1.17713835e-05,767.43
8,3050,0.130318,1.17688551e-05,767.87
8,3052,0.138941,1.17663330e-05,768.47
8,3054,0.148331,1.17638065e-05,769.01
8,3056,0.144182,1.17612844e-05,769.56
8,3058,0.141408,1.17587642e-05,770.04
8,3060,0.150306,1.17562377e-05,770.48
8,3062,0.119066,1.17537174e-05,770.96
8,3064,0.163402,1.17511918e-05,771.44
8,3066,0.162885,1.17486716e-05,771.93
8,3068,0.187898,1.17461450e-05,772.37
8,3070,0.137615,1.17436248e-05,772.95
8,3072,0.156496,1.17411064e-05,773.52
8,3074,0.157749,1.17385807e-05,774.02
8,3076,0.165057,1.17360623e-05,774.52
8,3078,0.168599,1.17335358e-05,774.98
8,3080,0.139758,1.17310183e-05,775.50
8,3082,0.145057,1.17284935e-05,776.01
8,3084,0.142624,1.17259760e-05,776.47
8,3086,0.150446,1.17234513e-05,776.95
8,3088,0.157942,1.17209338e-05,777.47
8,3090,0.153581,1.17184181e-05,778.00
8,3092,0.158966,1.17158934e-05,778.53
8,3094,0.130694,1.17133777e-05,779.01
8,3096,0.168905,1.17108530e-05,779.49
8,3098,0.181312,1.17083373e-05,780.01
8,3100,0.165429,1.17058153e-05,780.50
8,3102,0.135823,1.17032996e-05,781.00
8,3104,0.152355,1.17007830e-05,781.45
8,3106,0.164684,1.16982610e-05,781.98
8,3108,0.165930,1.16957453e-05,782.46
8,3110,0.139895,1.16932251e-05,782.93
8,3112,0.150440,1.16907095e-05,783.45
8,3114,0.162856,1.16881893e-05,783.96
8,3116,0.132402,1.16856736e-05,784.42
8,3118,0.143651,1.16831534e-05,784.93
8,3120,0.177504,1.16806395e-05,785.44
8,3122,0.178955,1.16781257e-05,785.88
8,3124,0.164373,1.16756055e-05,786.34
8,3126,0.153479,1.16730916e-05,786.87
8,3128,0.160241,1.16705733e-05,787.46
8,3130,0.143228,1.16680594e-05,788.07
8,3132,0.155154,1.16655419e-05,788.62
8,3134,0.173218,1.16630281e-05,789.12
8,3136,0.145808,1.16605161e-05,789.64
8,3138,0.136408,1.16579986e-05,790.14
8,3140,0.186263,1.16554866e-05,790.64
8,3142,0.128771,1.16529682e-05,791.10
8,3144,0.167076,1.16504571e-05,791.62
8,3146,0.160712,1.16479387e-05,792.12
8,3148,0.170467,1.16454266e-05,792.62
8,3150,0.166245,1.16429110e-05,793.07
8,3152,0.141005,1.16403999e-05,793.58
8,3154,0.161091,1.16378897e-05,794.09
8,3156,0.132677,1.16353740e-05,794.64
8,3158,0.165289,1.16328638e-05,795.14
8,3160,0.140570,1.16303481e-05,795.64
8,3162,0.167851,1.16278388e-05,796.18
8,3164,0.133966,1.16253223e-05,796.66
8,3166,0.143932,1.16228130e-05,797.22
8,3168,0.179895,1.16203037e-05,797.71
8,3170,0.123286,1.16177898e-05,798.21
8,3172,0.127700,1.16152823e-05,798.72
8,3174,0.177717,1.16127658e-05,799.19
8,3176,0.134073,1.16102583e-05,799.68
8,3178,0.133726,1.16077445e-05,800.16
8,3180,0.167954,1.16052370e-05,800.66
8,3182,0.154573,1.16027231e-05,801.24
8,3184,0.157332,1.16002157e-05,801.71
8,3186,0.137576,1.15977100e-05,802.21
8,3188,0.133439,1.15951962e-05,802.73
8,3190,0.170127,1.15926914e-05,803.23
8,3192,0.136337,1.15901776e-05,803.75
8,3194,0.184857,1.15876719e-05,804.24
8,3196,0.156142,1.15851599e-05,804.73
8,3198,0.119147,1.15826542e-05,805.21
8,3200,0.152975,1.15801486e-05,805.71
8,3202,0.173915,1.15776375e-05,806.17
8,3204,0.173150,1.15751318e-05,806.61
8,3206,0.154104,1.15726225e-05,807.10
8,3208,0.164681,1.15701168e-05,807.61
8,3210,0.147404,1.15676066e-05,808.09
8,3212,0.162798,1.15651019e-05,808.59
8,3214,0.174206,1.15625917e-05,809.07
8,3216,0.156552,1.15600888e-05,809.58
8,3218,0.130733,1.15575849e-05,810.08
8,3220,0.142907,1.15550756e-05,810.57
8,3222,0.184116,1.15525718e-05,811.06
8,3224,0.160335,1.15500625e-05,811.58
8,3226,0.151074,1.15475614e-05,812.07
8,3228,0.132417,1.15450512e-05,812.62
8,3230,0.157059,1.15425501e-05,813.17
8,3232,0.159388,1.15400489e-05,813.60
8,3234,0.134884,1.15375415e-05,814.10
8,3236,0.139757,1.15350376e-05,814.61
8,3238,0.156407,1.15325320e-05,815.18
8,3240,0.147315,1.15300309e-05,815.65
8,3242,0.136588,1.15275234e-05,816.19
8,3244,0.174850,1.15250223e-05,816.64
8,3246,0.143048,1.15225166e-05,817.20
8,3248,0.156875,1.15200155e-05,817.71
8,3250,0.109855,1.15175162e-05,818.27
8,3252,0.141649,1.15150106e-05,818.75
8,3254,0.166846,1.15125113e-05,819.28
8,3256,0.146545,1.15100056e-05,819.75
8,3258,0.140367,1.15075063e-05,820.30
8,3260,0.151716,1.15050016e-05,820.75
8,3262,0.129782,1.15025023e-05,821.29
8,3264,0.153045,1.14999984e-05,821.81
8,3266,0.159003,1.14974991e-05,822.30
8,3268,0.142580,1.14950026e-05,822.77
8,3270,0.160738,1.14924969e-05,823.35
8,3272,0.137880,1.14899995e-05,823.90
8,3274,0.152495,1.14874965e-05,824.53
8,3276,0.125857,1.14849990e-05,825.05
8,3278,0.170874,1.14824961e-05,825.57
8,3280,0.138376,1.14799986e-05,826.08
8,3282,0.160209,1.14775039e-05,826.58
8,3284,0.153412,1.14750001e-05,827.09
8,3286,0.150833,1.14725053e-05,827.69
8,3288,0.157501,1.14700015e-05,828.21
8,3290,0.161253,1.14675067e-05,828.83
8,3292,0.155032,1.14650056e-05,829.42
8,3294,0.154822,1.14625100e-05,829.97
8,3296,0.136064,1.14600089e-05,830.48
8,3298,0.158277,1.14575141e-05,831.00
8,3300,0.151337,1.14550212e-05,831.50
8,3302,0.127927,1.14525192e-05,832.06
8,3304,0.139291,1.14500244e-05,832.61
8,3306,0.142210,1.14475251e-05,833.07
8,3308,0.160868,1.14450322e-05,833.62
8,3310,0.157935,1.14425329e-05,834.11
8,3312,0.142001,1.14400382e-05,834.54
8,3314,0.144879,1.14375453e-05,835.05
8,3316,0.161035,1.14350478e-05,835.49
8,3318,0.141253,1.14325549e-05,835.98
8,3320,0.142515,1.14300556e-05,836.48
8,3322,0.148061,1.14275654e-05,836.97
8,3324,0.162522,1.14250661e-05,837.51
8,3326,0.131692,1.14225750e-05,838.02
8,3328,0.150300,1.14200775e-05,838.56
8,3330,0.166458,1.14175846e-05,839.08
8,3332,0.173533,1.14150935e-05,839.68
8,3334,0.170934,1.14125969e-05,840.16
8,3336,0.156148,1.14101076e-05,840.67
8,3338,0.190706,1.14076111e-05,841.18
8,3340,0.142274,1.14051199e-05,841.75
8,3342,0.174070,1.14026252e-05,842.23
8,3344,0.157702,1.14001341e-05,842.81
8,3346,0.131948,1.13976448e-05,843.36
8,3348,0.172539,1.13951501e-05,843.81
8,3350,0.172265,1.13926617e-05,844.31
8,3352,0.159813,1.13901660e-05,844.84
8,3354,0.134597,1.13876777e-05,845.29
8,3356,0.146311,1.13851820e-05,845.81
8,3358,0.165425,1.13826936e-05,846.31
8,3360,0.157243,1.13802007e-05,846.91
8,3362,0.130582,1.13777123e-05,847.53
8,3364,0.155678,1.13752249e-05,848.07
8,3366,0.176600,1.13727319e-05,848.55
8,3368,0.173927,1.13702454e-05,849.13
8,3370,0.162672,1.13677524e-05,849.61
8,3372,0.164836,1.13652659e-05,850.08
8,3374,0.149392,1.13627730e-05,850.59
8,3376,0.169561,1.13602864e-05,851.18
8,3378,0.163216,1.13577998e-05,851.71
8,3380,0.160366,1.13553087e-05,852.17
8,3382,0.140509,1.13528240e-05,852.71
8,3384,0.165043,1.13503311e-05,853.20
8,3386,0.132005,1.13478463e-05,853.82
8,3388,0.149910,1.13453552e-05,854.32
8,3390,0.156200,1.13428705e-05,854.77
8,3392,0.143316,1.13403803e-05,855.25
8,3394,0.133032,1.13378956e-05,855.72
8,3396,0.168807,1.13354126e-05,856.22
8,3398,0.146984,1.13329224e-05,856.70
8,3400,0.175836,1.13304395e-05,857.22
8,3402,0.149673,1.13279484e-05,857.68
8,3404,0.154524,1.13254664e-05,858.12
8,3406,0.143934,1.13229771e-05,858.59
8,3408,0.152643,1.13204951e-05,859.12
8,3410,0.150569,1.13180122e-05,859.66
8,3412,0.151221,1.13155238e-05,860.20
8,3414,0.170073,1.13130409e-05,860.71
8,3416,0.183848,1.13105543e-05,861.23
8,3418,0.140368,1.13080714e-05,861.82
8,3420,0.163243,1.13055848e-05,862.29
8,3422,0.154013,1.13031047e-05,862.83
8,3424,0.170580,1.13006154e-05,863.42
8,3426,0.121923,1.12981352e-05,864.00
8,3428,0.141150,1.12956550e-05,864.54
8,3430,0.162136,1.12931702e-05,865.06
8,3432,0.179363,1.12906901e-05,865.51
8,3434,0.156274,1.12882026e-05,865.97
8,3436,0.155416,1.12857242e-05,866.48
8,3438,0.164586,1.12832377e-05,867.03
8,3440,0.175659,1.12807593e-05,867.48
8,3442,0.166907,1.12782791e-05,867.95
8,3444,0.159303,1.12757943e-05,868.43
8,3446,0.148211,1.12733160e-05,868.86
8,3448,0.131250,1.12708312e-05,869.38
8,3450,0.163816,1.12683556e-05,869.87
8,3452,0.140493,1.12658709e-05,870.40
8,3454,0.150083,1.12633925e-05,870.91
8,3456,0.160925,1.12609096e-05,871.39
8,3458,0.141809,1.12584312e-05,871.91
8,3460,0.147931,1.12559555e-05,872.39
8,3462,0.131299,1.12534726e-05,872.90
8,3464,0.165841,1.12509961e-05,873.48
8,3466,0.179632,1.12485141e-05,874.01
8,3468,0.160904,1.12460375e-05,874.50
8,3470,0.198815,1.12435546e-05,874.98
8,3472,0.136637,1.12410808e-05,875.50
8,3474,0.163140,1.12386042e-05,876.01
8,3476,0.133057,1.12361240e-05,876.50
8,3478,0.134553,1.12336475e-05,877.14
8,3480,0.141843,1.12311673e-05,877.62
8,3482,0.142539,1.12286934e-05,878.10
8,3484,0.143621,1.12262123e-05,878.59
8,3486,0.138933,1.12237385e-05,879.14
8,3488,0.120463,1.12212583e-05,879.76
8,3490,0.164767,1.12187836e-05,880.33
8,3492,0.161736,1.12163116e-05,880.82
8,3494,0.127661,1.12138314e-05,881.25
8,3496,0.130943,1.12113594e-05,881.75
8,3498,0.173746,1.12088810e-05,882.28
8,3500,0.159477,1.12064090e-05,882.80
8,3502,0.138427,1.12039306e-05,883.31
8,3504,0.134107,1.12014586e-05,883.81
8,3506,0.179950,1.11989866e-05,884.28
8,3508,0.136109,1.11965082e-05,884.80
8,3510,0.172819,1.11940353e-05,885.27
8,3512,0.126028,1.11915597e-05,885.74
8,3514,0.142352,1.11890877e-05,886.27
8,3516,0.152499,1.11866111e-05,886.80
8,3518,0.158223,1.11841409e-05,887.28
8,3520,0.175712,1.11816644e-05,887.80
8,3522,0.133699,1.11791951e-05,888.31
8,3524,0.133611,1.11767249e-05,888.84
8,3526,0.130194,1.11742484e-05,889.33
8,3528,0.130057,1.11717782e-05,889.82
8,3530,0.142764,1.11693043e-05,890.30
8,3532,0.145098,1.11668342e-05,890.79
8,3534,0.135429,1.11643603e-05,891.26
8,3536,0.137773,1.11618920e-05,891.81
8,3538,0.151777,1.11594218e-05,892.30
8,3540,0.137638,1.11569479e-05,892.79
8,3542,0.162024,1.11544823e-05,893.28
8,3544,0.172888,1.11520076e-05,893.78
8,3546,0.153306,1.11495401e-05,894.26
8,3548,0.155314,1.11470654e-05,894.76
8,3550,0.158754,1.11445997e-05,895.29
8,3552,0.150346,1.11421259e-05,895.80
8,3554,0.149968,1.11396603e-05,896.27
8,3556,0.182375,1.11371937e-05,896.76
8,3558,0.182602,1.11347217e-05,897.29
8,3560,0.148223,1.11322561e-05,897.77
8,3562,0.134512,1.11297841e-05,898.27
8,3564,0.150836,1.11273184e-05,898.72
8,3566,0.137091,1.11248482e-05,899.22
8,3568,0.147137,1.11223826e-05,899.74
8,3570,0.163645,1.11199188e-05,900.30
8,3572,0.162808,1.11174468e-05,900.80
8,3574,0.165307,1.11149830e-05,901.31
8,3576,0.167480,1.11125128e-05,901.82
8,3578,0.157968,1.11100489e-05,902.32
8,3580,0.160120,1.11075788e-05,902.83
8,3582,0.165343,1.11051149e-05,903.39
8,3584,0.134538,1.11026447e-05,903.96
8,3586,0.136061,1.11001837e-05,904.53
8,3588,0.158355,1.10977198e-05,905.05
8,3590,0.165851,1.10952515e-05,905.65
8,3592,0.152273,1.10927904e-05,906.17
8,3594,0.132101,1.10903202e-05,906.68
8,3596,0.136781,1.10878582e-05,907.13
8,3598,0.171385,1.10853907e-05,907.67
8,3600,0.159436,1.10829305e-05,908.09
8,3602,0.132973,1.10804694e-05,908.54
8,3604,0.153513,1.10780011e-05,909.04
8,3606,0.160010,1.10755418e-05,909.55
8,3608,0.173344,1.10730734e-05,910.05
8,3610,0.145610,1.10706142e-05,910.59
8,3612,0.184008,1.10681485e-05,911.20
8,3614,0.166337,1.10656883e-05,911.76
8,3616,0.148207,1.10632227e-05,912.31
8,3618,0.143775,1.10607634e-05,912.87
8,3620,0.174237,1.10583042e-05,913.41
8,3622,0.139655,1.10558376e-05,913.90
8,3624,0.168480,1.10533801e-05,914.44
8,3626,0.143345,1.10509145e-05,915.04
8,3628,0.138668,1.10484571e-05,915.61
8,3630,0.152869,1.10459932e-05,916.08
8,3632,0.156655,1.10435340e-05,916.61
8,3634,0.142959,1.10410765e-05,917.12
8,3636,0.156296,1.10386127e-05,917.60
8,3638,0.151732,1.10361570e-05,918.04
8,3640,0.137312,1.10336932e-05,918.53
8,3642,0.146766,1.10312358e-05,918.99
8,3644,0.174592,1.10287738e-05,919.46
8,3646,0.121070,1.10263163e-05,919.95
8,3648,0.168133,1.10238552e-05,920.44
8,3650,0.159936,1.10213996e-05,920.93
8,3652,0.131502,1.10189440e-05,921.45
8,3654,0.176716,1.10164829e-05,921.98
8,3656,0.154861,1.10140272e-05,922.42
8,3658,0.171314,1.10115652e-05,922.89
8,3660,0.151228,1.10091123e-05,923.36
8,3662,0.144735,1.10066503e-05,923.83
8,3664,0.153332,1.10041974e-05,924.36
8,3666,0.154606,1.10017418e-05,924.83
8,3668,0.158131,1.09992816e-05,925.29
8,3670,0.152693,1.09968287e-05,925.83
8,3672,0.138716,1.09943694e-05,926.30
8,3674,0.144400,1.09919156e-05,926.81
8,3676,0.152327,1.09894563e-05,927.30
8,3678,0.135938,1.09870052e-05,927.76
8,3680,0.154228,1.09845450e-05,928.22
8,3682,0.150063,1.09820921e-05,928.76
8,3684,0.161425,1.09796410e-05,929.27
8,3686,0.169236,1.09771836e-05,929.72
8,3688,0.153406,1.09747316e-05,930.23
8,3690,0.162351,1.09722741e-05,930.72
8,3692,0.131565,1.09698231e-05,931.20
8,3694,0.161044,1.09673656e-05,931.71
8,3696,0.164668,1.09649145e-05,932.22
8,3698,0.142955,1.09624652e-05,932.71
8,3700,0.136636,1.09600078e-05,933.21
8,3702,0.155549,1.09575585e-05,933.70
8,3704,0.168804,1.09551011e-05,934.16
8,3706,0.119242,1.09526518e-05,934.66
8,3708,0.112219,1.09501971e-05,935.13
8,3710,0.172657,1.09477478e-05,935.61
8,3712,0.169840,1.09452922e-05,936.08
8,3714,0.146088,1.09428429e-05,936.53
8,3716,0.179788,1.09403954e-05,937.08
8,3718,0.166217,1.09379407e-05,937.56
8,3720,0.140781,1.09354933e-05,938.06
8,3722,0.139090,1.09330404e-05,938.56
8,3724,0.159524,1.09305911e-05,939.06
8,3726,0.128276,1.09281373e-05,939.55
8,3728,0.151771,1.09256907e-05,940.01
8,3730,0.151361,1.09232433e-05,940.57
8,3732,0.131028,1.09207904e-05,941.01
8,3734,0.159756,1.09183447e-05,941.51
8,3736,0.149809,1.09158918e-05,941.98
8,3738,0.137396,1.09134471e-05,942.44
8,3740,0.126963,1.09109933e-05,942.91
8,3742,0.165279,1.09085486e-05,943.37
8,3744,0.148104,1.09060975e-05,943.84
8,3746,0.164521,1.09036519e-05,944.35
8,3748,0.163005,1.09012071e-05,944.85
8,3750,0.151375,1.08987560e-05,945.34
8,3752,0.137494,1.08963113e-05,945.83
8,3754,0.152662,1.08938621e-05,946.31
8,3756,0.177622,1.08914173e-05,946.78
8,3758,0.161711,1.08889681e-05,947.24
8,3760,0.148999,1.08865252e-05,947.73
8,3762,0.160139,1.08840795e-05,948.26
8,3764,0.137530,1.08816312e-05,948.77
8,3766,0.168400,1.08791883e-05,949.31
8,3768,0.145272,1.08767408e-05,949.87
8,3770,0.163859,1.08742979e-05,950.36
8,3772,0.149269,1.08718486e-05,950.85
8,3774,0.165604,1.08694076e-05,951.47
8,3776,0.164597,1.08669592e-05,951.96
8,3778,0.138680,1.08645181e-05,952.46
8,3780,0.133755,1.08620770e-05,952.94
8,3782,0.147081,1.08596305e-05,953.41
8,3784,0.153923,1.08571876e-05,953.92
8,3786,0.158258,1.08547420e-05,954.39
8,3788,0.144027,1.08523018e-05,954.92
8,3790,0.171491,1.08498543e-05,955.45
8,3792,0.152862,1.08474160e-05,955.94
8,3794,0.162559,1.08449685e-05,956.55
8,3796,0.154428,1.08425302e-05,957.10
8,3798,0.114627,1.08400891e-05,957.55
8,3800,0.152679,1.08376444e-05,958.04
8,3802,0.157351,1.08352051e-05,958.51
8,3804,0.138683,1.08327604e-05,959.02
8,3806,0.148478,1.08303238e-05,959.51
8,3808,0.144555,1.08278791e-05,959.96
8,3810,0.162562,1.08254399e-05,960.47
8,3812,0.166608,1.08230033e-05,960.99
8,3814,0.145176,1.08205586e-05,961.48
8,3816,0.152845,1.08181221e-05,962.00
8,3818,0.176592,1.08156792e-05,962.47
8,3820,0.171545,1.08132426e-05,963.05
8,3822,0.133759,1.08107997e-05,963.60
8,3824,0.167144,1.08083623e-05,964.15
8,3826,0.134973,1.08059194e-05,964.64
8,3828,0.170038,1.08034856e-05,965.14
8,3830,0.143204,1.08010481e-05,965.62
8,3832,0.159585,1.07986079e-05,966.11
8,3834,0.147030,1.07961714e-05,966.60
8,3836,0.158896,1.07937303e-05,967.13
8,3838,0.134056,1.07912956e-05,967.66
8,3840,0.156819,1.07888545e-05,968.18
8,3842,0.142603,1.07864207e-05,968.64
8,3844,0.168588,1.07839878e-05,969.16
8,3846,0.179787,1.07815467e-05,969.72
8,3848,0.162538,1.07791129e-05,970.24
8,3850,0.148498,1.07766737e-05,970.69
8,3852,0.146351,1.07742417e-05,971.23
8,3854,0.161531,1.07718006e-05,971.71
8,3856,0.188184,1.07693677e-05,972.19
8,3858,0.156175,1.07669293e-05,972.75
8,3860,0.155491,1.07644973e-05,973.36
8,3862,0.153217,1.07620644e-05,973.84
8,3864,0.114309,1.07596279e-05,974.27
8,3866,0.162383,1.07571950e-05,974.76
8,3868,0.152116,1.07547585e-05,975.25
8,3870,0.132281,1.07523265e-05,975.74
8,3872,0.185613,1.07498900e-05,976.20
8,3874,0.154692,1.07474589e-05,976.71
8,3876,0.143363,1.07450287e-05,977.18
8,3878,0.144791,1.07425922e-05,977.61
8,3880,0.138672,1.07401620e-05,978.14
8,3882,0.159957,1.07377273e-05,978.68
8,3884,0.184928,1.07352971e-05,979.15
8,3886,0.157381,1.07328606e-05,979.72
8,3888,0.145375,1.07304322e-05,980.20
8,3890,0.101319,1.07279975e-05,980.65
8,3892,0.149693,1.07255692e-05,981.12
8,3894,0.166312,1.07231390e-05,981.63
8,3896,0.121797,1.07207061e-05,982.16
8,3898,0.150598,1.07182777e-05,982.72
8,3900,0.153702,1.07158430e-05,983.29
8,3902,0.178649,1.07134156e-05,983.88
8,3904,0.151264,1.07109827e-05,984.37
8,3906,0.197044,1.07085543e-05,984.93
8,3908,0.160821,1.07061278e-05,985.45
8,3910,0.152792,1.07036958e-05,985.86
8,3912,0.146160,1.07012693e-05,986.30
8,3914,0.147368,1.06988373e-05,986.84
8,3916,0.144534,1.06964108e-05,987.39
8,3918,0.166207,1.06939788e-05,987.95
8,3920,0.152342,1.06915522e-05,988.44
8,3922,0.168508,1.06891221e-05,988.96
8,3924,0.150974,1.06866974e-05,989.47
8,3926,0.141502,1.06842717e-05,989.96
8,3928,0.181178,1.06818406e-05,990.50
8,3930,0.130674,1.06794168e-05,991.04
8,3932,0.177583,1.06769867e-05,991.56
8,3934,0.157173,1.06745629e-05,992.02
8,3936,0.158288,1.06721318e-05,992.57
8,3938,0.179645,1.06697080e-05,993.13
8,3940,0.145334,1.06672860e-05,993.59
8,3942,0.161743,1.06648558e-05,994.09
8,3944,0.134371,1.06624339e-05,994.58
8,3946,0.139799,1.06600055e-05,995.11
8,3948,0.164498,1.06575835e-05,995.62
8,3950,0.161714,1.06551552e-05,996.09
8,3952,0.137991,1.06527332e-05,996.54
8,3954,0.172459,1.06503048e-05,997.06
8,3956,0.138690,1.06478828e-05,997.52
8,3958,0.161303,1.06454627e-05,998.01
8,3960,0.145099,1.06430343e-05,998.51
8,3962,0.121894,1.06406142e-05,998.99
8,3964,0.132027,1.06381858e-05,999.48
8,3966,0.144219,1.06357656e-05,999.99
8,3968,0.143793,1.06333400e-05,1000.50
8,3970,0.153064,1.06309199e-05,1000.92
8,3972,0.173013,1.06284997e-05,1001.37
8,3974,0.148393,1.06260759e-05,1001.88
8,3976,0.172373,1.06236557e-05,1002.34
8,3978,0.134919,1.06212319e-05,1002.82
8,3980,0.170279,1.06188118e-05,1003.27
8,3982,0.152195,1.06163880e-05,1003.79
8,3984,0.151867,1.06139696e-05,1004.27
8,3986,0.166949,1.06115458e-05,1004.73
8,3988,0.160775,1.06091275e-05,1005.24
8,3990,0.126532,1.06067100e-05,1005.72
8,3992,0.151718,1.06042862e-05,1006.23
8,3994,0.172069,1.06018679e-05,1006.74
8,3996,0.148455,1.05994459e-05,1007.25
8,3998,0.160966,1.05970284e-05,1007.76
8,4000,0.158640,1.05946065e-05,1008.25
8,4002,0.130007,1.05921899e-05,1008.77
8,4004,0.147736,1.05897743e-05,1009.28
8,4006,0.147772,1.05873523e-05,1009.82
8,4008,0.147192,1.05849367e-05,1010.34
8,4010,0.171143,1.05825147e-05,1010.83
8,4012,0.145253,1.05800991e-05,1011.38
8,4014,0.148975,1.05776789e-05,1011.87
8,4016,0.136081,1.05752633e-05,1012.36
8,4018,0.159576,1.05728432e-05,1012.86
8,4020,0.129484,1.05704294e-05,1013.33
8,4022,0.171862,1.05680156e-05,1013.81
8,4024,0.171143,1.05655963e-05,1014.28
8,4026,0.168657,1.05631825e-05,1014.84
8,4028,0.153462,1.05607623e-05,1015.31
8,4030,0.157335,1.05583485e-05,1015.83
8,4032,0.188871,1.05559311e-05,1016.34
8,4034,0.151883,1.05535173e-05,1016.81
8,4036,0.162601,1.05511053e-05,1017.33
8,4038,0.138843,1.05486879e-05,1017.87
8,4040,0.151495,1.05462759e-05,1018.35
8,4042,0.155643,1.05438585e-05,1018.90
8,4044,0.158940,1.05414465e-05,1019.46
8,4046,0.153752,1.05390291e-05,1019.95
8,4048,0.134889,1.05366171e-05,1020.43
8,4050,0.162599,1.05342015e-05,1020.91
8,4052,0.159569,1.05317895e-05,1021.41
8,4054,0.136846,1.05293802e-05,1021.91
8,4056,0.187724,1.05269619e-05,1022.36
8,4058,0.165480,1.05245526e-05,1022.87
8,4060,0.168573,1.05221370e-05,1023.38
8,4062,0.176970,1.05197278e-05,1023.89
8,4064,0.164987,1.05173140e-05,1024.35
8,4066,0.156348,1.05149038e-05,1024.85
8,4068,0.139156,1.05124946e-05,1025.33
8,4070,0.138886,1.05100808e-05,1025.85
8,4072,0.141242,1.05076715e-05,1026.38
8,4074,0.166743,1.05052577e-05,1026.94
8,4076,0.164459,1.05028503e-05,1027.50
8,4078,0.185148,1.05004365e-05,1028.02
8,4080,0.129251,1.04980290e-05,1028.47
8,4082,0.151624,1.04956152e-05,1028.92
8,4084,0.153780,1.04932078e-05,1029.38
8,4086,0.154860,1.04908004e-05,1029.87
8,4088,0.165312,1.04883893e-05,1030.34
8,4090,0.108887,1.04859837e-05,1030.81
8,4092,0.179259,1.04835699e-05,1031.32
8,4094,0.155366,1.04811643e-05,1031.88
8,4096,0.143727,1.04787532e-05,1032.42
8,4098,0.153362,1.04763476e-05,1032.87
8,4100,0.191919,1.04739429e-05,1033.40
8,4102,0.171892,1.04715309e-05,1033.89
8,4104,0.151239,1.04691280e-05,1034.36
8,4106,0.164794,1.04667160e-05,1034.87
8,4108,0.160758,1.04643132e-05,1035.37
8,4110,0.141419,1.04619030e-05,1035.88
8,4112,0.169970,1.04594983e-05,1036.34
8,4114,0.164353,1.04570881e-05,1036.85
8,4116,0.157179,1.04546853e-05,1037.38
8,4118,0.130728,1.04522815e-05,1037.86
8,4120,0.165686,1.04498740e-05,1038.33
8,4122,0.140642,1.04474711e-05,1038.84
8,4124,0.158183,1.04450619e-05,1039.43
8,4126,0.148403,1.04426608e-05,1040.00
8,4128,0.159126,1.04402534e-05,1040.46
8,4130,0.159186,1.04378496e-05,1040.96
8,4132,0.153608,1.04354485e-05,1041.42
8,4134,0.140764,1.04330411e-05,1041.90
8,4136,0.160846,1.04306400e-05,1042.37
8,4138,0.166689,1.04282344e-05,1042.84
8,4140,0.142099,1.04258334e-05,1043.35
8,4142,0.149117,1.04234259e-05,1043.87
8,4144,0.135879,1.04210267e-05,1044.42
8,4146,0.134640,1.04186220e-05,1044.88
8,4148,0.105409,1.04162200e-05,1045.42
8,4150,0.154963,1.04138217e-05,1045.93
8,4152,0.149465,1.04114160e-05,1046.42
8,4154,0.165049,1.04090168e-05,1046.88
8,4156,0.162086,1.04066112e-05,1047.38
8,4158,0.129679,1.04042147e-05,1047.80
8,4160,0.165636,1.04018090e-05,1048.28
8,4162,0.158530,1.03994125e-05,1048.77
8,4164,0.154317,1.03970133e-05,1049.34
8,4166,0.179324,1.03946095e-05,1049.88
8,4168,0.155571,1.03922130e-05,1050.39
8,4170,0.143704,1.03898092e-05,1050.94
8,4172,0.155398,1.03874127e-05,1051.50
8,4174,0.168047,1.03850098e-05,1051.97
8,4176,0.138021,1.03826123e-05,1052.48
8,4178,0.158680,1.03802113e-05,1053.02
8,4180,0.158384,1.03778139e-05,1053.59
8,4182,0.134636,1.03754192e-05,1054.07
8,4184,0.148525,1.03730181e-05,1054.53
8,4186,0.154411,1.03706234e-05,1054.98
8,4188,0.164944,1.03682223e-05,1055.53
8,4190,0.182138,1.03658267e-05,1056.07
8,4192,0.163864,1.03634256e-05,1056.58
8,4194,0.132639,1.03610309e-05,1057.21
8,4196,0.135227,1.03586362e-05,1057.75
8,4198,0.147907,1.03562370e-05,1058.28
8,4200,0.125253,1.03538423e-05,1058.83
8,4202,0.158040,1.03514431e-05,1059.31
8,4204,0.149613,1.03490502e-05,1059.79
8,4206,0.167896,1.03466509e-05,1060.32
8,4208,0.154621,1.03442580e-05,1060.84
8,4210,0.122154,1.03418588e-05,1061.28
8,4212,0.155701,1.03394686e-05,1061.74
8,4214,0.134806,1.03370758e-05,1062.25
8,4216,0.161396,1.03346765e-05,1062.83
8,4218,0.173956,1.03322855e-05,1063.30
8,4220,0.160609,1.03298889e-05,1063.88
8,4222,0.150279,1.03274979e-05,1064.44
8,4224,0.150332,1.03251014e-05,1064.87
8,4226,0.140896,1.03227103e-05,1065.30
8,4228,0.162198,1.03203192e-05,1065.85
8,4230,0.160261,1.03179227e-05,1066.36
8,4232,0.151421,1.03155317e-05,1066.87
8,4234,0.144123,1.03131370e-05,1067.40
8,4236,0.171524,1.03107459e-05,1067.87
8,4238,0.143917,1.03083512e-05,1068.43
8,4240,0.179359,1.03059629e-05,1068.98
8,4242,0.163652,1.03035673e-05,1069.46
8,4244,0.110838,1.03011789e-05,1069.97
8,4246,0.138492,1.02987906e-05,1070.47
8,4248,0.171532,1.02963950e-05,1070.98
8,4250,0.152949,1.02940085e-05,1071.49
8,4252,0.130161,1.02916138e-05,1071.99
8,4254,0.149787,1.02892272e-05,1072.51
8,4256,0.175116,1.02868325e-05,1073.00
8,4258,0.167762,1.02844460e-05,1073.48
8,4260,0.143121,1.02820595e-05,1073.98
8,4262,0.139083,1.02796666e-05,1074.43
8,4264,0.156995,1.02772801e-05,1074.93
8,4266,0.150760,1.02748891e-05,1075.36
8,4268,0.175331,1.02725025e-05,1075.89
8,4270,0.165133,1.02701097e-05,1076.38
8,4272,0.160759,1.02677250e-05,1076.91
8,4274,0.167105,1.02653348e-05,1077.34
8,4276,0.143524,1.02629483e-05,1077.86
8,4278,0.152182,1.02605636e-05,1078.32
8,4280,0.152294,1.02581726e-05,1078.84
8,4282,0.163557,1.02557879e-05,1079.38
8,4284,0.151532,1.02533995e-05,1079.85
8,4286,0.150723,1.02510148e-05,1080.37
8,4288,0.164361,1.02486265e-05,1080.87
8,4290,0.168925,1.02462418e-05,1081.41
8,4292,0.128626,1.02438598e-05,1081.93
8,4294,0.155729,1.02414706e-05,1082.47
8,4296,0.137338,1.02390868e-05,1082.92
8,4298,0.178786,1.02366976e-05,1083.40
8,4300,0.168269,1.02343156e-05,1083.87
8,4302,0.139520,1.02319291e-05,1084.35
8,4304,0.166101,1.02295462e-05,1084.83
8,4306,0.146305,1.02271597e-05,1085.35
8,4308,0.180366,1.02247777e-05,1085.91
8,4310,0.152053,1.02223976e-05,1086.34
8,4312,0.149780,1.02200102e-05,1086.92
8,4314,0.174158,1.02176282e-05,1087.39
8,4316,0.145900,1.02152417e-05,1087.85
8,4318,0.162557,1.02128633e-05,1088.40
8,4320,0.158765,1.02104768e-05,1088.91
8,4322,0.140998,1.02080967e-05,1089.40
8,4324,0.149630,1.02057165e-05,1089.95
8,4326,0.142641,1.02033318e-05,1090.49
8,4328,0.155226,1.02009535e-05,1091.04
8,4330,0.170443,1.01985688e-05,1091.51
8,4332,0.141737,1.01961887e-05,1092.02
8,4334,0.157541,1.01938067e-05,1092.53
8,4336,0.144516,1.01914284e-05,1093.00
8,4338,0.159978,1.01890437e-05,1093.53
8,4340,0.175283,1.01866653e-05,1094.04
8,4342,0.144243,1.01842870e-05,1094.45
8,4344,0.157258,1.01819051e-05,1094.96
8,4346,0.162944,1.01795285e-05,1095.52
8,4348,0.141875,1.01771466e-05,1096.01
8,4350,0.165550,1.01747682e-05,1096.49
8,4352,0.165167,1.01723854e-05,1097.05
8,4354,0.159738,1.01700098e-05,1097.55
8,4356,0.146890,1.01676287e-05,1098.07
8,4358,0.151208,1.01652531e-05,1098.56
8,4360,0.160171,1.01628766e-05,1099.15
8,4362,0.162110,1.01604965e-05,1099.61
8,4364,0.144948,1.01581227e-05,1100.18
8,4366,0.165275,1.01557398e-05,1100.63
8,4368,0.158895,1.01533660e-05,1101.08
8,4370,0.162842,1.01509859e-05,1101.59
8,4372,0.124577,1.01486121e-05,1102.12
8,4374,0.134480,1.01462392e-05,1102.66
8,4376,0.145672,1.01438591e-05,1103.15
8,4378,0.173383,1.01414853e-05,1103.70
8,4380,0.164609,1.01391070e-05,1104.24
8,4382,0.152638,1.01367350e-05,1104.80
8,4384,0.160990,1.01343549e-05,1105.32
8,4386,0.152992,1.01319829e-05,1105.86
8,4388,0.176050,1.01296046e-05,1106.38
8,4390,0.173062,1.01272326e-05,1106.90
8,4392,0.167124,1.01248606e-05,1107.45
8,4394,0.139479,1.01224841e-05,1107.98
8,4396,0.156859,1.01201122e-05,1108.52
8,4398,0.161975,1.01177366e-05,1108.97
8,4400,0.168939,1.01153646e-05,1109.47
8,4402,0.152689,1.01129881e-05,1110.01
8,4404,0.132206,1.01106189e-05,1110.61
8,4406,0.138091,1.01082487e-05,1111.26
8,4408,0.177019,1.01058722e-05,1111.81
8,4410,0.156996,1.01035030e-05,1112.30
8,4412,0.157873,1.01011283e-05,1112.94
8,4414,0.146971,1.00987590e-05,1113.47
8,4416,0.169768,1.00963844e-05,1113.96
8,4418,0.161280,1.00940151e-05,1114.43
8,4420,0.158446,1.00916404e-05,1114.91
8,4422,0.146266,1.00892730e-05,1115.44
8,4424,0.164346,1.00869047e-05,1115.92
8,4426,0.164537,1.00845309e-05,1116.43
8,4428,0.140827,1.00821635e-05,1116.90
8,4430,0.151587,1.00797915e-05,1117.37
8,4432,0.140378,1.00774232e-05,1117.86
8,4434,0.173947,1.00750513e-05,1118.36
8,4436,0.140447,1.00726838e-05,1118.80
8,4438,0.146617,1.00703182e-05,1119.33
8,4440,0.156001,1.00679463e-05,1119.80
8,4442,0.161715,1.00655807e-05,1120.30
8,4444,0.160276,1.00632087e-05,1120.82
8,4446,0.172853,1.00608422e-05,1121.29
8,4448,0.152435,1.00584703e-05,1121.80
8,4450,0.164090,1.00561074e-05,1122.32
8,4452,0.140522,1.00537354e-05,1122.78
8,4454,0.150069,1.00513716e-05,1123.22
8,4456,0.122114,1.00490079e-05,1123.74
8,4458,0.139569,1.00466377e-05,1124.26
8,4460,0.153417,1.00442739e-05,1124.74
8,4462,0.173746,1.00419047e-05,1125.21
8,4464,0.143082,1.00395409e-05,1125.69
8,4466,0.170575,1.00371708e-05,1126.17
8,4468,0.156896,1.00348097e-05,1126.60
8,4470,0.130465,1.00324460e-05,1127.05
8,4472,0.161798,1.00300776e-05,1127.54
8,4474,0.140750,1.00277166e-05,1127.98
8,4476,0.151727,1.00253483e-05,1128.51
8,4478,0.155592,1.00229854e-05,1129.00
8,4480,0.167029,1.00206189e-05,1129.50
8,4482,0.157312,1.00182579e-05,1129.98
8,4484,0.155462,1.00158895e-05,1130.46
8,4486,0.175126,1.00135303e-05,1130.95
8,4488,0.133870,1.00111693e-05,1131.42
8,4490,0.141755,1.00088037e-05,1131.93
8,4492,0.149926,1.00064417e-05,1132.46
8,4494,0.134544,1.00040761e-05,1132.99
8,4496,0.157161,1.00017169e-05,1133.45
8,4498,0.158498,9.99935310e-06,1133.99
8,4500,0.155958,9.99699387e-06,1134.52
8,4502,0.148892,9.99463373e-06,1135.05
8,4504,0.171163,9.99226813e-06,1135.54
8,4506,0.146163,9.98991072e-06,1136.10
8,4508,0.163524,9.98754695e-06,1136.59
8,4510,0.150869,9.98518772e-06,1137.07
8,4512,0.166770,9.98282394e-06,1137.52
8,4514,0.168550,9.98046653e-06,1138.01
8,4516,0.115519,9.97810366e-06,1138.47
8,4518,0.160173,9.97574807e-06,1138.99
8,4520,0.138316,9.97339066e-06,1139.51
8,4522,0.158644,9.97102688e-06,1139.99
8,4524,0.161278,9.96867220e-06,1140.49
8,4526,0.140339,9.96631024e-06,1140.97
8,4528,0.152188,9.96395283e-06,1141.58
8,4530,0.130397,9.96159088e-06,1142.16
8,4532,0.182540,9.95923619e-06,1142.67
8,4534,0.146795,9.95688060e-06,1143.15
8,4536,0.153980,9.95451956e-06,1143.69
8,4538,0.142205,9.95216578e-06,1144.17
8,4540,0.151184,9.94980473e-06,1144.64
8,4542,0.162649,9.94745096e-06,1145.12
8,4544,0.142478,9.94509173e-06,1145.60
8,4546,0.178127,9.94273614e-06,1146.10
8,4548,0.155584,9.94037691e-06,1146.58
8,4550,0.162940,9.93802405e-06,1147.14
8,4552,0.174055,9.93567119e-06,1147.63
8,4554,0.148091,9.93331105e-06,1148.12
8,4556,0.168225,9.93096000e-06,1148.63
8,4558,0.146782,9.92860078e-06,1149.15
8,4560,0.161887,9.92624973e-06,1149.71
8,4562,0.178960,9.92389232e-06,1150.24
8,4564,0.168741,9.92153946e-06,1150.73
8,4566,0.154638,9.91918841e-06,1151.19
8,4568,0.122903,9.91683100e-06,1151.71
8,4570,0.140295,9.91447996e-06,1152.27
8,4572,0.152742,9.91212437e-06,1152.76
8,4574,0.142161,9.90977333e-06,1153.26
8,4576,0.166775,9.90741592e-06,1153.83
8,4578,0.156907,9.90506669e-06,1154.35
8,4580,0.126313,9.90271110e-06,1154.87
8,4582,0.163846,9.90036006e-06,1155.35
8,4584,0.160771,9.89801174e-06,1155.86
8,4586,0.163038,9.89565615e-06,1156.36
8,4588,0.139017,9.89330692e-06,1156.93
8,4590,0.153660,9.89095406e-06,1157.38
8,4592,0.144828,9.88860484e-06,1157.85
8,4594,0.117885,9.88624925e-06,1158.29
8,4596,0.113058,9.88390275e-06,1158.74
8,4598,0.146266,9.88155534e-06,1159.25
8,4600,0.148969,9.87920066e-06,1159.73
8,4602,0.132394,9.87685326e-06,1160.18
8,4604,0.160070,9.87450039e-06,1160.71
8,4606,0.164121,9.87215299e-06,1161.23
8,4608,0.162848,9.86980194e-06,1161.75
8,4610,0.169588,9.86745545e-06,1162.26
8,4612,0.149830,9.86510440e-06,1162.75
8,4614,0.140426,9.86275700e-06,1163.28
8,4616,0.165163,9.86041232e-06,1163.77
8,4618,0.134296,9.85806128e-06,1164.29
8,4620,0.155141,9.85571478e-06,1164.80
8,4622,0.114979,9.85336555e-06,1165.30
8,4624,0.130024,9.85102088e-06,1165.78
8,4626,0.145137,9.84866983e-06,1166.26
8,4628,0.163519,9.84632425e-06,1166.70
8,4630,0.178161,9.84398139e-06,1167.17
8,4632,0.146007,9.84163034e-06,1167.62
8,4634,0.141292,9.83928840e-06,1168.15
8,4636,0.155624,9.83693917e-06,1168.62
8,4638,0.163320,9.83459631e-06,1169.15
8,4640,0.159586,9.83224709e-06,1169.58
8,4642,0.173545,9.82990423e-06,1170.08
8,4644,0.146529,9.82755500e-06,1170.58
8,4646,0.135350,9.82521487e-06,1171.17
8,4648,0.137648,9.82287202e-06,1171.63
8,4650,0.157099,9.82052461e-06,1172.10
8,4652,0.148359,9.81818266e-06,1172.59
8,4654,0.182037,9.81583526e-06,1173.08
8,4656,0.128933,9.81349422e-06,1173.54
8,4658,0.125989,9.81114772e-06,1173.98
8,4660,0.150889,9.80880668e-06,1174.49
8,4662,0.142946,9.80646837e-06,1174.97
8,4664,0.150071,9.80412187e-06,1175.50
8,4666,0.175225,9.80178083e-06,1175.98
8,4668,0.151690,9.79943616e-06,1176.46
8,4670,0.157309,9.79709785e-06,1176.96
8,4672,0.140642,9.79475226e-06,1177.42
8,4674,0.126664,9.79241395e-06,1177.91
8,4676,0.149883,9.79006927e-06,1178.39
8,4678,0.142695,9.78773096e-06,1178.89
8,4680,0.137167,9.78539174e-06,1179.40
8,4682,0.153329,9.78304888e-06,1179.87
8,4684,0.142955,9.78071057e-06,1180.35
8,4686,0.157872,9.77836771e-06,1180.83
8,4688,0.154525,9.77602940e-06,1181.32
8,4690,0.129448,9.77368654e-06,1181.80
8,4692,0.151800,9.77135005e-06,1182.27
8,4694,0.172508,9.76901356e-06,1182.79
8,4696,0.175820,9.76667070e-06,1183.28
8,4698,0.161935,9.76433603e-06,1183.73
8,4700,0.121333,9.76199317e-06,1184.24
8,4702,0.142505,9.75965941e-06,1184.73
8,4704,0.139114,9.75731655e-06,1185.22
8,4706,0.138559,9.75498187e-06,1185.68
8,4708,0.164329,9.75264084e-06,1186.14
8,4710,0.162044,9.75030707e-06,1186.63
8,4712,0.154219,9.74797240e-06,1187.10
8,4714,0.136974,9.74563136e-06,1187.62
8,4716,0.140737,9.74329760e-06,1188.13
8,4718,0.159600,9.74095838e-06,1188.61
8,4720,0.152626,9.73862461e-06,1189.11
8,4722,0.174487,9.73628539e-06,1189.60
8,4724,0.161962,9.73395345e-06,1190.06
8,4726,0.159315,9.73161877e-06,1190.61
8,4728,0.130827,9.72928228e-06,1191.13
8,4730,0.144802,9.72695034e-06,1191.66
8,4732,0.160917,9.72461203e-06,1192.16
8,4734,0.170244,9.72227917e-06,1192.65
8,4736,0.153042,9.71994268e-06,1193.10
8,4738,0.149007,9.71761074e-06,1193.57
8,4740,0.152647,9.71527425e-06,1194.07
8,4742,0.144505,9.71294412e-06,1194.50
8,4744,0.138651,9.71061127e-06,1195.04
8,4746,0.136067,9.70827659e-06,1195.59
8,4748,0.158379,9.70594647e-06,1196.07
8,4750,0.155132,9.70360998e-06,1196.57
8,4752,0.154537,9.70127985e-06,1197.09
8,4754,0.144436,9.69894518e-06,1197.62
8,4756,0.161650,9.69661505e-06,1198.15
8,4758,0.179112,9.69428675e-06,1198.63
8,4760,0.147060,9.69195298e-06,1199.20
8,4762,0.148651,9.68962286e-06,1199.75
8,4764,0.174906,9.68729000e-06,1200.24
8,4766,0.146123,9.68496170e-06,1200.78
8,4768,0.137023,9.68262793e-06,1201.31
8,4770,0.163314,9.68029963e-06,1201.79
8,4772,0.172047,9.67796677e-06,1202.38
8,4774,0.128939,9.67563938e-06,1202.95
8,4776,0.155847,9.67331289e-06,1203.45
8,4778,0.163291,9.67098094e-06,1203.98
8,4780,0.121025,9.66865446e-06,1204.45
8,4782,0.145305,9.66632251e-06,1204.91
8,4784,0.129737,9.66399602e-06,1205.36
8,4786,0.137011,9.66166408e-06,1205.87
8,4788,0.154731,9.65933759e-06,1206.33
8,4790,0.147274,9.65701383e-06,1206.81
8,4792,0.147043,9.65468371e-06,1207.26
8,4794,0.155366,9.65235722e-06,1207.75
8,4796,0.123934,9.65002710e-06,1208.22
8,4798,0.167530,9.64770334e-06,1208.69
8,4800,0.145248,9.64537321e-06,1209.22
8,4802,0.165565,9.64304854e-06,1209.71
8,4804,0.124799,9.64072115e-06,1210.23
8,4806,0.139583,9.63839648e-06,1210.73
8,4808,0.149000,9.63607272e-06,1211.19
8,4810,0.183046,9.63374441e-06,1211.68
8,4812,0.148305,9.63142247e-06,1212.18
8,4814,0.131734,9.62909417e-06,1212.66
8,4816,0.154339,9.62677041e-06,1213.12
8,4818,0.142886,9.62444483e-06,1213.61
8,4820,0.159163,9.62212289e-06,1214.13
8,4822,0.134566,9.61980095e-06,1214.61
8,4824,0.144335,9.61747264e-06,1215.07
8,4826,0.163924,9.61515252e-06,1215.56
8,4828,0.169573,9.61282421e-06,1216.12
8,4830,0.170706,9.61050500e-06,1216.62
8,4832,0.139952,9.60817852e-06,1217.10
8,4834,0.139428,9.60585930e-06,1217.55
8,4836,0.149273,9.60353282e-06,1218.02
8,4838,0.128516,9.60121270e-06,1218.54
8,4840,0.159534,9.59889348e-06,1219.00
8,4842,0.152743,9.59656882e-06,1219.42
8,4844,0.122153,9.59424960e-06,1219.90
8,4846,0.151166,9.59192585e-06,1220.49
8,4848,0.154465,9.58960754e-06,1221.01
8,4850,0.127697,9.58728378e-06,1221.49
8,4852,0.176543,9.58496639e-06,1221.99
8,4854,0.135943,9.58264809e-06,1222.47
8,4856,0.147230,9.58032433e-06,1222.92
8,4858,0.156067,9.57800694e-06,1223.48
8,4860,0.146542,9.57568500e-06,1223.94
8,4862,0.138285,9.57336670e-06,1224.42
8,4864,0.163385,9.57104476e-06,1224.92
8,4866,0.166188,9.56872918e-06,1225.41
8,4868,0.157750,9.56640724e-06,1225.86
8,4870,0.123112,9.56409167e-06,1226.41
8,4872,0.148860,9.56177610e-06,1226.90
8,4874,0.151116,9.55945416e-06,1227.41
8,4876,0.173465,9.55713858e-06,1227.85
8,4878,0.130443,9.55481846e-06,1228.37
8,4880,0.153831,9.55250289e-06,1228.85
8,4882,0.153683,9.55018368e-06,1229.34
8,4884,0.156471,9.54786992e-06,1229.80
8,4886,0.142641,9.54554980e-06,1230.30
8,4888,0.138337,9.54323605e-06,1230.78
8,4890,0.166491,9.54092320e-06,1231.25
8,4892,0.159084,9.53860308e-06,1231.75
8,4894,0.146772,9.53629205e-06,1232.21
8,4896,0.110021,9.53397193e-06,1232.71
8,4898,0.161921,9.53166000e-06,1233.21
8,4900,0.149196,9.52934261e-06,1233.71
8,4902,0.172150,9.52702885e-06,1234.17
8,4904,0.151464,9.52471783e-06,1234.64
8,4906,0.123439,9.52239952e-06,1235.12
8,4908,0.136547,9.52008850e-06,1235.62
8,4910,0.165994,9.51777292e-06,1236.08
8,4912,0.149318,9.51546099e-06,1236.55
8,4914,0.165745,9.51314541e-06,1237.03
8,4916,0.152958,9.51083439e-06,1237.46
8,4918,0.166906,9.50851881e-06,1237.98
8,4920,0.154017,9.50620870e-06,1238.45
8,4922,0.174067,9.50389949e-06,1238.95
8,4924,0.152526,9.50158392e-06,1239.41
8,4926,0.119672,9.49927471e-06,1239.91
8,4928,0.133257,9.49695914e-06,1240.39
8,4930,0.148784,9.49465175e-06,1240.93
8,4932,0.163675,9.49233618e-06,1241.42
8,4934,0.136818,9.49002879e-06,1241.96
8,4936,0.128816,9.48771958e-06,1242.47
8,4938,0.141016,9.48540583e-06,1243.04
8,4940,0.163533,9.48309844e-06,1243.52
8,4942,0.108355,9.48078741e-06,1244.09
8,4944,0.164612,9.47848002e-06,1244.57
8,4946,0.149572,9.47616627e-06,1245.06
8,4948,0.173209,9.47385888e-06,1245.61
8,4950,0.151190,9.47154786e-06,1246.10
8,4952,0.163662,9.46924229e-06,1246.63
8,4954,0.141746,9.46693490e-06,1247.09
8,4956,0.135394,9.46462387e-06,1247.59
8,4958,0.174475,9.46231830e-06,1248.18
8,4960,0.138771,9.46000728e-06,1248.81
8,4962,0.157506,9.45770353e-06,1249.38
8,4964,0.148097,9.45539250e-06,1249.87
8,4966,0.161474,9.45308693e-06,1250.43
8,4968,0.157376,9.45078409e-06,1250.94
8,4970,0.162916,9.44847488e-06,1251.43
8,4972,0.142138,9.44616932e-06,1251.91
8,4974,0.141853,9.44386011e-06,1252.43
8,4976,0.175261,9.44155727e-06,1252.96
8,4978,0.140245,9.43924988e-06,1253.45
8,4980,0.162257,9.43694613e-06,1254.01
8,4982,0.167901,9.43463692e-06,1254.53
8,4984,0.145069,9.43233590e-06,1255.08
8,4986,0.140872,9.43003306e-06,1255.51
8,4988,0.152964,9.42772567e-06,1255.99
8,4990,0.153238,9.42542465e-06,1256.52
8,4992,0.145253,9.42311726e-06,1257.05
8,4994,0.146575,9.42081624e-06,1257.55
8,4996,0.161940,9.41850885e-06,1258.06
8,4998,0.149345,9.41620783e-06,1258.49
8,5000,0.144595,9.41390681e-06,1258.99
8,5002,0.130732,9.41160124e-06,1259.61
8,5004,0.144138,9.40930295e-06,1260.13
8,5006,0.161106,9.40699738e-06,1260.64
8,5008,0.161822,9.40469636e-06,1261.16
8,5010,0.176362,9.40239170e-06,1261.76
8,5012,0.160699,9.40009249e-06,1262.31
8,5014,0.152232,9.39778874e-06,1262.80
8,5016,0.130935,9.39549045e-06,1263.38
8,5018,0.152030,9.39319125e-06,1263.94
8,5020,0.143085,9.39088841e-06,1264.45
8,5022,0.141376,9.38858921e-06,1264.95
8,5024,0.131655,9.38628637e-06,1265.42
8,5026,0.163203,9.38398898e-06,1265.92
8,5028,0.172238,9.38168614e-06,1266.39
8,5030,0.148720,9.37938967e-06,1266.92
8,5032,0.143380,9.37709228e-06,1267.45
8,5034,0.164097,9.37479126e-06,1267.99
8,5036,0.151761,9.37249479e-06,1268.51
8,5038,0.130959,9.37019377e-06,1269.01
8,5040,0.153227,9.36789638e-06,1269.48
8,5042,0.148277,9.36559536e-06,1270.00
8,5044,0.160025,9.36330071e-06,1270.55
8,5046,0.137478,9.36099968e-06,1271.05
8,5048,0.143579,9.35870503e-06,1271.59
8,5050,0.129120,9.35641037e-06,1272.08
8,5052,0.158781,9.35411117e-06,1272.57
8,5054,0.150496,9.35181652e-06,1273.05
8,5056,0.161581,9.34951731e-06,1273.54
8,5058,0.152320,9.34722448e-06,1274.01
8,5060,0.174949,9.34492618e-06,1274.53
8,5062,0.154127,9.34263062e-06,1275.14
8,5064,0.148125,9.34033869e-06,1275.57
8,5066,0.125383,9.33804131e-06,1276.11
8,5068,0.144093,9.33574847e-06,1276.69
8,5070,0.141643,9.33345018e-06,1277.19
8,5072,0.136610,9.33115916e-06,1277.68
8,5074,0.133321,9.32886269e-06,1278.17
8,5076,0.158832,9.32656985e-06,1278.66
8,5078,0.142394,9.32427247e-06,1279.17
8,5080,0.138080,9.32198236e-06,1279.62
8,5082,0.183757,9.31969134e-06,1280.10
8,5084,0.136692,9.31739487e-06,1280.60
8,5086,0.168515,9.31510385e-06,1281.10
8,5088,0.155572,9.31280920e-06,1281.56
8,5090,0.139153,9.31051909e-06,1282.09
8,5092,0.136630,9.30822353e-06,1282.58
8,5094,0.140800,9.30593524e-06,1283.09
8,5096,0.139976,9.30364695e-06,1283.56
8,5098,0.158293,9.30135229e-06,1284.14
8,5100,0.159937,9.29906400e-06,1284.61
8,5102,0.145606,9.29676844e-06,1285.10
8,5104,0.159606,9.29448015e-06,1285.60
8,5106,0.159428,9.29218731e-06,1286.10
8,5108,0.168146,9.28989903e-06,1286.65
8,5110,0.152595,9.28760619e-06,1287.13
8,5112,0.148354,9.28531972e-06,1287.66
8,5114,0.161827,9.28303325e-06,1288.16
8,5116,0.163447,9.28074041e-06,1288.65
8,5118,0.172607,9.27845485e-06,1289.19
8,5120,0.166583,9.27616202e-06,1289.68
8,5122,0.137031,9.27387737e-06,1290.13
8,5124,0.143976,9.27158453e-06,1290.59
8,5126,0.159808,9.26930079e-06,1291.05
8,5128,0.160578,9.26701432e-06,1291.51
8,5130,0.153038,9.26472330e-06,1292.03
8,5132,0.168190,9.26243865e-06,1292.52
8,5134,0.163730,9.26014854e-06,1293.01
8,5136,0.174236,9.25786389e-06,1293.54
8,5138,0.175972,9.25557561e-06,1294.05
8,5140,0.184298,9.25329095e-06,1294.52
8,5142,0.146833,9.25100267e-06,1295.07
8,5144,0.187476,9.24871802e-06,1295.60
8,5146,0.146765,9.24643609e-06,1296.07
8,5148,0.173420,9.24414780e-06,1296.60
8,5150,0.160403,9.24186497e-06,1297.07
8,5152,0.149594,9.23957668e-06,1297.52
8,5154,0.160029,9.23729476e-06,1298.04
8,5156,0.156310,9.23500829e-06,1298.47
8,5158,0.168957,9.23272546e-06,1298.92
8,5160,0.163185,9.23044354e-06,1299.41
8,5162,0.143207,9.22815707e-06,1299.88
8,5164,0.159243,9.22587697e-06,1300.34
8,5166,0.152835,9.22359050e-06,1300.81
8,5168,0.157286,9.22131039e-06,1301.28
8,5170,0.141954,9.21902392e-06,1301.79
8,5172,0.156972,9.21674382e-06,1302.31
8,5174,0.131857,9.21445917e-06,1302.82
8,5176,0.172012,9.21217907e-06,1303.31
8,5178,0.167412,9.20989896e-06,1303.73
8,5180,0.164875,9.20761431e-06,1304.17
8,5182,0.150385,9.20533694e-06,1304.66
8,5184,0.148430,9.20305229e-06,1305.12
8,5186,0.166689,9.20077400e-06,1305.60
8,5188,0.155965,9.19848935e-06,1306.10
8,5190,0.166991,9.19621198e-06,1306.58
8,5192,0.176350,9.19393551e-06,1307.04
8,5194,0.151523,9.19165086e-06,1307.51
8,5196,0.132433,9.18937531e-06,1307.99
8,5198,0.156618,9.18709338e-06,1308.44
8,5200,0.162552,9.18481510e-06,1308.92
8,5202,0.123633,9.18253500e-06,1309.39
8,5204,0.157217,9.18025853e-06,1309.89
8,5206,0.152783,9.17797661e-06,1310.34
8,5208,0.123194,9.17570014e-06,1310.82
8,5210,0.132634,9.17342459e-06,1311.31
8,5212,0.158389,9.17114448e-06,1311.78
8,5214,0.141379,9.16887075e-06,1312.25
8,5216,0.143819,9.16659064e-06,1312.77
8,5218,0.161497,9.16431418e-06,1313.26
8,5220,0.172990,9.16203408e-06,1313.72
8,5222,0.162929,9.15976034e-06,1314.23
8,5224,0.168396,9.15748842e-06,1314.72
8,5226,0.129915,9.15520832e-06,1315.21
8,5228,0.156982,9.15293458e-06,1315.67
8,5230,0.151125,9.15065630e-06,1316.26
8,5232,0.152771,9.14838438e-06,1316.84
8,5234,0.142476,9.14610609e-06,1317.37
8,5236,0.148234,9.14383236e-06,1317.95
8,5238,0.158204,9.14155589e-06,1318.40
8,5240,0.131924,9.13928488e-06,1318.87
8,5242,0.182862,9.13701297e-06,1319.38
8,5244,0.133932,9.13473468e-06,1319.87
8,5246,0.135507,9.13246458e-06,1320.36
8,5248,0.161889,9.13018903e-06,1320.81
8,5250,0.155596,9.12791711e-06,1321.30
8,5252,0.156549,9.12564064e-06,1321.86
8,5254,0.143079,9.12337146e-06,1322.43
8,5256,0.136685,9.12110136e-06,1322.93
8,5258,0.173663,9.11882580e-06,1323.42
8,5260,0.139545,9.11655570e-06,1323.86
8,5262,0.143552,9.11428197e-06,1324.36
8,5264,0.150860,9.11201187e-06,1324.82
8,5266,0.161859,9.10973813e-06,1325.28
8,5268,0.141335,9.10747076e-06,1325.80
8,5270,0.172849,9.10519611e-06,1326.27
8,5272,0.174146,9.10292874e-06,1326.78
8,5274,0.142058,9.10066137e-06,1327.27
8,5276,0.125915,9.09838764e-06,1327.71
8,5278,0.143744,9.09611936e-06,1328.20
8,5280,0.152106,9.09384744e-06,1328.72
8,5282,0.166132,9.09158007e-06,1329.23
8,5284,0.149125,9.08930815e-06,1329.81
8,5286,0.132018,9.08704260e-06,1330.36
8,5288,0.152118,9.08477705e-06,1330.94
8,5290,0.124136,9.08250513e-06,1331.45
8,5292,0.151324,9.08023958e-06,1331.99
8,5294,0.157680,9.07796766e-06,1332.59
8,5296,0.147181,9.07570484e-06,1333.11
8,5298,0.162276,9.07343292e-06,1333.75
8,5300,0.164398,9.07116919e-06,1334.31
8,5302,0.169422,9.06889909e-06,1334.80
8,5304,0.160652,9.06663354e-06,1335.23
8,5306,0.167506,9.06437072e-06,1335.86
8,5308,0.158557,9.06210244e-06,1336.38
8,5310,0.158510,9.05983961e-06,1336.86
8,5312,0.142006,9.05756951e-06,1337.35
8,5314,0.149563,9.05530578e-06,1337.84
8,5316,0.132609,9.05303841e-06,1338.34
8,5318,0.171932,9.05077650e-06,1338.86
8,5320,0.124860,9.04851368e-06,1339.34
8,5322,0.132099,9.04624540e-06,1339.83
8,5324,0.192036,9.04398439e-06,1340.35
8,5326,0.158608,9.04171702e-06,1340.80
8,5328,0.186310,9.03945511e-06,1341.38
8,5330,0.165373,9.03718956e-06,1341.95
8,5332,0.161934,9.03492855e-06,1342.50
8,5334,0.140724,9.03266300e-06,1342.94
8,5336,0.156649,9.03040382e-06,1343.52
8,5338,0.141065,9.02814190e-06,1344.04
8,5340,0.166148,9.02587635e-06,1344.60
8,5342,0.135795,9.02361717e-06,1345.09
8,5344,0.150717,9.02135343e-06,1345.70
8,5346,0.135051,9.01909425e-06,1346.13
8,5348,0.158600,9.01682870e-06,1346.62
8,5350,0.157207,9.01457133e-06,1347.14
8,5352,0.144388,9.01231215e-06,1347.64
8,5354,0.151395,9.01004842e-06,1348.14
8,5356,0.140710,9.00779196e-06,1348.63
8,5358,0.155169,9.00552823e-06,1349.09
8,5360,0.141900,9.00327086e-06,1349.57
8,5362,0.168295,9.00100713e-06,1350.04
8,5364,0.145698,8.99875249e-06,1350.56
8,5366,0.118031,8.99648876e-06,1351.09
8,5368,0.149402,8.99423321e-06,1351.56
8,5370,0.163884,8.99197676e-06,1352.03
8,5372,0.160066,8.98971484e-06,1352.51
8,5374,0.161963,8.98746021e-06,1353.01
8,5376,0.138949,8.98519829e-06,1353.53
8,5378,0.155491,8.98294365e-06,1354.01
8,5380,0.155192,8.98068174e-06,1354.51
8,5382,0.153542,8.97842892e-06,1355.03
8,5384,0.155886,8.97617338e-06,1355.53
8,5386,0.139911,8.97391419e-06,1356.01
8,5388,0.149605,8.97165955e-06,1356.51
8,5390,0.131270,8.96939946e-06,1357.01
8,5392,0.147485,8.96714664e-06,1357.51
8,5394,0.126945,8.96488746e-06,1357.99
8,5396,0.139201,8.96263464e-06,1358.48
8,5398,0.141991,8.96037727e-06,1358.93
8,5400,0.148919,8.95812445e-06,1359.40
8,5402,0.168024,8.95587073e-06,1359.91
8,5404,0.180028,8.95361427e-06,1360.36
8,5406,0.127186,8.95136327e-06,1360.83
8,5408,0.138838,8.94910590e-06,1361.30
8,5410,0.165663,8.94685490e-06,1361.82
8,5412,0.139325,8.94459754e-06,1362.30
8,5414,0.155758,8.94234654e-06,1362.75
8,5416,0.140805,8.94009099e-06,1363.22
8,5418,0.113439,8.93783999e-06,1363.66
8,5420,0.157741,8.93558899e-06,1364.18
8,5422,0.133049,8.93333436e-06,1364.62
8,5424,0.142153,8.93108518e-06,1365.11
8,5426,0.133130,8.92883054e-06,1365.62
8,5428,0.126906,8.92658136e-06,1366.14
8,5430,0.131406,8.92432581e-06,1366.70
8,5432,0.154434,8.92207754e-06,1367.23
8,5434,0.141101,8.91983018e-06,1367.73
8,5436,0.154166,8.91757554e-06,1368.21
8,5438,0.159319,8.91532818e-06,1368.71
8,5440,0.124495,8.91307536e-06,1369.19
8,5442,0.140356,8.91082709e-06,1369.70
8,5444,0.139242,8.90857336e-06,1370.19
8,5446,0.150934,8.90632691e-06,1370.66
8,5448,0.141254,8.90407591e-06,1371.17
8,5450,0.162303,8.90182946e-06,1371.65
8,5452,0.152395,8.89958210e-06,1372.11
8,5454,0.150076,8.89733110e-06,1372.59
8,5456,0.148119,8.89508465e-06,1373.11
8,5458,0.146881,8.89283365e-06,1373.61
8,5460,0.146409,8.89058902e-06,1374.09
8,5462,0.137940,8.88833802e-06,1374.56
8,5464,0.166211,8.88609338e-06,1375.02
8,5466,0.158332,8.88384875e-06,1375.49
8,5468,0.144310,8.88159957e-06,1375.98
8,5470,0.139520,8.87935494e-06,1376.49
8,5472,0.141795,8.87710576e-06,1376.97
8,5474,0.157306,8.87486294e-06,1377.44
8,5476,0.125636,8.87261467e-06,1377.91
8,5478,0.155581,8.87037004e-06,1378.41
8,5480,0.153560,8.86812268e-06,1378.98
8,5482,0.146156,8.86587986e-06,1379.49
8,5484,0.154995,8.86363796e-06,1379.99
8,5486,0.148950,8.86138878e-06,1380.50
8,5488,0.167101,8.85914869e-06,1380.98
8,5490,0.187958,8.85690133e-06,1381.46
8,5492,0.154781,8.85465852e-06,1381.90
8,5494,0.160941,8.85241207e-06,1382.41
8,5496,0.142177,8.85017107e-06,1382.87
8,5498,0.138111,8.84793099e-06,1383.36
8,5500,0.160272,8.84568453e-06,1383.88
8,5502,0.173136,8.84344536e-06,1384.43
8,5504,0.138495,8.84119891e-06,1384.93
8,5506,0.173552,8.83896064e-06,1385.40
8,5508,0.168051,8.83671601e-06,1385.94
8,5510,0.136415,8.83447501e-06,1386.44
8,5512,0.139519,8.83223038e-06,1386.92
8,5514,0.146503,8.82999211e-06,1387.41
8,5516,0.129068,8.82775385e-06,1387.92
8,5518,0.148719,8.82551103e-06,1388.40
8,5520,0.165049,8.82327276e-06,1388.88
8,5522,0.148867,8.82102995e-06,1389.35
8,5524,0.153482,8.81879168e-06,1389.82
8,5526,0.139515,8.81654887e-06,1390.29
8,5528,0.146806,8.81431242e-06,1390.82
8,5530,0.102631,8.81207598e-06,1391.32
8,5532,0.145777,8.80983316e-06,1391.86
8,5534,0.168698,8.80759671e-06,1392.40
8,5536,0.160025,8.80535481e-06,1392.90
8,5538,0.155931,8.80312018e-06,1393.35
8,5540,0.147913,8.80087737e-06,1393.90
8,5542,0.127068,8.79864365e-06,1394.41
8,5544,0.149992,8.79640265e-06,1394.87
8,5546,0.153038,8.79416802e-06,1395.37
8,5548,0.141935,8.79193431e-06,1395.86
8,5550,0.188815,8.78969331e-06,1396.36
8,5552,0.144854,8.78745959e-06,1396.95
8,5554,0.147019,8.78522133e-06,1397.44
8,5556,0.151906,8.78298670e-06,1398.03
8,5558,0.137587,8.78074843e-06,1398.64
8,5560,0.146083,8.77851380e-06,1399.16
8,5562,0.154604,8.77628190e-06,1399.69
8,5564,0.136894,8.77404364e-06,1400.19
8,5566,0.158101,8.77181083e-06,1400.70
8,5568,0.143536,8.76957256e-06,1401.18
8,5570,0.172682,8.76734248e-06,1401.70
8,5572,0.155928,8.76510421e-06,1402.21
8,5574,0.172801,8.76287413e-06,1402.65
8,5576,0.164653,8.76063586e-06,1403.18
8,5578,0.153419,8.75840578e-06,1403.69
8,5580,0.172629,8.75617570e-06,1404.19
8,5582,0.139477,8.75393926e-06,1404.64
8,5584,0.132060,8.75170917e-06,1405.13
8,5586,0.165140,8.74947273e-06,1405.67
8,5588,0.152400,8.74724446e-06,1406.14
8,5590,0.151324,8.74500802e-06,1406.64
8,5592,0.172879,8.74277976e-06,1407.12
8,5594,0.159701,8.74054967e-06,1407.61
8,5596,0.146377,8.73831596e-06,1408.09
8,5598,0.166621,8.73608769e-06,1408.57
8,5600,0.144947,8.73385306e-06,1409.01
8,5602,0.152404,8.73162571e-06,1409.58
8,5604,0.135323,8.72939290e-06,1410.06
8,5606,0.133825,8.72716555e-06,1410.54
8,5608,0.183295,8.72493274e-06,1410.99
8,5610,0.163562,8.72270448e-06,1411.47
8,5612,0.184621,8.72047895e-06,1411.94
8,5614,0.158124,8.71824705e-06,1412.44
8,5616,0.148634,8.71602060e-06,1412.96
8,5618,0.156016,8.71378870e-06,1413.49
8,5620,0.139118,8.71156226e-06,1413.98
8,5622,0.163469,8.70933218e-06,1414.47
8,5624,0.167507,8.70710664e-06,1414.92
8,5626,0.147722,8.70488111e-06,1415.37
8,5628,0.153909,8.70265103e-06,1415.88
8,5630,0.160880,8.70042641e-06,1416.47
8,5632,0.143480,8.69819632e-06,1416.97
8,5634,0.156319,8.69597261e-06,1417.52
8,5636,0.136584,8.69374253e-06,1418.04
8,5638,0.147169,8.69152063e-06,1418.47
8,5640,0.177249,8.68929055e-06,1419.02
8,5642,0.171360,8.68706866e-06,1419.54
8,5644,0.148575,8.68484494e-06,1420.10
8,5646,0.155353,8.68261759e-06,1420.57
8,5648,0.155594,8.68039569e-06,1421.06
8,5650,0.164352,8.67816743e-06,1421.54
8,5652,0.146555,8.67594554e-06,1422.03
8,5654,0.159092,8.67371728e-06,1422.53
8,5656,0.152655,8.67149629e-06,1423.04
8,5658,0.143640,8.66927621e-06,1423.56
8,5660,0.140277,8.66705068e-06,1424.04
8,5662,0.177505,8.66482878e-06,1424.50
8,5664,0.169319,8.66260234e-06,1424.99
8,5666,0.127277,8.66038317e-06,1425.47
8,5668,0.169491,8.65815673e-06,1425.94
8,5670,0.139463,8.65593756e-06,1426.42
8,5672,0.134208,8.65371385e-06,1426.87
8,5674,0.151136,8.65149377e-06,1427.34
8,5676,0.133444,8.64927370e-06,1427.77
8,5678,0.122473,8.64704998e-06,1428.27
8,5680,0.157568,8.64483263e-06,1428.76
8,5682,0.150239,8.64260892e-06,1429.25
8,5684,0.166839,8.64039157e-06,1429.71
8,5686,0.114431,8.63816695e-06,1430.23
8,5688,0.149578,8.63594960e-06,1430.74
8,5690,0.133628,8.63373225e-06,1431.27
8,5692,0.171538,8.63151035e-06,1431.75
8,5694,0.140624,8.62929301e-06,1432.29
8,5696,0.152749,8.62707111e-06,1432.78
8,5698,0.153443,8.62485558e-06,1433.29
8,5700,0.133352,8.62263369e-06,1433.79
8,5702,0.146806,8.62041816e-06,1434.31
8,5704,0.166006,8.61819626e-06,1434.80
8,5706,0.159626,8.61598073e-06,1435.30
8,5708,0.174255,8.61376520e-06,1435.76
8,5710,0.180564,8.61154604e-06,1436.25
8,5712,0.149534,8.60933233e-06,1436.78
8,5714,0.143979,8.60711225e-06,1437.28
8,5716,0.162161,8.60489763e-06,1437.79
8,5718,0.139439,8.60267755e-06,1438.28
8,5720,0.142695,8.60046384e-06,1438.76
8,5722,0.153924,8.59825104e-06,1439.22
8,5724,0.159825,8.59603279e-06,1439.74
8,5726,0.166401,8.59381998e-06,1440.28
8,5728,0.135790,8.59160173e-06,1440.79
8,5730,0.135012,8.58939075e-06,1441.34
8,5732,0.175839,8.58717340e-06,1441.84
8,5734,0.125231,8.58495969e-06,1442.44
8,5736,0.155109,8.58274416e-06,1442.98
8,5738,0.145823,8.58053318e-06,1443.48
8,5740,0.147900,8.57832129e-06,1443.96
8,5742,0.122369,8.57610394e-06,1444.52
8,5744,0.126412,8.57389477e-06,1444.99
8,5746,0.159900,8.57167925e-06,1445.46
8,5748,0.129722,8.56946826e-06,1445.99
8,5750,0.166837,8.56725273e-06,1446.49
8,5752,0.128229,8.56504357e-06,1446.94
8,5754,0.147606,8.56283350e-06,1447.44
8,5756,0.151570,8.56061797e-06,1447.93
8,5758,0.153088,8.55841154e-06,1448.43
8,5760,0.143071,8.55619601e-06,1448.98
8,5762,0.133411,8.55398866e-06,1449.53
8,5764,0.133053,8.55177495e-06,1450.10
8,5766,0.146028,8.54956579e-06,1450.64
8,5768,0.156960,8.54735208e-06,1451.15
8,5770,0.176708,8.54514565e-06,1451.70
8,5772,0.160271,8.54293830e-06,1452.13
8,5774,0.150414,8.54072641e-06,1452.65
8,5776,0.143771,8.53851998e-06,1453.11
8,5778,0.159674,8.53630809e-06,1453.65
8,5780,0.146600,8.53410074e-06,1454.17
8,5782,0.153454,8.53188976e-06,1454.68
8,5784,0.167904,8.52968515e-06,1455.18
8,5786,0.157453,8.52747962e-06,1455.68
8,5788,0.121333,8.52526864e-06,1456.18
8,5790,0.166441,8.52306312e-06,1456.68
8,5792,0.158796,8.52085395e-06,1457.25
8,5794,0.165948,8.51864934e-06,1457.72
8,5796,0.160628,8.51644018e-06,1458.30
8,5798,0.149952,8.51423465e-06,1458.81
8,5800,0.147820,8.51202549e-06,1459.29
8,5802,0.119871,8.50982269e-06,1459.79
8,5804,0.138828,8.50761899e-06,1460.26
8,5806,0.150532,8.50540982e-06,1460.75
8,5808,0.150857,8.50320703e-06,1461.19
8,5810,0.153246,8.50099968e-06,1461.73
8,5812,0.146058,8.49879689e-06,1462.17
8,5814,0.179147,8.49658954e-06,1462.64
8,5816,0.157675,8.49438857e-06,1463.12
8,5818,0.149266,8.49218850e-06,1463.66
8,5820,0.148944,8.48998116e-06,1464.16
8,5822,0.155127,8.48778018e-06,1464.67
8,5824,0.173486,8.48557283e-06,1465.12
8,5826,0.151592,8.48337186e-06,1465.65
8,5828,0.153295,8.48116724e-06,1466.24
8,5830,0.156850,8.47896627e-06,1466.80
8,5832,0.170460,8.47676074e-06,1467.33
8,5834,0.173564,8.47456249e-06,1467.81
8,5836,0.135195,8.47236333e-06,1468.29
8,5838,0.147164,8.47015781e-06,1468.82
8,5840,0.135350,8.46795956e-06,1469.35
8,5842,0.157962,8.46575676e-06,1469.84
8,5844,0.162942,8.46355761e-06,1470.33
8,5846,0.156545,8.46135481e-06,1470.79
8,5848,0.140444,8.45915565e-06,1471.34
8,5850,0.132415,8.45695922e-06,1471.88
8,5852,0.136154,8.45475643e-06,1472.37
8,5854,0.112481,8.45255909e-06,1472.84
8,5856,0.182005,8.45035629e-06,1473.36
8,5858,0.149825,8.44815986e-06,1473.82
8,5860,0.135785,8.44595888e-06,1474.30
8,5862,0.127163,8.44376154e-06,1474.90
8,5864,0.167355,8.44156148e-06,1475.44
8,5866,0.133099,8.43936414e-06,1476.00
8,5868,0.137191,8.43716953e-06,1476.50
8,5870,0.155760,8.43496855e-06,1477.00
8,5872,0.138444,8.43277394e-06,1477.48
8,5874,0.140330,8.43057296e-06,1478.02
8,5876,0.149627,8.42838108e-06,1478.59
8,5878,0.163834,8.42618010e-06,1479.12
8,5880,0.148853,8.42398731e-06,1479.62
8,5882,0.140809,8.42179270e-06,1480.13
8,5884,0.142043,8.41959354e-06,1480.70
8,5886,0.148581,8.41740166e-06,1481.18
8,5888,0.138118,8.41520250e-06,1481.68
8,5890,0.166806,8.41300971e-06,1482.17
8,5892,0.152549,8.41081146e-06,1482.75
8,5894,0.135370,8.40862049e-06,1483.21
8,5896,0.169508,8.40642133e-06,1483.68
8,5898,0.163798,8.40423127e-06,1484.21
8,5900,0.134493,8.40203847e-06,1484.68
8,5902,0.159202,8.39984205e-06,1485.18
8,5904,0.181274,8.39765198e-06,1485.67
8,5906,0.154732,8.39545646e-06,1486.16
8,5908,0.147617,8.39326640e-06,1486.68
8,5910,0.157467,8.39106997e-06,1487.17
8,5912,0.120856,8.38887900e-06,1487.68
8,5914,0.125678,8.38669075e-06,1488.22
8,5916,0.143472,8.38449614e-06,1488.74
8,5918,0.144837,8.38230608e-06,1489.19
8,5920,0.157116,8.38011147e-06,1489.66
8,5922,0.135055,8.37792231e-06,1490.16
8,5924,0.162425,8.37573043e-06,1490.66
8,5926,0.146988,8.37354219e-06,1491.14
8,5928,0.166467,8.37134667e-06,1491.63
8,5930,0.137330,8.36916115e-06,1492.08
8,5932,0.164870,8.36697200e-06,1492.59
8,5934,0.180052,8.36478011e-06,1493.08
8,5936,0.152016,8.36259369e-06,1493.54
8,5938,0.185071,8.36040090e-06,1494.01
8,5940,0.137573,8.35821447e-06,1494.51
8,5942,0.153008,8.35602259e-06,1495.01
8,5944,0.154364,8.35383798e-06,1495.46
8,5946,0.165579,8.35165156e-06,1495.97
8,5948,0.138485,8.34946150e-06,1496.47
8,5950,0.145114,8.34727507e-06,1497.02
8,5952,0.170830,8.34508410e-06,1497.49
8,5954,0.146850,8.34290040e-06,1497.97
8,5956,0.146183,8.34070943e-06,1498.51
8,5958,0.144604,8.33852573e-06,1499.03
8,5960,0.149282,8.33633749e-06,1499.49
8,5962,0.142401,8.33415288e-06,1499.97
8,5964,0.152792,8.33196827e-06,1500.42
8,5966,0.159665,8.32978003e-06,1500.88
8,5968,0.147321,8.32759815e-06,1501.45
8,5970,0.124917,8.32540991e-06,1502.06
8,5972,0.154527,8.32322803e-06,1502.58
8,5974,0.147095,8.32103888e-06,1503.09
8,5976,0.155933,8.31885700e-06,1503.64
8,5978,0.149629,8.31667057e-06,1504.18
8,5980,0.139876,8.31448870e-06,1504.65
8,5982,0.153373,8.31230682e-06,1505.11
8,5984,0.134831,8.31012039e-06,1505.61
8,5986,0.121410,8.30794033e-06,1506.12
8,5988,0.147346,8.30575391e-06,1506.60
8,5990,0.165711,8.30357385e-06,1507.06
8,5992,0.141926,8.30139015e-06,1507.58
8,5994,0.165826,8.29921009e-06,1508.06
8,5996,0.146197,8.29703004e-06,1508.53
8,5998,0.170630,8.29484543e-06,1509.04
8,6000,0.147566,8.29266537e-06,1509.56
8,6002,0.158879,8.29048076e-06,1510.03
8,6004,0.138303,8.28830343e-06,1510.51
8,6006,0.123950,8.28611883e-06,1511.05
8,6008,0.141201,8.28394150e-06,1511.54
8,6010,0.132978,8.28175871e-06,1512.07
8,6012,0.162884,8.27958138e-06,1512.53
8,6014,0.174853,8.27740314e-06,1513.05
8,6016,0.157366,8.27522126e-06,1513.50
8,6018,0.182387,8.27304484e-06,1514.07
8,6020,0.150978,8.27086296e-06,1514.56
8,6022,0.160950,8.26868745e-06,1515.11
8,6024,0.181698,8.26650466e-06,1515.61
8,6026,0.148489,8.26432915e-06,1516.14
8,6028,0.161951,8.26215364e-06,1516.64
8,6030,0.177999,8.25997358e-06,1517.13
8,6032,0.159769,8.25779716e-06,1517.63
8,6034,0.159873,8.25561710e-06,1518.16
8,6036,0.147979,8.25344341e-06,1518.63
8,6038,0.155954,8.25126335e-06,1519.19
8,6040,0.149700,8.24908966e-06,1519.71
8,6042,0.132080,8.24690960e-06,1520.28
8,6044,0.157632,8.24473591e-06,1520.79
8,6046,0.171293,8.24256404e-06,1521.21
8,6048,0.151957,8.24038398e-06,1521.73
8,6050,0.145185,8.23821210e-06,1522.21
8,6052,0.164099,8.23603477e-06,1522.69
8,6054,0.156493,8.23386108e-06,1523.19
8,6056,0.140072,8.23168466e-06,1523.63
8,6058,0.134968,8.22951279e-06,1524.15
8,6060,0.147079,8.22734182e-06,1524.60
8,6062,0.152336,8.22516358e-06,1525.06
8,6064,0.161787,8.22299353e-06,1525.53
8,6066,0.130539,8.22081620e-06,1526.02
8,6068,0.157362,8.21864614e-06,1526.44
8,6070,0.127852,8.21647063e-06,1526.92
8,6072,0.136415,8.21430058e-06,1527.41
8,6074,0.152076,8.21212507e-06,1527.88
8,6076,0.149698,8.20995501e-06,1528.40
8,6078,0.157615,8.20778587e-06,1528.91
8,6080,0.176353,8.20561218e-06,1529.37
8,6082,0.151687,8.20344212e-06,1529.86
8,6084,0.146725,8.20126843e-06,1530.32
8,6086,0.144014,8.19910110e-06,1530.82
8,6088,0.146208,8.19692741e-06,1531.33
8,6090,0.162662,8.19476008e-06,1531.77
8,6092,0.151806,8.19259185e-06,1532.26
8,6094,0.148545,8.19041816e-06,1532.77
8,6096,0.146643,8.18825265e-06,1533.24
8,6098,0.158529,8.18607896e-06,1533.74
8,6100,0.163465,8.18391345e-06,1534.24
8,6102,0.154801,8.18174249e-06,1534.73
8,6104,0.132758,8.17957425e-06,1535.24
8,6106,0.155724,8.17740511e-06,1535.76
8,6108,0.153155,8.17523960e-06,1536.23
8,6110,0.158914,8.17307409e-06,1536.71
8,6112,0.149591,8.17090222e-06,1537.16
8,6114,0.133545,8.16873671e-06,1537.62
8,6116,0.147026,8.16656757e-06,1538.14
8,6118,0.149753,8.16440388e-06,1538.63
8,6120,0.165479,8.16223474e-06,1539.18
8,6122,0.157732,8.16007105e-06,1539.67
8,6124,0.156653,8.15790736e-06,1540.18
8,6126,0.151031,8.15573821e-06,1540.75
8,6128,0.176186,8.15357453e-06,1541.27
8,6130,0.156494,8.15140720e-06,1541.76
8,6132,0.151565,8.14924351e-06,1542.29
8,6134,0.149911,8.14707619e-06,1542.78
8,6136,0.158805,8.14491523e-06,1543.34
8,6138,0.153367,8.14274790e-06,1543.85
8,6140,0.136015,8.14058603e-06,1544.38
8,6142,0.160752,8.13842507e-06,1544.86
8,6144,0.147906,8.13625775e-06,1545.37
8,6146,0.140337,8.13409588e-06,1545.94
8,6148,0.171308,8.13193037e-06,1546.42
8,6150,0.158495,8.12976941e-06,1546.88
8,6152,0.116839,8.12760391e-06,1547.38
8,6154,0.140678,8.12544477e-06,1547.85
8,6156,0.168755,8.12328562e-06,1548.37
8,6158,0.132906,8.12112012e-06,1548.88
8,6160,0.140150,8.11896098e-06,1549.35
8,6162,0.185519,8.11679729e-06,1549.82
8,6164,0.157887,8.11463815e-06,1550.33
8,6166,0.147771,8.11247537e-06,1550.78
8,6168,0.181613,8.11031623e-06,1551.25
8,6170,0.150307,8.10815436e-06,1551.73
8,6172,0.137557,8.10599522e-06,1552.20
8,6174,0.146250,8.10383881e-06,1552.72
8,6176,0.163019,8.10167694e-06,1553.18
8,6178,0.154376,8.09952053e-06,1553.68
8,6180,0.135497,8.09735684e-06,1554.20
8,6182,0.155572,8.09520134e-06,1554.73
8,6184,0.126458,8.09304038e-06,1555.21
8,6186,0.174369,8.09088306e-06,1555.67
8,6188,0.156941,8.08872846e-06,1556.13
8,6190,0.135091,8.08656750e-06,1556.62
8,6192,0.148394,8.08441200e-06,1557.07
8,6194,0.138461,8.08225286e-06,1557.54
8,6196,0.123833,8.08009827e-06,1558.07
8,6198,0.131966,8.07793913e-06,1558.56
8,6200,0.152801,8.07578363e-06,1559.00
8,6202,0.158428,8.07362449e-06,1559.50
8,6204,0.130444,8.07147171e-06,1559.95
8,6206,0.167369,8.06931621e-06,1560.45
8,6208,0.138661,8.06715980e-06,1560.89
8,6210,0.160688,8.06500702e-06,1561.40
8,6212,0.143115,8.06284788e-06,1561.89
8,6214,0.137735,8.06069693e-06,1562.32
8,6216,0.137797,8.05853961e-06,1562.77
8,6218,0.139973,8.05638683e-06,1563.25
8,6220,0.154018,8.05423588e-06,1563.81
8,6222,0.126200,8.05207856e-06,1564.34
8,6224,0.126440,8.04992760e-06,1564.85
8,6226,0.156007,8.04777119e-06,1565.33
8,6228,0.127499,8.04562023e-06,1565.83
8,6230,0.153530,8.04346473e-06,1566.31
8,6232,0.122704,8.04131378e-06,1566.80
8,6234,0.156836,8.03915918e-06,1567.30
8,6236,0.155890,8.03701005e-06,1567.77
8,6238,0.141117,8.03485909e-06,1568.26
8,6240,0.125297,8.03270632e-06,1568.73
8,6242,0.150910,8.03055809e-06,1569.24
8,6244,0.144253,8.02840259e-06,1569.72
8,6246,0.124906,8.02625436e-06,1570.25
8,6248,0.139518,8.02410159e-06,1570.79
8,6250,0.136996,8.02195427e-06,1571.26
8,6252,0.151429,8.01980605e-06,1571.73
8,6254,0.167390,8.01765327e-06,1572.23
8,6256,0.140764,8.01550595e-06,1572.79
8,6258,0.145749,8.01335318e-06,1573.29
8,6260,0.153565,8.01120677e-06,1573.76
8,6262,0.143336,8.00905582e-06,1574.22
8,6264,0.152939,8.00690941e-06,1574.75
8,6266,0.142082,8.00475846e-06,1575.27
8,6268,0.165613,8.00261387e-06,1575.77
8,6270,0.154933,8.00046746e-06,1576.26
8,6272,0.134134,7.99831651e-06,1576.73
8,6274,0.138076,7.99617192e-06,1577.25
8,6276,0.134722,7.99402278e-06,1577.74
8,6278,0.166247,7.99187819e-06,1578.25
8,6280,0.166951,7.98972997e-06,1578.78
8,6282,0.145480,7.98758538e-06,1579.33
8,6284,0.140611,7.98544079e-06,1579.85
8,6286,0.163164,7.98329165e-06,1580.38
8,6288,0.119921,7.98114888e-06,1580.93
8,6290,0.126224,7.97900066e-06,1581.40
8,6292,0.144939,7.97685789e-06,1581.89
8,6294,0.118530,7.97471148e-06,1582.39
8,6296,0.152903,7.97256871e-06,1582.91
8,6298,0.169068,7.97042230e-06,1583.42
8,6300,0.161499,7.96827953e-06,1583.93
8,6302,0.142169,7.96613949e-06,1584.46
8,6304,0.153084,7.96399218e-06,1584.96
8,6306,0.148367,7.96185213e-06,1585.52
8,6308,0.131637,7.95970573e-06,1586.01
8,6310,0.137120,7.95756478e-06,1586.45
8,6312,0.115296,7.95542019e-06,1586.93
8,6314,0.148562,7.95328015e-06,1587.44
8,6316,0.166811,7.95114011e-06,1587.93
8,6318,0.142773,7.94899552e-06,1588.42
8,6320,0.145548,7.94685639e-06,1588.89
8,6322,0.169034,7.94471271e-06,1589.38
8,6324,0.169073,7.94257357e-06,1589.88
8,6326,0.130199,7.94043171e-06,1590.32
8,6328,0.159035,7.93829349e-06,1590.81
8,6330,0.171370,7.93614890e-06,1591.28
8,6332,0.133256,7.93401250e-06,1591.84
8,6334,0.132945,7.93187428e-06,1592.33
8,6336,0.160080,7.92973151e-06,1592.83
8,6338,0.161075,7.92759511e-06,1593.37
8,6340,0.140877,7.92545325e-06,1593.88
8,6342,0.155566,7.92331684e-06,1594.34
8,6344,0.165002,7.92117589e-06,1594.78
8,6346,0.151493,7.91903949e-06,1595.23
8,6348,0.153824,7.91690400e-06,1595.67
8,6350,0.167974,7.91476305e-06,1596.23
8,6352,0.160060,7.91262937e-06,1596.72
8,6354,0.157205,7.91048842e-06,1597.21
8,6356,0.156241,7.90835475e-06,1597.67
8,6358,0.140213,7.90621380e-06,1598.16
8,6360,0.146709,7.90408012e-06,1598.68
8,6362,0.164932,7.90194190e-06,1599.21
8,6364,0.153121,7.89980731e-06,1599.71
8,6366,0.159565,7.89767546e-06,1600.22
8,6368,0.139389,7.89553724e-06,1600.74
8,6370,0.142419,7.89340265e-06,1601.21
8,6372,0.164810,7.89126443e-06,1601.70
8,6374,0.157857,7.88913258e-06,1602.13
8,6376,0.121506,7.88699617e-06,1602.61
8,6378,0.142595,7.88486432e-06,1603.07
8,6380,0.177792,7.88273246e-06,1603.64
8,6382,0.156539,7.88059606e-06,1604.20
8,6384,0.152118,7.87846602e-06,1604.68
8,6386,0.126895,7.87632962e-06,1605.16
8,6388,0.148592,7.87419776e-06,1605.64
8,6390,0.133711,7.87206409e-06,1606.20
8,6392,0.150054,7.86993405e-06,1606.70
8,6394,0.152093,7.86779765e-06,1607.19
8,6396,0.166351,7.86566943e-06,1607.67
8,6398,0.148963,7.86353939e-06,1608.17
8,6400,0.163038,7.86140572e-06,1608.66
8,6402,0.161218,7.85927568e-06,1609.19
8,6404,0.151865,7.85714383e-06,1609.66
8,6406,0.146165,7.85501379e-06,1610.14
8,6408,0.137301,7.85288103e-06,1610.61
8,6410,0.184007,7.85075372e-06,1611.18
8,6412,0.152752,7.84862550e-06,1611.70
8,6414,0.150714,7.84649365e-06,1612.18
8,6416,0.157368,7.84436543e-06,1612.72
8,6418,0.149823,7.84223357e-06,1613.27
8,6420,0.167446,7.84010808e-06,1613.81
8,6422,0.146850,7.83797623e-06,1614.31
8,6424,0.131568,7.83584983e-06,1614.81
8,6426,0.153199,7.83371979e-06,1615.31
8,6428,0.159527,7.83159430e-06,1615.78
8,6430,0.163562,7.82946881e-06,1616.26
8,6432,0.170205,7.82733878e-06,1616.77
8,6434,0.158941,7.82521238e-06,1617.26
8,6436,0.135560,7.82308507e-06,1617.71
8,6438,0.153699,7.82095867e-06,1618.19
8,6440,0.155304,7.81883136e-06,1618.65
8,6442,0.153703,7.81670769e-06,1619.14
8,6444,0.133078,7.81458402e-06,1619.58
8,6446,0.170084,7.81245581e-06,1620.12
8,6448,0.143484,7.81033214e-06,1620.64
8,6450,0.168126,7.80820392e-06,1621.15
8,6452,0.160944,7.80608025e-06,1621.64
8,6454,0.130416,7.80395476e-06,1622.17
8,6456,0.118844,7.80183291e-06,1622.59
8,6458,0.167524,7.79970560e-06,1623.06
8,6460,0.132534,7.79758375e-06,1623.61
8,6462,0.152416,7.79546190e-06,1624.13
8,6464,0.176266,7.79333641e-06,1624.66
8,6466,0.185113,7.79121638e-06,1625.16
8,6468,0.151520,7.78909089e-06,1625.64
8,6470,0.168893,7.78696904e-06,1626.18
8,6472,0.141276,7.78484537e-06,1626.66
8,6474,0.132847,7.78272624e-06,1627.20
8,6476,0.147040,7.78060621e-06,1627.69
8,6478,0.150398,7.77848072e-06,1628.18
8,6480,0.137065,7.77636342e-06,1628.66
8,6482,0.148345,7.77423702e-06,1629.14
8,6484,0.156260,7.77211972e-06,1629.64
8,6486,0.145217,7.76999605e-06,1630.12
8,6488,0.163039,7.76787874e-06,1630.60
8,6490,0.146140,7.76575507e-06,1631.14
8,6492,0.153926,7.76363777e-06,1631.62
8,6494,0.156544,7.76152228e-06,1632.11
8,6496,0.150717,7.75939861e-06,1632.62
8,6498,0.147440,7.75728313e-06,1633.13
8,6500,0.157490,7.75516128e-06,1633.62
8,6502,0.150877,7.75304397e-06,1634.12
8,6504,0.128553,7.75092485e-06,1634.67
8,6506,0.146153,7.74880664e-06,1635.16
8,6508,0.143628,7.74668752e-06,1635.69
8,6510,0.137883,7.74457203e-06,1636.20
8,6512,0.162531,7.74245655e-06,1636.83
8,6514,0.174569,7.74033742e-06,1637.39
8,6516,0.167878,7.73822376e-06,1637.92
8,6518,0.150457,7.73610464e-06,1638.35
8,6520,0.144229,7.73398915e-06,1638.95
8,6522,0.160434,7.73187185e-06,1639.50
8,6524,0.148654,7.72975818e-06,1640.00
8,6526,0.155454,7.72764452e-06,1640.48
8,6528,0.164503,7.72552721e-06,1640.96
8,6530,0.132066,7.72341446e-06,1641.47
8,6532,0.159243,7.72129715e-06,1641.96
8,6534,0.139527,7.71918349e-06,1642.43
8,6536,0.143791,7.71706800e-06,1642.96
8,6538,0.121418,7.71495525e-06,1643.53
8,6540,0.157699,7.71283976e-06,1644.01
8,6542,0.142130,7.71072791e-06,1644.47
8,6544,0.162249,7.70861698e-06,1644.98
8,6546,0.154575,7.70650149e-06,1645.46
8,6548,0.127023,7.70439055e-06,1645.96
8,6550,0.140241,7.70227507e-06,1646.44
8,6552,0.182495,7.70016595e-06,1646.93
8,6554,0.147910,7.69805047e-06,1647.45
8,6556,0.144197,7.69594135e-06,1647.97
8,6558,0.136959,7.69383223e-06,1648.44
8,6560,0.150657,7.69171947e-06,1648.92
8,6562,0.138714,7.68961036e-06,1649.43
8,6564,0.129529,7.68749669e-06,1649.94
8,6566,0.143099,7.68538939e-06,1650.45
8,6568,0.163047,7.68327664e-06,1650.99
8,6570,0.151309,7.68116934e-06,1651.47
8,6572,0.152810,7.67905658e-06,1651.94
8,6574,0.167912,7.67694928e-06,1652.44
8,6576,0.159960,7.67484198e-06,1652.89
8,6578,0.160951,7.67273104e-06,1653.34
8,6580,0.131096,7.67062375e-06,1653.80
8,6582,0.131564,7.66851281e-06,1654.29
8,6584,0.163162,7.66640733e-06,1654.78
8,6586,0.125109,7.66429639e-06,1655.29
8,6588,0.172407,7.66219182e-06,1655.77
8,6590,0.161969,7.66008634e-06,1656.32
8,6592,0.154856,7.65797540e-06,1656.78
8,6594,0.154315,7.65587265e-06,1657.23
8,6596,0.165756,7.65376353e-06,1657.70
8,6598,0.138414,7.65165896e-06,1658.20
8,6600,0.141746,7.64954984e-06,1658.75
8,6602,0.159082,7.64744618e-06,1659.27
8,6604,0.131704,7.64533706e-06,1659.76
8,6606,0.150247,7.64323431e-06,1660.21
8,6608,0.165037,7.64113156e-06,1660.71
8,6610,0.153408,7.63902517e-06,1661.17
8,6612,0.180313,7.63692151e-06,1661.60
8,6614,0.136453,7.63481512e-06,1662.09
8,6616,0.161167,7.63271419e-06,1662.59
8,6618,0.165015,7.63060689e-06,1663.06
8,6620,0.141934,7.62850641e-06,1663.50
8,6622,0.143324,7.62640548e-06,1664.06
8,6624,0.146990,7.62429863e-06,1664.54
8,6626,0.138959,7.62219770e-06,1665.12
8,6628,0.144354,7.62009267e-06,1665.64
8,6630,0.141026,7.61799402e-06,1666.24
8,6632,0.167065,7.61588899e-06,1666.84
8,6634,0.135964,7.61378851e-06,1667.41
8,6636,0.154195,7.61168576e-06,1667.90
8,6638,0.141900,7.60958710e-06,1668.39
8,6640,0.138172,7.60748844e-06,1668.87
8,6642,0.150318,7.60538342e-06,1669.33
8,6644,0.139561,7.60328476e-06,1669.81
8,6646,0.141460,7.60118155e-06,1670.31
8,6648,0.152987,7.59908517e-06,1670.82
8,6650,0.135218,7.59698241e-06,1671.30
8,6652,0.147316,7.59488557e-06,1671.86
8,6654,0.154213,7.59278919e-06,1672.35
8,6656,0.130130,7.59068644e-06,1672.85
8,6658,0.134916,7.58858960e-06,1673.32
8,6660,0.154746,7.58648912e-06,1673.82
8,6662,0.181596,7.58439228e-06,1674.34
8,6664,0.126098,7.58229135e-06,1674.85
8,6666,0.152406,7.58019723e-06,1675.36
8,6668,0.136769,7.57809630e-06,1675.87
8,6670,0.146797,7.57600174e-06,1676.35
8,6672,0.160867,7.57390717e-06,1676.85
8,6674,0.157222,7.57180851e-06,1677.33
8,6676,0.158487,7.56971394e-06,1677.84
8,6678,0.138454,7.56761528e-06,1678.36
8,6680,0.147533,7.56552072e-06,1678.83
8,6682,0.157181,7.56342206e-06,1679.34
8,6684,0.156658,7.56132977e-06,1679.83
8,6686,0.135186,7.55923747e-06,1680.31
8,6688,0.159244,7.55713882e-06,1680.77
8,6690,0.154651,7.55504834e-06,1681.23
8,6692,0.143776,7.55294968e-06,1681.70
8,6694,0.142347,7.55085921e-06,1682.18
8,6696,0.151019,7.54876282e-06,1682.69
8,6698,0.147782,7.54667053e-06,1683.17
8,6700,0.166239,7.54457369e-06,1683.68
8,6702,0.164090,7.54248322e-06,1684.17
8,6704,0.158739,7.54039320e-06,1684.67
8,6706,0.129318,7.53829863e-06,1685.14
8,6708,0.180497,7.53620816e-06,1685.64
8,6710,0.134822,7.53411359e-06,1686.09
8,6712,0.151794,7.53202357e-06,1686.57
8,6714,0.143091,7.52992901e-06,1687.06
8,6716,0.128759,7.52784081e-06,1687.57
8,6718,0.157111,7.52575261e-06,1688.09
8,6720,0.149835,7.52365804e-06,1688.57
8,6722,0.187407,7.52156984e-06,1689.04
8,6724,0.168764,7.51947709e-06,1689.51
8,6726,0.122261,7.51738889e-06,1689.98
8,6728,0.163852,7.51529660e-06,1690.47
8,6730,0.171033,7.51320840e-06,1690.98
8,6732,0.132035,7.51111793e-06,1691.45
8,6734,0.151795,7.50902973e-06,1691.99
8,6736,0.149369,7.50694335e-06,1692.48
8,6738,0.150219,7.50485333e-06,1692.98
8,6740,0.129996,7.50276695e-06,1693.55
8,6742,0.159516,7.50067693e-06,1694.04
8,6744,0.143626,7.49859055e-06,1694.53
8,6746,0.154436,7.49650007e-06,1695.05
8,6748,0.156490,7.49441597e-06,1695.52
8,6750,0.159448,7.49233186e-06,1696.02
8,6752,0.133298,7.49024184e-06,1696.55
8,6754,0.122567,7.48815773e-06,1697.05
8,6756,0.145646,7.48606953e-06,1697.54
8,6758,0.138067,7.48398543e-06,1698.00
8,6760,0.126412,7.48189723e-06,1698.51
8,6762,0.130360,7.47981312e-06,1698.98
8,6764,0.151813,7.47772492e-06,1699.48
8,6766,0.164499,7.47564263e-06,1699.98
8,6768,0.156030,7.47356080e-06,1700.45
8,6770,0.161902,7.47147260e-06,1700.95
8,6772,0.163551,7.46939031e-06,1701.42
8,6774,0.123727,7.46730439e-06,1701.90
8,6776,0.164831,7.46522437e-06,1702.40
8,6778,0.147988,7.46313845e-06,1702.87
8,6780,0.141506,7.46105616e-06,1703.34
8,6782,0.120351,7.45897660e-06,1703.80
8,6784,0.188157,7.45689022e-06,1704.26
8,6786,0.152118,7.45481020e-06,1704.68
8,6788,0.153488,7.45272609e-06,1705.23
8,6790,0.166744,7.45064654e-06,1705.71
8,6792,0.132188,7.44856243e-06,1706.22
8,6794,0.160154,7.44648241e-06,1706.66
8,6796,0.135849,7.44439831e-06,1707.16
8,6798,0.131244,7.44232057e-06,1707.66
8,6800,0.130068,7.44024283e-06,1708.15
8,6802,0.128218,7.43815872e-06,1708.61
8,6804,0.156033,7.43608098e-06,1709.07
8,6806,0.147418,7.43399869e-06,1709.61
8,6808,0.190822,7.43192095e-06,1710.14
8,6810,0.177700,7.42983912e-06,1710.67
8,6812,0.157653,7.42776319e-06,1711.22
8,6814,0.161786,7.42568773e-06,1711.68
8,6816,0.133723,7.42360544e-06,1712.19
8,6818,0.157173,7.42152997e-06,1712.64
8,6820,0.178934,7.41944768e-06,1713.15
8,6822,0.148170,7.41737404e-06,1713.65
8,6824,0.140710,7.41529220e-06,1714.15
8,6826,0.155127,7.41321855e-06,1714.66
8,6828,0.170112,7.41113854e-06,1715.13
8,6830,0.165503,7.40906489e-06,1715.63
8,6832,0.132077,7.40698943e-06,1716.11
8,6834,0.131149,7.40491123e-06,1716.62
8,6836,0.142048,7.40283758e-06,1717.10
8,6838,0.154379,7.40075802e-06,1717.59
8,6840,0.130108,7.39868619e-06,1718.06
8,6842,0.163420,7.39660845e-06,1718.55
8,6844,0.154554,7.39453480e-06,1719.02
8,6846,0.166277,7.39246343e-06,1719.49
8,6848,0.176477,7.39038569e-06,1719.96
8,6850,0.116630,7.38831386e-06,1720.44
8,6852,0.178189,7.38623839e-06,1720.92
8,6854,0.131810,7.38416657e-06,1721.47
8,6856,0.174537,7.38208882e-06,1721.97
8,6858,0.128488,7.38001927e-06,1722.41
9,0,0.165422,7.37898472e-06,1.68
9,2,0.162535,7.37690880e-06,2.16
9,4,0.139152,7.37483742e-06,2.71
9,6,0.148874,7.37276378e-06,3.19
9,8,0.130746,7.37069422e-06,3.70
9,10,0.161584,7.36861830e-06,4.21
9,12,0.131730,7.36654920e-06,4.73
9,14,0.159711,7.36448146e-06,5.24
9,16,0.174805,7.36240781e-06,5.77
9,18,0.138399,7.36033826e-06,6.29
9,20,0.138054,7.35826461e-06,6.81
9,22,0.137620,7.35619733e-06,7.32
9,24,0.136141,7.35412596e-06,7.84
9,26,0.134344,7.35205867e-06,8.33
9,28,0.135126,7.34999094e-06,8.80
9,30,0.156885,7.34791956e-06,9.27
9,32,0.182819,7.34585228e-06,9.81
9,34,0.147765,7.34378045e-06,10.37
9,36,0.154499,7.34171545e-06,10.83
9,38,0.170410,7.33964362e-06,11.33
9,40,0.139914,7.33757861e-06,11.84
9,42,0.140273,7.33550905e-06,12.28
9,44,0.134513,7.33344359e-06,12.72
9,46,0.150459,7.33137858e-06,13.22
9,48,0.143710,7.32930903e-06,13.72
9,50,0.143565,7.32724357e-06,14.22
9,52,0.145402,7.32517628e-06,14.85
9,54,0.151521,7.32311082e-06,15.43
9,56,0.148494,7.32104354e-06,16.01
9,58,0.141410,7.31898035e-06,16.55
9,60,0.137462,7.31691716e-06,17.07
9,62,0.141731,7.31484988e-06,17.64
9,64,0.165090,7.31278669e-06,18.09
9,66,0.148694,7.31071896e-06,18.59
9,68,0.146836,7.30865804e-06,19.08
9,70,0.124638,7.30659076e-06,19.62
9,72,0.145300,7.30452939e-06,20.13
9,74,0.129193,7.30246393e-06,20.66
9,76,0.143849,7.30040301e-06,21.12
9,78,0.118440,7.29834210e-06,21.58
9,80,0.132778,7.29627664e-06,22.07
9,82,0.134623,7.29421527e-06,22.66
9,84,0.139277,7.29215026e-06,23.15
9,86,0.162967,7.29009116e-06,23.67
9,88,0.146669,7.28802797e-06,24.17
9,90,0.135189,7.28596888e-06,24.69
9,92,0.131211,7.28390978e-06,25.17
9,94,0.141041,7.28184659e-06,25.65
9,96,0.153863,7.27978750e-06,26.15
9,98,0.140917,7.27772431e-06,26.58
9,100,0.137651,7.27566521e-06,27.08
9,102,0.148669,7.27360430e-06,27.58
9,104,0.144161,7.27154702e-06,28.11
9,106,0.148933,7.26948383e-06,28.68
9,108,0.148897,7.26742701e-06,29.19
9,110,0.155173,7.26537019e-06,29.70
9,112,0.171614,7.26330882e-06,30.19
9,114,0.135366,7.26125427e-06,30.67
9,116,0.148571,7.25919290e-06,31.35
9,118,0.137636,7.25713790e-06,31.87
9,120,0.134129,7.25507698e-06,32.40
9,122,0.134087,7.25302198e-06,32.92
9,124,0.150989,7.25096743e-06,33.39
9,126,0.157459,7.24890833e-06,33.90
9,128,0.138614,7.24685333e-06,34.39
9,130,0.141548,7.24479423e-06,34.87
9,132,0.148520,7.24274150e-06,35.36
9,134,0.139881,7.24068241e-06,35.85
9,136,0.162441,7.23862968e-06,36.37
9,138,0.151827,7.23657058e-06,36.79
9,140,0.163652,7.23451785e-06,37.28
9,142,0.168275,7.23246694e-06,37.73
9,144,0.167462,7.23040830e-06,38.25
9,146,0.135179,7.22835739e-06,38.80
9,148,0.141018,7.22630057e-06,39.25
9,150,0.126965,7.22424966e-06,39.73
9,152,0.145103,7.22219283e-06,40.27
9,154,0.149839,7.22014192e-06,40.77
9,156,0.175937,7.21809147e-06,41.25
9,158,0.142741,7.21603647e-06,41.68
9,160,0.159445,7.21398601e-06,42.15
9,162,0.162412,7.21193101e-06,42.63
9,164,0.134157,7.20988237e-06,43.17
9,166,0.155109,7.20782737e-06,43.66
9,168,0.131510,7.20577873e-06,44.14
9,170,0.136651,7.20372418e-06,44.61
9,172,0.138223,7.20167554e-06,45.10
9,174,0.169102,7.19962691e-06,45.57
9,176,0.150869,7.19757418e-06,46.04
9,178,0.156326,7.19552736e-06,46.54
9,180,0.162611,7.19347463e-06,47.01
9,182,0.137430,7.19142599e-06,47.51
9,184,0.160625,7.18937554e-06,48.00
9,186,0.178883,7.18732872e-06,48.53
9,188,0.122119,7.18528236e-06,49.11
9,190,0.139559,7.18322963e-06,49.64
9,192,0.140061,7.18118508e-06,50.12
9,194,0.163151,7.17913417e-06,50.60
9,196,0.154634,7.17708781e-06,51.13
9,198,0.139168,7.17503917e-06,51.67
9,200,0.146040,7.17299281e-06,52.16
9,202,0.155363,7.17094417e-06,52.65
9,204,0.151003,7.16889963e-06,53.16
9,206,0.124063,7.16685508e-06,53.63
9,208,0.149936,7.16480645e-06,54.10
9,210,0.153839,7.16276236e-06,54.59
9,212,0.136581,7.16071372e-06,55.11
9,214,0.131817,7.15867100e-06,55.61
9,216,0.147641,7.15662281e-06,56.18
9,218,0.151262,7.15458009e-06,56.66
9,220,0.121527,7.15253782e-06,57.14
9,222,0.145932,7.15049146e-06,57.66
9,224,0.178480,7.14844919e-06,58.18
9,226,0.149222,7.14640237e-06,58.66
9,228,0.147537,7.14436237e-06,59.20
9,230,0.148979,7.14231555e-06,59.68
9,232,0.146702,7.14027556e-06,60.16
9,234,0.141196,7.13822874e-06,60.81
9,236,0.139519,7.13618874e-06,61.33
9,238,0.141247,7.13414829e-06,61.86
9,240,0.134038,7.13210375e-06,62.35
9,242,0.181396,7.13006375e-06,62.89
9,244,0.150688,7.12802148e-06,63.37
9,246,0.136537,7.12598103e-06,63.85
9,248,0.157166,7.12393876e-06,64.33
9,250,0.156041,7.12189831e-06,64.88
9,252,0.146837,7.11986013e-06,65.44
9,254,0.167672,7.11781786e-06,65.98
9,256,0.141130,7.11577968e-06,66.59
9,258,0.162765,7.11373741e-06,67.11
9,260,0.132449,7.11170105e-06,67.63
9,262,0.172505,7.10965878e-06,68.16
9,264,0.148008,7.10762288e-06,68.64
9,266,0.157607,7.10558061e-06,69.15
9,268,0.145195,7.10354425e-06,69.62
9,270,0.151184,7.10150834e-06,70.10
9,272,0.143545,7.09946789e-06,70.63
9,274,0.169480,7.09743381e-06,71.09
9,276,0.124632,7.09539381e-06,71.56
9,278,0.145092,7.09335745e-06,72.04
9,280,0.144486,7.09131928e-06,72.47
9,282,0.137505,7.08928337e-06,72.92
9,284,0.153531,7.08724929e-06,73.44
9,286,0.148995,7.08521111e-06,73.92
9,288,0.142019,7.08317702e-06,74.41
9,290,0.152120,7.08113885e-06,74.93
9,292,0.141929,7.07910704e-06,75.42
9,294,0.154768,7.07706886e-06,75.97
9,296,0.163777,7.07503705e-06,76.44
9,298,0.130283,7.07299887e-06,76.93
9,300,0.170553,7.07096706e-06,77.40
9,302,0.129868,7.06893479e-06,77.89
9,304,0.146448,7.06689889e-06,78.39
9,306,0.185433,7.06486708e-06,78.93
9,308,0.157410,7.06283299e-06,79.47
9,310,0.141790,7.06080118e-06,79.93
9,312,0.163094,7.05876482e-06,80.46
9,314,0.119339,7.05673483e-06,80.96
9,316,0.135572,7.05470529e-06,81.41
9,318,0.185233,7.05267121e-06,81.92
9,320,0.148875,7.05064122e-06,82.40
9,322,0.161686,7.04860759e-06,82.89
9,324,0.137951,7.04657941e-06,83.37
9,326,0.160879,7.04454578e-06,83.84
9,328,0.158724,7.04251806e-06,84.36
9,330,0.143570,7.04048398e-06,84.88
9,332,0.163723,7.03845626e-06,85.36
9,334,0.137187,7.03642854e-06,85.89
9,336,0.168706,7.03439628e-06,86.40
9,338,0.153789,7.03236856e-06,86.98
9,340,0.153496,7.03033675e-06,87.51
9,342,0.141459,7.02831130e-06,87.98
9,344,0.170311,7.02627904e-06,88.54
9,346,0.136032,7.02425359e-06,89.03
9,348,0.150509,7.02222769e-06,89.46
9,350,0.128139,7.02019815e-06,90.00
9,352,0.166960,7.01817225e-06,90.54
9,354,0.129175,7.01614272e-06,91.05
9,356,0.126547,7.01411682e-06,91.55
9,358,0.150817,7.01208910e-06,92.05
9,360,0.166646,7.01006320e-06,92.55
9,362,0.142376,7.00803548e-06,93.04
9,364,0.151837,7.00601231e-06,93.51
9,366,0.148507,7.00398869e-06,94.00
9,368,0.156845,7.00196097e-06,94.51
9,370,0.139149,6.99993734e-06,94.95
9,372,0.150097,6.99790962e-06,95.47
9,374,0.150820,6.99588782e-06,95.95
9,376,0.153856,6.99386010e-06,96.49
9,378,0.148330,6.99183875e-06,96.93
9,380,0.151365,6.98981739e-06,97.39
9,382,0.147216,6.98778967e-06,97.92
9,384,0.141108,6.98577014e-06,98.39
9,386,0.133455,6.98374424e-06,98.91
9,388,0.170041,6.98172289e-06,99.36
9,390,0.144093,6.97969745e-06,99.89
9,392,0.180020,6.97767791e-06,100.40
9,394,0.141930,6.97565201e-06,100.90
9,396,0.126886,6.97363294e-06,101.45
9,398,0.147005,6.97161340e-06,101.95
9,400,0.136547,6.96958978e-06,102.45
9,402,0.160659,6.96757252e-06,102.93
9,404,0.138932,6.96554889e-06,103.41
9,406,0.149194,6.96352936e-06,103.90
9,408,0.155903,6.96150801e-06,104.34
9,410,0.147239,6.95948847e-06,104.88
9,412,0.145953,6.95747121e-06,105.33
9,414,0.157508,6.95544986e-06,105.84
9,416,0.128062,6.95343260e-06,106.33
9,418,0.150414,6.95141080e-06,106.91
9,420,0.161040,6.94939581e-06,107.47
9,422,0.160545,6.94737400e-06,107.92
9,424,0.152900,6.94535902e-06,108.39
9,426,0.172005,6.94333767e-06,108.90
9,428,0.103890,6.94132223e-06,109.38
9,430,0.141783,6.93930724e-06,109.93
9,432,0.150001,6.93728771e-06,110.42
9,434,0.139140,6.93527227e-06,110.87
9,436,0.156348,6.93325319e-06,111.35
9,438,0.153258,6.93124002e-06,111.85
9,440,0.147209,6.92922049e-06,112.30
9,442,0.148118,6.92720732e-06,112.83
9,444,0.147995,6.92519416e-06,113.32
9,446,0.136601,6.92317690e-06,113.89
9,448,0.149402,6.92116373e-06,114.54
9,450,0.136504,6.91914647e-06,115.07
9,452,0.113733,6.91713331e-06,115.57
9,454,0.142093,6.91511605e-06,116.07
9,456,0.149911,6.91310470e-06,116.59
9,458,0.149685,6.91108971e-06,117.10
9,460,0.108897,6.90907837e-06,117.70
9,462,0.131137,6.90706747e-06,118.19
9,464,0.143852,6.90505203e-06,118.74
9,466,0.134804,6.90304114e-06,119.19
9,468,0.165846,6.90102615e-06,119.77
9,470,0.178900,6.89901708e-06,120.36
9,472,0.156518,6.89700164e-06,120.83
9,474,0.152686,6.89499257e-06,121.32
9,476,0.143991,6.89297758e-06,121.86
9,478,0.150224,6.89096851e-06,122.35
9,480,0.128377,6.88896171e-06,122.86
9,482,0.142551,6.88694854e-06,123.45
9,484,0.144394,6.88493947e-06,124.00
9,486,0.151080,6.88292630e-06,124.52
9,488,0.133693,6.88091950e-06,125.05
9,490,0.149625,6.87890633e-06,125.56
9,492,0.193691,6.87689953e-06,126.08
9,494,0.158672,6.87489273e-06,126.57
9,496,0.120199,6.87288139e-06,127.04
9,498,0.150804,6.87087686e-06,127.53
9,500,0.159264,6.86886551e-06,128.03
9,502,0.131958,6.86685871e-06,128.49
9,504,0.133234,6.86484964e-06,129.00
9,506,0.151852,6.86284284e-06,129.51
9,508,0.151651,6.86083376e-06,130.00
9,510,0.136418,6.85882924e-06,130.48
9,512,0.154428,6.85682426e-06,130.95
9,514,0.152867,6.85481518e-06,131.41
9,516,0.177433,6.85281248e-06,131.89
9,518,0.150587,6.85080386e-06,132.41
9,520,0.152080,6.84880115e-06,132.85
9,522,0.159630,6.84679208e-06,133.36
9,524,0.132520,6.84478937e-06,133.83
9,526,0.151744,6.84278666e-06,134.31
9,528,0.159563,6.84077986e-06,134.80
9,530,0.165817,6.83877715e-06,135.28
9,532,0.151153,6.83676990e-06,135.80
9,534,0.140701,6.83476947e-06,136.37
9,536,0.161833,6.83276266e-06,136.87
9,538,0.131243,6.83076178e-06,137.38
9,540,0.134671,6.82875725e-06,137.90
9,542,0.142434,6.82675636e-06,138.38
9,544,0.143786,6.82475593e-06,138.87
9,546,0.145420,6.82275095e-06,139.35
9,548,0.160736,6.82075233e-06,139.82
9,550,0.168316,6.81874781e-06,140.28
9,552,0.188243,6.81674919e-06,140.75
9,554,0.139702,6.81474421e-06,141.20
9,556,0.149821,6.81274560e-06,141.71
9,558,0.142869,6.81074744e-06,142.17
9,560,0.161054,6.80874473e-06,142.64
9,562,0.159838,6.80674611e-06,143.12
9,564,0.167291,6.80474341e-06,143.70
9,566,0.146846,6.80274661e-06,144.21
9,568,0.148747,6.80074390e-06,144.77
9,570,0.126024,6.79874756e-06,145.34
9,572,0.156729,6.79674713e-06,145.92
9,574,0.142420,6.79475079e-06,146.41
9,576,0.136603,6.79275399e-06,146.88
9,578,0.150281,6.79075356e-06,147.36
9,580,0.155525,6.78875904e-06,147.86
9,582,0.146689,6.78675860e-06,148.33
9,584,0.153445,6.78476408e-06,148.83
9,586,0.142415,6.78276365e-06,149.32
9,588,0.161221,6.78076913e-06,149.78
9,590,0.147455,6.77877460e-06,150.27
9,592,0.140643,6.77677599e-06,150.81
9,594,0.125475,6.77478192e-06,151.37
9,596,0.150187,6.77278558e-06,151.87
9,598,0.156556,6.77079106e-06,152.42
9,600,0.139358,6.76879245e-06,152.96
9,602,0.153940,6.76680020e-06,153.53
9,604,0.141069,6.76480386e-06,154.10
9,606,0.171181,6.76281161e-06,154.69
9,608,0.146615,6.76081936e-06,155.35
9,610,0.150455,6.75882256e-06,155.82
9,612,0.156318,6.75683259e-06,156.34
9,614,0.161652,6.75483625e-06,156.82
9,616,0.157359,6.75284582e-06,157.36
9,618,0.144459,6.75084948e-06,157.83
9,620,0.138951,6.74885905e-06,158.30
9,622,0.151596,6.74686908e-06,158.80
9,624,0.131079,6.74487455e-06,159.26
9,626,0.154623,6.74288640e-06,159.80
9,628,0.171199,6.74089233e-06,160.27
9,630,0.156295,6.73890190e-06,160.87
9,632,0.128313,6.73690965e-06,161.36
9,634,0.144052,6.73492150e-06,161.88
9,636,0.129984,6.73292698e-06,162.46
9,638,0.132638,6.73093882e-06,163.02
9,640,0.152784,6.72895294e-06,163.49
9,642,0.148730,6.72696069e-06,163.99
9,644,0.146806,6.72497254e-06,164.57
9,646,0.126336,6.72298256e-06,165.04
9,648,0.156582,6.72099441e-06,165.54
9,650,0.144805,6.71900398e-06,166.09
9,652,0.172697,6.71701810e-06,166.66
9,654,0.115359,6.71503221e-06,167.18
9,656,0.130560,6.71304178e-06,167.64
9,658,0.155901,6.71105590e-06,168.18
9,660,0.160113,6.70906547e-06,168.72
9,662,0.151775,6.70708187e-06,169.26
9,664,0.152334,6.70509144e-06,169.76
9,666,0.143235,6.70310737e-06,170.21
9,668,0.132166,6.70111922e-06,170.71
9,670,0.119214,6.69913561e-06,171.15
9,672,0.149523,6.69715155e-06,171.66
9,674,0.149912,6.69516339e-06,172.09
9,676,0.169026,6.69318160e-06,172.60
9,678,0.151914,6.69119345e-06,173.07
9,680,0.145324,6.68921166e-06,173.57
9,682,0.125696,6.68722578e-06,174.08
9,684,0.130692,6.68524353e-06,174.66
9,686,0.169091,6.68326174e-06,175.23
9,688,0.142608,6.68127586e-06,175.85
9,690,0.151941,6.67929407e-06,176.39
9,692,0.157513,6.67730774e-06,176.90
9,694,0.135677,6.67532822e-06,177.41
9,696,0.150543,6.67334234e-06,177.93
9,698,0.165282,6.67136237e-06,178.49
9,700,0.133676,6.66937831e-06,179.02
9,702,0.157607,6.66739879e-06,179.54
9,704,0.133826,6.66541882e-06,180.01
9,706,0.159130,6.66343476e-06,180.50
9,708,0.157792,6.66145752e-06,180.97
9,710,0.144889,6.65947346e-06,181.42
9,712,0.138118,6.65749576e-06,181.85
9,714,0.143705,6.65551397e-06,182.33
9,716,0.140854,6.65353627e-06,182.83
9,718,0.155041,6.65155858e-06,183.28
9,720,0.130300,6.64957679e-06,183.78
9,722,0.151982,6.64759909e-06,184.27
9,724,0.140319,6.64561685e-06,184.75
9,726,0.177379,6.64364143e-06,185.23
9,728,0.150685,6.64166191e-06,185.79
9,730,0.129495,6.63968422e-06,186.27
9,732,0.152618,6.63770425e-06,186.78
9,734,0.164290,6.63572882e-06,187.38
9,736,0.132743,6.63375522e-06,187.88
9,738,0.148063,6.63177525e-06,188.39
9,740,0.125057,6.62979983e-06,188.96
9,742,0.128059,6.62782213e-06,189.42
9,744,0.114357,6.62584671e-06,189.96
9,746,0.144586,6.62386901e-06,190.48
9,748,0.140036,6.62189541e-06,190.94
9,750,0.161883,6.61992181e-06,191.49
9,752,0.137029,6.61794411e-06,192.01
9,754,0.129436,6.61597278e-06,192.48
9,756,0.149383,6.61399508e-06,192.92
9,758,0.172635,6.61202375e-06,193.45
9,760,0.155047,6.61004606e-06,194.01
9,762,0.153798,6.60807427e-06,194.47
9,764,0.160945,6.60609885e-06,194.95
9,766,0.144756,6.60412752e-06,195.43
9,768,0.154395,6.60215619e-06,195.90
9,770,0.154860,6.60018031e-06,196.37
9,772,0.166782,6.59821126e-06,196.83
9,774,0.157171,6.59623538e-06,197.34
9,776,0.144703,6.59426632e-06,197.91
9,778,0.144361,6.59229272e-06,198.46
9,780,0.159878,6.59032321e-06,198.98
9,782,0.139536,6.58835415e-06,199.57
9,784,0.173911,6.58638055e-06,200.05
9,786,0.160994,6.58441331e-06,200.60
9,788,0.161918,6.58243971e-06,201.17
9,790,0.140910,6.58047247e-06,201.69
9,792,0.131944,6.57849887e-06,202.17
9,794,0.136841,6.57653163e-06,202.77
9,796,0.160483,6.57456030e-06,203.29
9,798,0.133800,6.57259307e-06,203.81
9,800,0.164981,6.57062583e-06,204.26
9,802,0.143411,6.56865450e-06,204.76
9,804,0.131817,6.56668908e-06,205.28
9,806,0.146465,6.56471775e-06,205.76
9,808,0.149156,6.56275279e-06,206.29
9,810,0.155853,6.56078328e-06,206.74
9,812,0.139517,6.55881831e-06,207.20
9,814,0.160643,6.55685290e-06,207.73
9,816,0.148374,6.55488338e-06,208.23
9,818,0.174365,6.55292069e-06,208.71
9,820,0.149480,6.55095118e-06,209.19
9,822,0.171045,6.54898804e-06,209.67
9,824,0.135904,6.54701898e-06,210.17
9,826,0.118268,6.54505584e-06,210.69
9,828,0.123241,6.54308860e-06,211.18
9,830,0.130395,6.54112546e-06,211.68
9,832,0.136901,6.53916413e-06,212.23
9,834,0.180458,6.53719690e-06,212.75
9,836,0.143964,6.53523603e-06,213.24
9,838,0.154818,6.53326879e-06,213.70
9,840,0.131988,6.53130792e-06,214.19
9,842,0.127377,6.52934250e-06,214.66
9,844,0.152385,6.52738163e-06,215.19
9,846,0.176745,6.52542076e-06,215.71
9,848,0.145546,6.52345534e-06,216.25
9,850,0.142683,6.52149674e-06,216.78
9,852,0.165923,6.51953133e-06,217.33
9,854,0.157631,6.51757273e-06,217.84
9,856,0.155656,6.51560731e-06,218.32
9,858,0.138016,6.51364871e-06,218.81
9,860,0.152844,6.51168557e-06,219.28
9,862,0.156244,6.50972652e-06,219.80
9,864,0.145127,6.50776974e-06,220.34
9,866,0.152515,6.50580660e-06,220.84
9,868,0.168618,6.50384982e-06,221.34
9,870,0.172831,6.50188667e-06,221.82
9,872,0.138397,6.49992990e-06,222.36
9,874,0.170682,6.49796903e-06,222.87
9,876,0.140168,6.49601225e-06,223.41
9,878,0.143027,6.49405547e-06,223.84
9,880,0.146502,6.49209414e-06,224.32
9,882,0.147997,6.49013964e-06,224.80
9,884,0.153008,6.48817877e-06,225.29
9,886,0.129087,6.48622381e-06,225.77
9,888,0.146512,6.48426476e-06,226.27
9,890,0.134566,6.48231025e-06,226.76
9,892,0.125546,6.48034938e-06,227.29
9,894,0.145210,6.47839670e-06,227.83
9,896,0.139298,6.47644174e-06,228.29
9,898,0.162357,6.47448269e-06,228.78
9,900,0.155525,6.47253046e-06,229.25
9,902,0.137218,6.47057323e-06,229.71
9,904,0.121841,6.46862100e-06,230.20
9,906,0.173202,6.46666194e-06,230.67
9,908,0.131284,6.46471108e-06,231.26
9,910,0.133179,6.46275885e-06,231.83
9,912,0.143380,6.46080161e-06,232.38
9,914,0.148431,6.45885120e-06,232.85
9,916,0.152835,6.45689443e-06,233.34
9,918,0.125525,6.45494401e-06,233.83
9,920,0.105063,6.45298724e-06,234.33
9,922,0.158257,6.45103864e-06,234.81
9,924,0.146715,6.44908187e-06,235.27
9,926,0.150656,6.44713327e-06,235.80
9,928,0.153468,6.44518286e-06,236.28
9,930,0.133565,6.44323018e-06,236.77
9,932,0.158920,6.44127931e-06,237.30
9,934,0.135168,6.43932708e-06,237.79
9,936,0.151802,6.43737849e-06,238.29
9,938,0.125972,6.43542580e-06,238.73
9,940,0.154113,6.43347721e-06,239.18
9,942,0.174468,6.43152862e-06,239.68
9,944,0.139519,6.42957593e-06,240.19
9,946,0.147360,6.42762961e-06,240.71
9,948,0.119646,6.42567693e-06,241.20
9,950,0.136862,6.42373061e-06,241.70
9,952,0.122687,6.42178020e-06,242.17
9,954,0.124477,6.41983388e-06,242.64
9,956,0.116360,6.41788301e-06,243.18
9,958,0.143570,6.41593670e-06,243.63
9,960,0.143967,6.41399265e-06,244.19
9,962,0.137791,6.41204178e-06,244.80
9,964,0.153742,6.41009774e-06,245.31
9,966,0.159704,6.40814687e-06,245.82
9,968,0.143053,6.40620465e-06,246.27
9,970,0.147099,6.40425424e-06,246.71
9,972,0.121816,6.40231201e-06,247.20
9,974,0.143784,6.40036797e-06,247.69
9,976,0.147475,6.39841937e-06,248.16
9,978,0.147292,6.39647715e-06,248.65
9,980,0.171716,6.39452855e-06,249.15
9,982,0.152645,6.39258633e-06,249.62
9,984,0.143123,6.39064001e-06,250.17
9,986,0.137647,6.38869778e-06,250.66
9,988,0.139930,6.38675147e-06,251.15
9,990,0.144479,6.38481106e-06,251.64
9,992,0.164927,6.38286883e-06,252.13
9,994,0.160224,6.38092251e-06,252.61
9,996,0.152192,6.37898256e-06,253.15
9,998,0.150650,6.37703806e-06,253.63
9,1000,0.184756,6.37509811e-06,254.15
9,1002,0.174732,6.37315361e-06,254.68
9,1004,0.159086,6.37121366e-06,255.16
9,1006,0.156874,6.36926916e-06,255.59
9,1008,0.159392,6.36733148e-06,256.04
9,1010,0.147900,6.36539107e-06,256.48
9,1012,0.127984,6.36344885e-06,256.98
9,1014,0.149339,6.36151071e-06,257.46
9,1016,0.167533,6.35956849e-06,257.94
9,1018,0.158218,6.35763081e-06,258.36
9,1020,0.130530,6.35568858e-06,258.84
9,1022,0.147560,6.35375045e-06,259.35
9,1024,0.179738,6.35181459e-06,259.88
9,1026,0.155768,6.34987236e-06,260.38
9,1028,0.131674,6.34793605e-06,260.80
9,1030,0.144853,6.34599610e-06,261.34
9,1032,0.134139,6.34406024e-06,261.82
9,1034,0.134300,6.34211983e-06,262.30
9,1036,0.128483,6.34018397e-06,262.84
9,1038,0.146470,6.33824402e-06,263.35
9,1040,0.155534,6.33630998e-06,263.85
9,1042,0.138796,6.33437639e-06,264.35
9,1044,0.142098,6.33243599e-06,264.84
9,1046,0.155731,6.33050240e-06,265.32
9,1048,0.161510,6.32856427e-06,265.82
9,1050,0.157794,6.32663023e-06,266.29
9,1052,0.127255,6.32469209e-06,266.77
9,1054,0.165033,6.32276033e-06,267.27
9,1056,0.164505,6.32082674e-06,267.76
9,1058,0.093262,6.31889043e-06,268.29
9,1060,0.141672,6.31695866e-06,268.74
9,1062,0.165220,6.31502098e-06,269.23
9,1064,0.159773,6.31309103e-06,269.70
9,1066,0.158899,6.31115518e-06,270.16
9,1068,0.129860,6.30922341e-06,270.69
9,1070,0.162671,6.30728755e-06,271.18
9,1072,0.165710,6.30535760e-06,271.69
9,1074,0.150876,6.30342811e-06,272.23
9,1076,0.153434,6.30149225e-06,272.71
9,1078,0.120834,6.29956230e-06,273.21
9,1080,0.145065,6.29762826e-06,273.75
9,1082,0.157130,6.29569877e-06,274.21
9,1084,0.140260,6.29376700e-06,274.71
9,1086,0.169568,6.29183705e-06,275.20
9,1088,0.154643,6.28990983e-06,275.74
9,1090,0.135852,6.28797579e-06,276.30
9,1092,0.141699,6.28604812e-06,276.80
9,1094,0.148538,6.28411635e-06,277.30
9,1096,0.134311,6.28218868e-06,277.87
9,1098,0.173303,6.28025691e-06,278.32
9,1100,0.135942,6.27833151e-06,278.88
9,1102,0.136723,6.27639974e-06,279.40
9,1104,0.147374,6.27447207e-06,279.86
9,1106,0.130654,6.27254667e-06,280.35
9,1108,0.128038,6.27061672e-06,280.85
9,1110,0.144572,6.26869132e-06,281.29
9,1112,0.142587,6.26676137e-06,281.75
9,1114,0.133386,6.26483597e-06,282.29
9,1116,0.137173,6.26290648e-06,282.79
9,1118,0.139640,6.26098290e-06,283.27
9,1120,0.168423,6.25905932e-06,283.76
9,1122,0.152178,6.25712983e-06,284.25
9,1124,0.153461,6.25520624e-06,284.75
9,1126,0.163137,6.25327857e-06,285.23
9,1128,0.117028,6.25135544e-06,285.71
9,1130,0.148628,6.24942777e-06,286.22
9,1132,0.174622,6.24750646e-06,286.71
9,1134,0.143395,6.24557879e-06,287.19
9,1136,0.136202,6.24365748e-06,287.68
9,1138,0.148090,6.24173617e-06,288.18
9,1140,0.127689,6.23980850e-06,288.68
9,1142,0.141194,6.23788901e-06,289.13
9,1144,0.181905,6.23596361e-06,289.63
9,1146,0.176471,6.23404230e-06,290.12
9,1148,0.136969,6.23211690e-06,290.58
9,1150,0.138021,6.23019741e-06,291.09
9,1152,0.176881,6.22827793e-06,291.61
9,1154,0.151207,6.22635253e-06,292.08
9,1156,0.146030,6.22443349e-06,292.59
9,1158,0.157245,6.22250991e-06,293.12
9,1160,0.152813,6.22059042e-06,293.60
9,1162,0.140499,6.21866729e-06,294.13
9,1164,0.147299,6.21675008e-06,294.67
9,1166,0.139952,6.21482650e-06,295.16
9,1168,0.134753,6.21290928e-06,295.76
9,1170,0.144923,6.21099207e-06,296.26
9,1172,0.143024,6.20907076e-06,296.81
9,1174,0.164217,6.20715355e-06,297.32
9,1176,0.134167,6.20523224e-06,297.82
9,1178,0.143309,6.20331502e-06,298.27
9,1180,0.148403,6.20139599e-06,298.80
9,1182,0.155886,6.19947878e-06,299.31
9,1184,0.159602,6.19756338e-06,299.81
9,1186,0.143576,6.19564435e-06,300.32
9,1188,0.153431,6.19372940e-06,300.87
9,1190,0.175494,6.19180992e-06,301.34
9,1192,0.136442,6.18989498e-06,301.84
9,1194,0.140930,6.18797549e-06,302.30
9,1196,0.137292,6.18606236e-06,302.83
9,1198,0.129208,6.18414333e-06,303.33
9,1200,0.143072,6.18223021e-06,303.82
9,1202,0.154593,6.18031709e-06,304.30
9,1204,0.141847,6.17839987e-06,304.82
9,1206,0.133272,6.17648720e-06,305.33
9,1208,0.164405,6.17456999e-06,305.80
9,1210,0.135892,6.17265914e-06,306.30
9,1212,0.143640,6.17074193e-06,306.78
9,1214,0.154101,6.16883108e-06,307.28
9,1216,0.168986,6.16691977e-06,307.72
9,1218,0.153786,6.16500256e-06,308.20
9,1220,0.171964,6.16309399e-06,308.68
9,1222,0.149195,6.16117859e-06,309.16
9,1224,0.156383,6.15926774e-06,309.68
9,1226,0.151564,6.15735280e-06,310.17
9,1228,0.149480,6.15544377e-06,310.62
9,1230,0.158702,6.15352883e-06,311.06
9,1232,0.145173,6.15161980e-06,311.51
9,1234,0.171712,6.14971123e-06,311.99
9,1236,0.162284,6.14779810e-06,312.46
9,1238,0.129925,6.14588953e-06,312.93
9,1240,0.164814,6.14397641e-06,313.46
9,1242,0.140018,6.14206965e-06,313.99
9,1244,0.144830,6.14015653e-06,314.48
9,1246,0.127161,6.13824977e-06,315.02
9,1248,0.166300,6.13634302e-06,315.61
9,1250,0.149374,6.13443217e-06,316.12
9,1252,0.164396,6.13252541e-06,316.70
9,1254,0.163688,6.13061457e-06,317.24
9,1256,0.130568,6.12870963e-06,317.74
9,1258,0.156756,6.12679878e-06,318.24
9,1260,0.141208,6.12489430e-06,318.75
9,1262,0.132848,6.12298345e-06,319.30
9,1264,0.156512,6.12107851e-06,319.82
9,1266,0.155524,6.11917403e-06,320.31
9,1268,0.132807,6.11726500e-06,320.76
9,1270,0.144544,6.11536052e-06,321.23
9,1272,0.145212,6.11345376e-06,321.72
9,1274,0.153150,6.11154883e-06,322.23
9,1276,0.154054,6.10964207e-06,322.81
9,1278,0.204659,6.10773759e-06,323.38
9,1280,0.151789,6.10583493e-06,323.88
9,1282,0.140896,6.10392817e-06,324.41
9,1284,0.150227,6.10202778e-06,324.93
9,1286,0.138596,6.10012103e-06,325.43
9,1288,0.154943,6.09821836e-06,325.96
9,1290,0.132834,6.09631161e-06,326.47
9,1292,0.160252,6.09441122e-06,326.95
9,1294,0.141620,6.09250674e-06,327.48
9,1296,0.119256,6.09060589e-06,328.10
9,1298,0.169485,6.08870550e-06,328.59
9,1300,0.174216,6.08680102e-06,329.10
9,1302,0.129425,6.08490018e-06,329.64
9,1304,0.158288,6.08299797e-06,330.12
9,1306,0.134621,6.08109713e-06,330.63
9,1308,0.159798,6.07919492e-06,331.18
9,1310,0.161189,6.07729635e-06,331.77
9,1312,0.147178,6.07539778e-06,332.34
9,1314,0.137040,6.07349511e-06,332.82
9,1316,0.136738,6.07159700e-06,333.38
9,1318,0.125806,6.06969434e-06,333.87
9,1320,0.126700,6.06779804e-06,334.36
9,1322,0.147955,6.06589538e-06,334.88
9,1324,0.162699,6.06399908e-06,335.42
9,1326,0.158540,6.06209869e-06,335.97
9,1328,0.162841,6.06020240e-06,336.48
9,1330,0.126400,6.05830610e-06,337.00
9,1332,0.143887,6.05640525e-06,337.57
9,1334,0.124267,6.05450896e-06,338.05
9,1336,0.148006,6.05261084e-06,338.48
9,1338,0.151293,6.05071455e-06,338.96
9,1340,0.155003,6.04881598e-06,339.46
9,1342,0.160997,6.04692195e-06,339.94
9,1344,0.156914,6.04502748e-06,340.44
9,1346,0.166857,6.04312891e-06,340.92
9,1348,0.146053,6.04123488e-06,341.43
9,1350,0.125125,6.03933859e-06,341.91
9,1352,0.143286,6.03744411e-06,342.43
9,1354,0.149294,6.03554781e-06,342.95
9,1356,0.127148,6.03365606e-06,343.45
9,1358,0.102664,6.03175749e-06,343.94
9,1360,0.140617,6.02986529e-06,344.38
9,1362,0.148531,6.02797536e-06,344.83
9,1364,0.149819,6.02607906e-06,345.31
9,1366,0.165126,6.02418686e-06,345.77
9,1368,0.164104,6.02229238e-06,346.27
9,1370,0.136623,6.02040245e-06,346.74
9,1372,0.146833,6.01850616e-06,347.24
9,1374,0.135484,6.01661623e-06,347.72
9,1376,0.156270,6.01472584e-06,348.20
9,1378,0.161730,6.01283182e-06,348.69
9,1380,0.142559,6.01094371e-06,349.23
9,1382,0.134550,6.00904968e-06,349.76
9,1384,0.159003,6.00716157e-06,350.30
9,1386,0.160314,6.00526755e-06,350.81
9,1388,0.136759,6.00337944e-06,351.37
9,1390,0.148435,6.00148724e-06,351.87
9,1392,0.135729,5.99959913e-06,352.36
9,1394,0.124724,5.99771329e-06,352.82
9,1396,0.128672,5.99582108e-06,353.30
9,1398,0.146629,5.99393343e-06,353.78
9,1400,0.155370,5.99204304e-06,354.28
9,1402,0.133360,5.99015721e-06,354.72
9,1404,0.156148,5.98826728e-06,355.22
9,1406,0.143462,5.98638144e-06,355.69
9,1408,0.147462,5.98449560e-06,356.11
9,1410,0.138025,5.98260522e-06,356.59
9,1412,0.128953,5.98071938e-06,357.07
9,1414,0.135657,5.97883172e-06,357.55
9,1416,0.160395,5.97694770e-06,358.06
9,1418,0.155003,5.97505777e-06,358.57
9,1420,0.127352,5.97317376e-06,359.03
9,1422,0.152810,5.97128565e-06,359.47
9,1424,0.153567,5.96940208e-06,359.91
9,1426,0.157536,5.96752034e-06,360.37
9,1428,0.123752,5.96563223e-06,360.92
9,1430,0.154981,5.96375048e-06,361.39
9,1432,0.155384,5.96186283e-06,361.87
9,1434,0.152675,5.95998108e-06,362.31
9,1436,0.161555,5.95809524e-06,362.82
9,1438,0.121759,5.95621350e-06,363.28
9,1440,0.137764,5.95433175e-06,363.83
9,1442,0.122586,5.95244774e-06,364.30
9,1444,0.160846,5.95056599e-06,364.79
9,1446,0.161558,5.94868243e-06,365.30
9,1448,0.170997,5.94680068e-06,365.82
9,1450,0.128046,5.94491667e-06,366.28
9,1452,0.131457,5.94303719e-06,366.79
9,1454,0.151855,5.94115318e-06,367.28
9,1456,0.128195,5.93927371e-06,367.73
9,1458,0.143274,5.93739605e-06,368.27
9,1460,0.130213,5.93551249e-06,368.77
9,1462,0.139950,5.93363484e-06,369.22
9,1464,0.156488,5.93175309e-06,369.70
9,1466,0.159345,5.92987544e-06,370.28
9,1468,0.153498,5.92799188e-06,370.73
9,1470,0.175306,5.92611605e-06,371.21
9,1472,0.141679,5.92423885e-06,371.72
9,1474,0.133434,5.92235710e-06,372.23
9,1476,0.152518,5.92048173e-06,372.78
9,1478,0.123250,5.91859998e-06,373.29
9,1480,0.143612,5.91672415e-06,373.79
9,1482,0.170103,5.91484468e-06,374.30
9,1484,0.191910,5.91296930e-06,374.85
9,1486,0.157142,5.91108983e-06,375.41
9,1488,0.149841,5.90921627e-06,375.87
9,1490,0.148643,5.90734089e-06,376.43
9,1492,0.140672,5.90546324e-06,376.94
9,1494,0.138960,5.90358786e-06,377.45
9,1496,0.150556,5.90171021e-06,377.88
9,1498,0.165686,5.89983665e-06,378.44
9,1500,0.133345,5.89795945e-06,378.92
9,1502,0.153468,5.89608590e-06,379.40
9,1504,0.156344,5.89421461e-06,379.89
9,1506,0.131186,5.89233696e-06,380.41
9,1508,0.128336,5.89046567e-06,380.90
9,1510,0.129740,5.88858848e-06,381.37
9,1512,0.159199,5.88671719e-06,381.85
9,1514,0.126769,5.88484136e-06,382.35
9,1516,0.157567,5.88297235e-06,382.85
9,1518,0.140155,5.88109697e-06,383.30
9,1520,0.158467,5.87922568e-06,383.81
9,1522,0.137905,5.87735622e-06,384.39
9,1524,0.125824,5.87548084e-06,384.92
9,1526,0.142331,5.87361183e-06,385.54
9,1528,0.164565,5.87173827e-06,386.02
9,1530,0.149797,5.86986926e-06,386.55
9,1532,0.157128,5.86799570e-06,387.03
9,1534,0.154141,5.86612668e-06,387.57
9,1536,0.135190,5.86425540e-06,388.05
9,1538,0.147266,5.86238593e-06,388.59
9,1540,0.157558,5.86051920e-06,389.06
9,1542,0.133495,5.85864746e-06,389.53
9,1544,0.143797,5.85678072e-06,390.04
9,1546,0.150139,5.85490943e-06,390.55
9,1548,0.143578,5.85304224e-06,391.09
9,1550,0.144579,5.85117095e-06,391.54
9,1552,0.131499,5.84930604e-06,392.02
9,1554,0.168390,5.84743884e-06,392.54
9,1556,0.178052,5.84556938e-06,393.03
9,1558,0.149761,5.84370446e-06,393.51
9,1560,0.152715,5.84183545e-06,393.97
9,1562,0.179817,5.83997007e-06,394.45
9,1564,0.149130,5.83810106e-06,394.96
9,1566,0.155831,5.83623796e-06,395.42
9,1568,0.147691,5.83436895e-06,395.90
9,1570,0.107579,5.83250585e-06,396.40
9,1572,0.136131,5.83064320e-06,396.90
9,1574,0.157520,5.82877374e-06,397.39
9,1576,0.143337,5.82691109e-06,397.83
9,1578,0.148720,5.82504390e-06,398.27
9,1580,0.173676,5.82318307e-06,398.77
9,1582,0.160157,5.82131588e-06,399.24
9,1584,0.134636,5.81945505e-06,399.73
9,1586,0.148604,5.81759195e-06,400.21
9,1588,0.145860,5.81572704e-06,400.68
9,1590,0.151647,5.81386621e-06,401.17
9,1592,0.139421,5.81200129e-06,401.60
9,1594,0.164387,5.81014001e-06,402.08
9,1596,0.151208,5.80827736e-06,402.54
9,1598,0.149118,5.80641654e-06,402.99
9,1600,0.150814,5.80455344e-06,403.45
9,1602,0.151764,5.80269261e-06,403.88
9,1604,0.144950,5.80083406e-06,404.38
9,1606,0.132189,5.79897096e-06,404.94
9,1608,0.146928,5.79711195e-06,405.42
9,1610,0.137625,5.79524931e-06,405.98
9,1612,0.137440,5.79339257e-06,406.48
9,1614,0.156020,5.79152947e-06,406.94
9,1616,0.135739,5.78967274e-06,407.39
9,1618,0.152537,5.78781601e-06,407.91
9,1620,0.142093,5.78595518e-06,408.43
9,1622,0.135654,5.78409845e-06,408.91
9,1624,0.136853,5.78223762e-06,409.40
9,1626,0.138022,5.78038134e-06,409.92
9,1628,0.141557,5.77852006e-06,410.38
9,1630,0.126616,5.77666560e-06,410.97
9,1632,0.162684,5.77480478e-06,411.52
9,1634,0.154938,5.77295032e-06,411.98
9,1636,0.151010,5.77109540e-06,412.50
9,1638,0.135007,5.76923685e-06,412.99
9,1640,0.161259,5.76738239e-06,413.47
9,1642,0.155427,5.76552566e-06,413.99
9,1644,0.138273,5.76367074e-06,414.50
9,1646,0.145819,5.76181446e-06,414.99
9,1648,0.150960,5.75995955e-06,415.50
9,1650,0.151702,5.75810736e-06,416.01
9,1652,0.163302,5.75625063e-06,416.50
9,1654,0.153139,5.75439799e-06,416.98
9,1656,0.150745,5.75254353e-06,417.45
9,1658,0.134801,5.75069089e-06,417.94
9,1660,0.126747,5.74883416e-06,418.49
9,1662,0.148268,5.74698379e-06,419.01
9,1664,0.142628,5.74512933e-06,419.54
9,1666,0.135171,5.74327851e-06,420.03
9,1668,0.112647,5.74142814e-06,420.50
9,1670,0.164683,5.73957368e-06,421.05
9,1672,0.149686,5.73772331e-06,421.57
9,1674,0.157109,5.73586885e-06,422.01
9,1676,0.129395,5.73402031e-06,422.50
9,1678,0.141512,5.73216585e-06,422.96
9,1680,0.152521,5.73031730e-06,423.49
9,1682,0.154186,5.72846920e-06,423.98
9,1684,0.150375,5.72661656e-06,424.47
9,1686,0.138184,5.72477029e-06,424.94
9,1688,0.139571,5.72291765e-06,425.41
9,1690,0.151158,5.72106956e-06,425.93
9,1692,0.150573,5.71921919e-06,426.42
9,1694,0.162439,5.71737291e-06,426.90
9,1696,0.140583,5.71552027e-06,427.33
9,1698,0.143180,5.71367400e-06,427.90
9,1700,0.153577,5.71182773e-06,428.42
9,1702,0.143753,5.70997918e-06,428.87
9,1704,0.151526,5.70813336e-06,429.37
9,1706,0.161214,5.70628254e-06,429.86
9,1708,0.151675,5.70443854e-06,430.33
9,1710,0.144174,5.70258999e-06,430.78
9,1712,0.137107,5.70074599e-06,431.25
9,1714,0.146238,5.69890199e-06,431.80
9,1716,0.152829,5.69705344e-06,432.33
9,1718,0.173058,5.69520944e-06,432.81
9,1720,0.154451,5.69336089e-06,433.30
9,1722,0.114601,5.69151871e-06,433.74
9,1724,0.144986,5.68967289e-06,434.29
9,1726,0.132994,5.68782843e-06,434.82
9,1728,0.148835,5.68598216e-06,435.37
9,1730,0.151071,5.68413998e-06,435.83
9,1732,0.151961,5.68230007e-06,436.29
9,1734,0.127033,5.68045380e-06,436.79
9,1736,0.138600,5.67861207e-06,437.21
9,1738,0.130923,5.67676761e-06,437.67
9,1740,0.174586,5.67492771e-06,438.14
9,1742,0.127522,5.67308143e-06,438.65
9,1744,0.162512,5.67124152e-06,439.17
9,1746,0.143310,5.66940344e-06,439.60
9,1748,0.140962,5.66755944e-06,440.06
9,1750,0.156061,5.66571953e-06,440.58
9,1752,0.149664,5.66387735e-06,441.02
9,1754,0.146900,5.66203744e-06,441.49
9,1756,0.119976,5.66019526e-06,441.92
9,1758,0.143862,5.65835717e-06,442.41
9,1760,0.137437,5.65651499e-06,442.93
9,1762,0.138837,5.65467735e-06,443.40
9,1764,0.128105,5.65283926e-06,443.88
9,1766,0.160614,5.65099936e-06,444.35
9,1768,0.157865,5.64916127e-06,444.83
9,1770,0.181703,5.64732136e-06,445.32
9,1772,0.168622,5.64548554e-06,445.75
9,1774,0.162643,5.64364336e-06,446.24
9,1776,0.166106,5.64180982e-06,446.72
9,1778,0.154741,5.63997401e-06,447.19
9,1780,0.162900,5.63813410e-06,447.67
9,1782,0.142060,5.63630010e-06,448.13
9,1784,0.139051,5.63446019e-06,448.64
9,1786,0.148942,5.63262665e-06,449.14
9,1788,0.159974,5.63078856e-06,449.63
9,1790,0.158837,5.62895502e-06,450.11
9,1792,0.156522,5.62711693e-06,450.59
9,1794,0.142285,5.62528339e-06,451.08
9,1796,0.122849,5.62344940e-06,451.52
9,1798,0.113983,5.62161358e-06,452.02
9,1800,0.147653,5.61978186e-06,452.51
9,1802,0.156605,5.61794423e-06,453.00
9,1804,0.158689,5.61611250e-06,453.43
9,1806,0.139340,5.61427669e-06,453.94
9,1808,0.124578,5.61244497e-06,454.45
9,1810,0.129521,5.61061552e-06,454.93
9,1812,0.164290,5.60877970e-06,455.46
9,1814,0.151389,5.60695025e-06,455.94
9,1816,0.131563,5.60511444e-06,456.42
9,1818,0.138208,5.60328454e-06,456.88
9,1820,0.136213,5.60145099e-06,457.39
9,1822,0.140233,5.59962155e-06,457.90
9,1824,0.158700,5.59778755e-06,458.40
9,1826,0.145386,5.59596037e-06,458.91
9,1828,0.146495,5.59413047e-06,459.43
9,1830,0.178116,5.59229875e-06,459.91
9,1832,0.163891,5.59046930e-06,460.41
9,1834,0.149826,5.58863758e-06,460.91
9,1836,0.143674,5.58681040e-06,461.39
9,1838,0.127424,5.58497868e-06,461.86
9,1840,0.186424,5.58315332e-06,462.39
9,1842,0.138396,5.58132569e-06,462.90
9,1844,0.148944,5.57949397e-06,463.38
9,1846,0.170600,5.57766862e-06,463.83
9,1848,0.177633,5.57583917e-06,464.27
9,1850,0.157640,5.57401381e-06,464.74
9,1852,0.153135,5.57218436e-06,465.20
9,1854,0.146126,5.57035901e-06,465.68
9,1856,0.137632,5.56852910e-06,466.18
9,1858,0.151863,5.56670602e-06,466.70
9,1860,0.134954,5.56488067e-06,467.18
9,1862,0.151597,5.56305304e-06,467.78
9,1864,0.137727,5.56122995e-06,468.31
9,1866,0.143197,5.55940233e-06,468.88
9,1868,0.134267,5.55757879e-06,469.32
9,1870,0.142264,5.55575161e-06,469.83
9,1872,0.156509,5.55392808e-06,470.37
9,1874,0.152158,5.55210681e-06,470.90
9,1876,0.144256,5.55027964e-06,471.39
9,1878,0.153486,5.54845838e-06,471.91
9,1880,0.140982,5.54663302e-06,472.40
9,1882,0.138964,5.54481176e-06,472.87
9,1884,0.138920,5.54298640e-06,473.39
9,1886,0.138377,5.54116514e-06,473.95
9,1888,0.148618,5.53934160e-06,474.52
9,1890,0.133312,5.53752034e-06,475.04
9,1892,0.178226,5.53570135e-06,475.55
9,1894,0.167299,5.53387827e-06,476.03
9,1896,0.189949,5.53205882e-06,476.49
9,1898,0.144938,5.53023574e-06,476.96
9,1900,0.148508,5.52841630e-06,477.45
9,1902,0.131155,5.52659321e-06,477.95
9,1904,0.141029,5.52477604e-06,478.49
9,1906,0.148540,5.52295705e-06,479.06
9,1908,0.137193,5.52113579e-06,479.61
9,1910,0.148653,5.51931862e-06,480.12
9,1912,0.132815,5.51749736e-06,480.70
9,1914,0.161966,5.51568064e-06,481.18
9,1916,0.143221,5.51385938e-06,481.75
9,1918,0.118696,5.51204448e-06,482.28
9,1920,0.156206,5.51022322e-06,482.77
9,1922,0.143088,5.50840832e-06,483.22
9,1924,0.156630,5.50659115e-06,483.68
9,1926,0.175182,5.50477171e-06,484.18
9,1928,0.161341,5.50295681e-06,484.64
9,1930,0.151144,5.50113782e-06,485.08
9,1932,0.141844,5.49932474e-06,485.56
9,1934,0.123648,5.49750575e-06,486.03
9,1936,0.177678,5.49569313e-06,486.48
9,1938,0.138709,5.49387778e-06,486.92
9,1940,0.135966,5.49206106e-06,487.41
9,1942,0.163599,5.49024799e-06,487.88
9,1944,0.162011,5.48843082e-06,488.42
9,1946,0.158181,5.48661819e-06,488.90
9,1948,0.153112,5.48480330e-06,489.37
9,1950,0.144358,5.48299022e-06,489.88
9,1952,0.122124,5.48117532e-06,490.37
9,1954,0.159904,5.47936452e-06,490.86
9,1956,0.165317,5.47755371e-06,491.41
9,1958,0.141428,5.47573654e-06,491.91
9,1960,0.157082,5.47392801e-06,492.39
9,1962,0.147770,5.47211312e-06,492.93
9,1964,0.148456,5.47030231e-06,493.48
9,1966,0.181746,5.46848923e-06,494.04
9,1968,0.139163,5.46667843e-06,494.60
9,1970,0.143180,5.46486990e-06,495.16
9,1972,0.177112,5.46305682e-06,495.67
9,1974,0.142940,5.46124829e-06,496.19
9,1976,0.166857,5.45943522e-06,496.70
9,1978,0.177191,5.45762896e-06,497.16
9,1980,0.155359,5.45581588e-06,497.67
9,1982,0.153668,5.45400917e-06,498.16
9,1984,0.135061,5.45219655e-06,498.70
9,1986,0.167877,5.45038984e-06,499.18
9,1988,0.184569,5.44858312e-06,499.69
9,1990,0.155911,5.44677232e-06,500.15
9,1992,0.136329,5.44496788e-06,500.70
9,1994,0.126744,5.44315708e-06,501.22
9,1996,0.186321,5.44135037e-06,501.72
9,1998,0.164689,5.43954184e-06,502.26
9,2000,0.154283,5.43773740e-06,502.75
9,2002,0.139168,5.43593251e-06,503.31
9,2004,0.154200,5.43412398e-06,503.82
9,2006,0.148268,5.43231954e-06,504.29
9,2008,0.135651,5.43051101e-06,504.82
9,2010,0.147081,5.42870839e-06,505.29
9,2012,0.130657,5.42689986e-06,505.84
9,2014,0.139018,5.42509724e-06,506.29
9,2016,0.134937,5.42329053e-06,506.82
9,2018,0.138714,5.42148791e-06,507.29
9,2020,0.161359,5.41968575e-06,507.81
9,2022,0.132644,5.41787904e-06,508.31
9,2024,0.127563,5.41607642e-06,508.87
9,2026,0.128302,5.41427198e-06,509.38
9,2028,0.142067,5.41246982e-06,509.97
9,2030,0.150234,5.41066493e-06,510.46
9,2032,0.142741,5.40886458e-06,510.94
9,2034,0.132147,5.40706424e-06,511.41
9,2036,0.133041,5.40525980e-06,511.87
9,2038,0.137001,5.40345945e-06,512.32
9,2040,0.131305,5.40165729e-06,512.89
9,2042,0.150938,5.39985649e-06,513.34
9,2044,0.138251,5.39805433e-06,513.88
9,2046,0.152078,5.39625580e-06,514.36
9,2048,0.132679,5.39445364e-06,514.81
9,2050,0.141132,5.39265511e-06,515.27
9,2052,0.149298,5.39085704e-06,515.79
9,2054,0.145287,5.38905442e-06,516.34
9,2056,0.161746,5.38725817e-06,516.84
9,2058,0.154634,5.38545601e-06,517.38
9,2060,0.170580,5.38365975e-06,517.89
9,2062,0.122992,5.38185941e-06,518.40
9,2064,0.148615,5.38006316e-06,518.88
9,2066,0.145138,5.37826691e-06,519.35
9,2068,0.149114,5.37646656e-06,519.91
9,2070,0.144614,5.37467258e-06,520.43
9,2072,0.154282,5.37287224e-06,520.93
9,2074,0.145341,5.37107826e-06,521.49
9,2076,0.154934,5.36927791e-06,522.00
9,2078,0.160785,5.36748348e-06,522.68
9,2080,0.147592,5.36568541e-06,523.32
9,2082,0.148929,5.36389325e-06,523.87
9,2084,0.149090,5.36209927e-06,524.39
9,2086,0.133880,5.36030120e-06,524.87
9,2088,0.153378,5.35850904e-06,525.31
9,2090,0.136811,5.35671052e-06,525.80
9,2092,0.133569,5.35491881e-06,526.27
9,2094,0.149127,5.35312256e-06,526.83
9,2096,0.145304,5.35133040e-06,527.41
9,2098,0.157112,5.34953642e-06,527.95
9,2100,0.175116,5.34774426e-06,528.44
9,2102,0.140159,5.34595438e-06,528.93
9,2104,0.144450,5.34415813e-06,529.46
9,2106,0.140413,5.34236824e-06,530.00
9,2108,0.152071,5.34057426e-06,530.49
9,2110,0.140536,5.33878438e-06,530.99
9,2112,0.122166,5.33699040e-06,531.46
9,2114,0.124238,5.33520006e-06,531.92
9,2116,0.133179,5.33341245e-06,532.41
9,2118,0.163648,5.33161847e-06,532.90
9,2120,0.163445,5.32983040e-06,533.37
9,2122,0.155855,5.32803870e-06,533.87
9,2124,0.154162,5.32625063e-06,534.35
9,2126,0.162712,5.32445847e-06,534.83
9,2128,0.167706,5.32267086e-06,535.30
9,2130,0.147194,5.32087870e-06,535.79
9,2132,0.160873,5.31909291e-06,536.29
9,2134,0.144455,5.31730529e-06,536.73
9,2136,0.160876,5.31551541e-06,537.27
9,2138,0.142073,5.31372962e-06,537.77
9,2140,0.137902,5.31193973e-06,538.26
9,2142,0.146869,5.31015394e-06,538.74
9,2144,0.158146,5.30836405e-06,539.25
9,2146,0.192889,5.30658008e-06,539.79
9,2148,0.141449,5.30479429e-06,540.30
9,2150,0.150604,5.30300667e-06,540.78
9,2152,0.143388,5.30122315e-06,541.32
9,2154,0.151671,5.29943509e-06,541.83
9,2156,0.136803,5.29765157e-06,542.35
9,2158,0.161703,5.29586350e-06,542.88
9,2160,0.138485,5.29407998e-06,543.38
9,2162,0.144370,5.29229419e-06,543.90
9,2164,0.146746,5.29051067e-06,544.39
9,2166,0.130571,5.28872897e-06,544.88
9,2168,0.125907,5.28694318e-06,545.33
9,2170,0.156531,5.28516148e-06,545.82
9,2172,0.129897,5.28337569e-06,546.31
9,2174,0.152737,5.28159444e-06,546.77
9,2176,0.115840,5.27981047e-06,547.28
9,2178,0.155901,5.27802877e-06,547.75
9,2180,0.129861,5.27624934e-06,548.29
9,2182,0.154299,5.27446582e-06,548.85
9,2184,0.136731,5.27268639e-06,549.35
9,2186,0.152906,5.27090288e-06,549.89
9,2188,0.130021,5.26912299e-06,550.44
9,2190,0.139073,5.26733947e-06,550.94
9,2192,0.123613,5.26556187e-06,551.43
9,2194,0.157122,5.26377835e-06,551.91
9,2196,0.154756,5.26200120e-06,552.49
9,2198,0.142778,5.26022359e-06,552.97
9,2200,0.143328,5.25844189e-06,553.51
9,2202,0.130398,5.25666474e-06,554.00
9,2204,0.171121,5.25488304e-06,554.47
9,2206,0.157284,5.25310543e-06,554.96
9,2208,0.165234,5.25132600e-06,555.40
9,2210,0.144448,5.24954885e-06,555.93
9,2212,0.176859,5.24777352e-06,556.37
9,2214,0.133124,5.24599409e-06,556.87
9,2216,0.132199,5.24421876e-06,557.35
9,2218,0.114524,5.24243887e-06,557.82
9,2220,0.153992,5.24066581e-06,558.35
9,2222,0.150354,5.23888639e-06,558.79
9,2224,0.186908,5.23711287e-06,559.27
9,2226,0.133967,5.23533345e-06,559.77
9,2228,0.164427,5.23356039e-06,560.27
9,2230,0.157041,5.23178733e-06,560.76
9,2232,0.126745,5.23000972e-06,561.24
9,2234,0.147679,5.22823848e-06,561.72
9,2236,0.147914,5.22646133e-06,562.19
9,2238,0.154913,5.22468781e-06,562.72
9,2240,0.164035,5.22291248e-06,563.18
9,2242,0.148225,5.22114124e-06,563.75
9,2244,0.151406,5.21937045e-06,564.22
9,2246,0.147255,5.21759512e-06,564.75
9,2248,0.151895,5.21582388e-06,565.25
9,2250,0.106307,5.21404854e-06,565.75
9,2252,0.155951,5.21227958e-06,566.31
9,2254,0.181920,5.21050424e-06,566.80
9,2256,0.151774,5.20873482e-06,567.37
9,2258,0.175972,5.20696176e-06,567.88
9,2260,0.166422,5.20519279e-06,568.39
9,2262,0.152944,5.20342383e-06,568.92
9,2264,0.160654,5.20165031e-06,569.39
9,2266,0.155041,5.19988134e-06,569.94
9,2268,0.180129,5.19811010e-06,570.44
9,2270,0.133390,5.19634114e-06,570.97
9,2272,0.163031,5.19456989e-06,571.40
9,2274,0.139681,5.19280320e-06,571.89
9,2276,0.175068,5.19103605e-06,572.38
9,2278,0.133407,5.18926481e-06,572.93
9,2280,0.143631,5.18749766e-06,573.40
9,2282,0.146735,5.18572870e-06,573.92
9,2284,0.145920,5.18396200e-06,574.45
9,2286,0.127023,5.18219258e-06,574.94
9,2288,0.151504,5.18042771e-06,575.52
9,2290,0.152235,5.17865874e-06,576.10
9,2292,0.138130,5.17689386e-06,576.61
9,2294,0.156550,5.17512899e-06,577.17
9,2296,0.140095,5.17336184e-06,577.79
9,2298,0.135397,5.17159697e-06,578.30
9,2300,0.160979,5.16983027e-06,578.76
9,2302,0.153470,5.16806540e-06,579.31
9,2304,0.157974,5.16629825e-06,579.80
9,2306,0.155492,5.16453565e-06,580.26
9,2308,0.137556,5.16277260e-06,580.77
9,2310,0.145379,5.16100772e-06,581.33
9,2312,0.153931,5.15924512e-06,581.81
9,2314,0.166835,5.15748025e-06,582.34
9,2316,0.156052,5.15571719e-06,582.84
9,2318,0.158323,5.15395232e-06,583.35
9,2320,0.151441,5.15219153e-06,583.83
9,2322,0.140096,5.15042666e-06,584.29
9,2324,0.145392,5.14866588e-06,584.85
9,2326,0.154193,5.14690737e-06,585.41
9,2328,0.149574,5.14514250e-06,585.85
9,2330,0.162238,5.14338399e-06,586.31
9,2332,0.125760,5.14162093e-06,586.79
9,2334,0.162054,5.13986015e-06,587.36
9,2336,0.143096,5.13809755e-06,587.85
9,2338,0.142434,5.13634086e-06,588.33
9,2340,0.155644,5.13458235e-06,588.85
9,2342,0.154645,5.13281975e-06,589.32
9,2344,0.152340,5.13106306e-06,589.87
9,2346,0.160941,5.12930001e-06,590.34
9,2348,0.154958,5.12754377e-06,590.78
9,2350,0.143150,5.12578299e-06,591.28
9,2352,0.174089,5.12402630e-06,591.73
9,2354,0.135767,5.12226552e-06,592.21
9,2356,0.156917,5.12051110e-06,592.79
9,2358,0.118493,5.11875442e-06,593.29
9,2360,0.131605,5.11699591e-06,593.78
9,2362,0.141605,5.11524149e-06,594.35
9,2364,0.125201,5.11348071e-06,594.87
9,2366,0.164149,5.11172857e-06,595.42
9,2368,0.184220,5.10996961e-06,595.93
9,2370,0.139617,5.10821519e-06,596.39
9,2372,0.132264,5.10646078e-06,596.91
9,2374,0.123037,5.10470454e-06,597.44
9,2376,0.134934,5.10295195e-06,597.96
9,2378,0.152320,5.10119344e-06,598.49
9,2380,0.128248,5.09944084e-06,599.03
9,2382,0.111926,5.09768461e-06,599.51
9,2384,0.152913,5.09593428e-06,600.06
9,2386,0.140884,5.09417760e-06,600.63
9,2388,0.182341,5.09242500e-06,601.11
9,2390,0.177355,5.09067468e-06,601.65
9,2392,0.130050,5.08892026e-06,602.14
9,2394,0.157309,5.08716994e-06,602.64
9,2396,0.156135,5.08541552e-06,603.12
9,2398,0.167949,5.08366520e-06,603.67
9,2400,0.166726,5.08191079e-06,604.18
9,2402,0.128063,5.08016046e-06,604.68
9,2404,0.149599,5.07841241e-06,605.13
9,2406,0.127908,5.07666027e-06,605.63
9,2408,0.144274,5.07490995e-06,606.14
9,2410,0.143157,5.07315735e-06,606.62
9,2412,0.165101,5.07140930e-06,607.19
9,2414,0.134384,5.06965898e-06,607.75
9,2416,0.134096,5.06791048e-06,608.31
9,2418,0.151214,5.06615834e-06,608.86
9,2420,0.174980,5.06441211e-06,609.40
9,2422,0.155231,5.06266588e-06,609.94
9,2424,0.151994,5.06091601e-06,610.46
9,2426,0.149856,5.05916978e-06,610.93
9,2428,0.143721,5.05741946e-06,611.42
9,2430,0.156776,5.05567323e-06,611.90
9,2432,0.133001,5.05392291e-06,612.47
9,2434,0.158209,5.05217895e-06,612.98
9,2436,0.175615,5.05043499e-06,613.44
9,2438,0.203849,5.04868467e-06,613.92
9,2440,0.139144,5.04694071e-06,614.37
9,2442,0.141703,5.04519448e-06,614.81
9,2444,0.138017,5.04345053e-06,615.36
9,2446,0.154595,5.04170202e-06,615.82
9,2448,0.132973,5.03996034e-06,616.32
9,2450,0.137128,5.03821229e-06,616.78
9,2452,0.136938,5.03647016e-06,617.22
9,2454,0.141944,5.03472802e-06,617.65
9,2456,0.156692,5.03298224e-06,618.16
9,2458,0.154206,5.03124011e-06,618.64
9,2460,0.132813,5.02949388e-06,619.12
9,2462,0.136011,5.02775401e-06,619.63
9,2464,0.153974,5.02600824e-06,620.09
9,2466,0.145866,5.02426838e-06,620.68
9,2468,0.164295,5.02252851e-06,621.20
9,2470,0.134103,5.02078410e-06,621.71
9,2472,0.157578,5.01904424e-06,622.20
9,2474,0.168439,5.01730028e-06,622.77
9,2476,0.149388,5.01556042e-06,623.27
9,2478,0.120462,5.01381874e-06,623.78
9,2480,0.130801,5.01207887e-06,624.28
9,2482,0.163632,5.01033674e-06,624.74
9,2484,0.135934,5.00859915e-06,625.21
9,2486,0.141821,5.00686110e-06,625.70
9,2488,0.131495,5.00511942e-06,626.22
9,2490,0.143286,5.00338137e-06,626.84
9,2492,0.170944,5.00164151e-06,627.29
9,2494,0.171198,4.99990392e-06,627.77
9,2496,0.134700,4.99816406e-06,628.27
9,2498,0.164580,4.99642829e-06,628.73
9,2500,0.123207,4.99469252e-06,629.26
9,2502,0.159268,4.99295265e-06,629.73
9,2504,0.158598,4.99121688e-06,630.24
9,2506,0.151378,4.98947702e-06,630.69
9,2508,0.140612,4.98774352e-06,631.20
9,2510,0.151592,4.98600366e-06,631.70
9,2512,0.155425,4.98427016e-06,632.15
9,2514,0.123915,4.98253257e-06,632.67
9,2516,0.159458,4.98079862e-06,633.18
9,2518,0.147176,4.97906512e-06,633.65
9,2520,0.138058,4.97732935e-06,634.21
9,2522,0.177073,4.97559586e-06,634.67
9,2524,0.144394,4.97386009e-06,635.23
9,2526,0.150271,4.97212659e-06,635.79
9,2528,0.140738,4.97039082e-06,636.39
9,2530,0.133496,4.96865960e-06,636.89
9,2532,0.146849,4.96692792e-06,637.40
9,2534,0.159491,4.96519215e-06,637.90
9,2536,0.154335,4.96346274e-06,638.37
9,2538,0.142148,4.96172697e-06,638.84
9,2540,0.152950,4.95999757e-06,639.39
9,2542,0.149439,4.95826407e-06,639.90
9,2544,0.137927,4.95653239e-06,640.38
9,2546,0.151999,4.95479890e-06,640.91
9,2548,0.148090,4.95307177e-06,641.41
9,2550,0.153302,4.95134236e-06,641.88
9,2552,0.164417,4.94960841e-06,642.40
9,2554,0.160210,4.94788128e-06,642.84
9,2556,0.154364,4.94614960e-06,643.33
9,2558,0.152803,4.94442020e-06,643.83
9,2560,0.166142,4.94268897e-06,644.31
9,2562,0.168285,4.94096366e-06,644.79
9,2564,0.156850,4.93923608e-06,645.27
9,2566,0.156899,4.93750485e-06,645.75
9,2568,0.148570,4.93577954e-06,646.25
9,2570,0.154661,4.93404787e-06,646.75
9,2572,0.135969,4.93232255e-06,647.27
9,2574,0.149745,4.93059315e-06,647.72
9,2576,0.140259,4.92886784e-06,648.23
9,2578,0.162861,4.92713843e-06,648.72
9,2580,0.165984,4.92541312e-06,649.21
9,2582,0.150156,4.92369008e-06,649.76
9,2584,0.125654,4.92196068e-06,650.32
9,2586,0.134648,4.92023764e-06,650.81
9,2588,0.136543,4.91851006e-06,651.31
9,2590,0.155620,4.91678702e-06,651.82
9,2592,0.135633,4.91505944e-06,652.33
9,2594,0.155343,4.91333640e-06,652.87
9,2596,0.126507,4.91161518e-06,653.41
9,2598,0.165404,4.90988805e-06,653.88
9,2600,0.145594,4.90816683e-06,654.58
9,2602,0.132862,4.90644152e-06,655.15
9,2604,0.129176,4.90472075e-06,655.62
9,2606,0.144928,4.90299544e-06,656.09
9,2608,0.150897,4.90127422e-06,656.60
9,2610,0.161322,4.89954891e-06,657.07
9,2612,0.146671,4.89782815e-06,657.60
9,2614,0.143899,4.89610875e-06,658.14
9,2616,0.147253,4.89438571e-06,658.67
9,2618,0.152454,4.89266677e-06,659.15
9,2620,0.137780,4.89094373e-06,659.63
9,2622,0.153392,4.88922478e-06,660.18
9,2624,0.176699,4.88750129e-06,660.63
9,2626,0.149112,4.88578235e-06,661.26
9,2628,0.148412,4.88406113e-06,661.81
9,2630,0.130074,4.88234446e-06,662.33
9,2632,0.147547,4.88062551e-06,662.84
9,2634,0.168668,4.87890429e-06,663.36
9,2636,0.144937,4.87718762e-06,663.87
9,2638,0.149765,4.87546822e-06,664.37
9,2640,0.163214,4.87375155e-06,664.89
9,2642,0.113530,4.87203033e-06,665.37
9,2644,0.128487,4.87031548e-06,665.81
9,2646,0.134732,4.86860063e-06,666.27
9,2648,0.160376,4.86688168e-06,666.72
9,2650,0.136001,4.86516683e-06,667.23
9,2652,0.147080,4.86344788e-06,667.69
9,2654,0.164833,4.86173303e-06,668.18
9,2656,0.130587,4.86001409e-06,668.66
9,2658,0.125404,4.85830151e-06,669.11
9,2660,0.112331,4.85658438e-06,669.62
9,2662,0.147685,4.85486953e-06,670.11
9,2664,0.159193,4.85315695e-06,670.63
9,2666,0.153330,4.85143983e-06,671.13
9,2668,0.165178,4.84972952e-06,671.63
9,2670,0.131645,4.84801240e-06,672.20
9,2672,0.127741,4.84629982e-06,672.68
9,2674,0.150604,4.84458496e-06,673.21
9,2676,0.130142,4.84287420e-06,673.73
9,2678,0.131694,4.84116345e-06,674.23
9,2680,0.138101,4.83944859e-06,674.72
9,2682,0.130966,4.83773829e-06,675.19
9,2684,0.175413,4.83602344e-06,675.72
9,2686,0.134037,4.83431268e-06,676.21
9,2688,0.147335,4.83260010e-06,676.71
9,2690,0.142154,4.83089116e-06,677.25
9,2692,0.186106,4.82917858e-06,677.77
9,2694,0.155412,4.82747009e-06,678.25
9,2696,0.151032,4.82576161e-06,678.85
9,2698,0.154559,4.82404857e-06,679.39
9,2700,0.146285,4.82234009e-06,679.94
9,2702,0.122044,4.82062933e-06,680.47
9,2704,0.143557,4.81892084e-06,680.92
9,2706,0.156588,4.81721008e-06,681.50
9,2708,0.141114,4.81550387e-06,682.07
9,2710,0.165642,4.81379720e-06,682.57
9,2712,0.154868,4.81208644e-06,683.03
9,2714,0.125247,4.81038023e-06,683.55
9,2716,0.158733,4.80867175e-06,684.05
9,2718,0.151656,4.80696508e-06,684.51
9,2720,0.141816,4.80525659e-06,685.00
9,2722,0.134371,4.80355220e-06,685.48
9,2724,0.158648,4.80184372e-06,686.01
9,2726,0.155620,4.80013932e-06,686.56
9,2728,0.143079,4.79843493e-06,687.00
9,2730,0.116351,4.79672826e-06,687.47
9,2732,0.153047,4.79502387e-06,687.98
9,2734,0.123758,4.79331766e-06,688.46
9,2736,0.146278,4.79161508e-06,688.96
9,2738,0.135678,4.78990887e-06,689.43
9,2740,0.160238,4.78820630e-06,689.90
9,2742,0.142670,4.78650418e-06,690.35
9,2744,0.147519,4.78479751e-06,690.88
9,2746,0.143498,4.78309721e-06,691.36
9,2748,0.125917,4.78139100e-06,691.87
9,2750,0.149578,4.77969070e-06,692.33
9,2752,0.150533,4.77798631e-06,692.78
9,2754,0.151266,4.77628600e-06,693.30
9,2756,0.147432,4.77458161e-06,693.78
9,2758,0.146560,4.77288131e-06,694.30
9,2760,0.159622,4.77118328e-06,694.77
9,2762,0.127307,4.76947889e-06,695.26
9,2764,0.133372,4.76778087e-06,695.68
9,2766,0.161135,4.76607829e-06,696.15
9,2768,0.158576,4.76437799e-06,696.60
9,2770,0.125698,4.76267815e-06,697.14
9,2772,0.143639,4.76097966e-06,697.66
9,2774,0.157765,4.75928164e-06,698.16
9,2776,0.143350,4.75758134e-06,698.60
9,2778,0.147077,4.75588331e-06,699.09
9,2780,0.164291,4.75418301e-06,699.59
9,2782,0.153079,4.75248726e-06,700.11
9,2784,0.137937,4.75078696e-06,700.64
9,2786,0.152478,4.74909075e-06,701.19
9,2788,0.149422,4.74739045e-06,701.72
9,2790,0.139767,4.74569651e-06,702.22
9,2792,0.164162,4.74400076e-06,702.75
9,2794,0.130341,4.74230228e-06,703.25
9,2796,0.150690,4.74060835e-06,703.75
9,2798,0.117623,4.73891032e-06,704.27
9,2800,0.163531,4.73721639e-06,704.75
9,2802,0.128388,4.73551836e-06,705.25
9,2804,0.135872,4.73382443e-06,705.72
9,2806,0.147741,4.73213231e-06,706.21
9,2808,0.154580,4.73043656e-06,706.70
9,2810,0.141348,4.72874217e-06,707.22
9,2812,0.168717,4.72704642e-06,707.69
9,2814,0.149524,4.72535430e-06,708.15
9,2816,0.159269,4.72365855e-06,708.70
9,2818,0.101226,4.72196871e-06,709.16
9,2820,0.131931,4.72027250e-06,709.67
9,2822,0.139935,4.71858266e-06,710.15
9,2824,0.132514,4.71689100e-06,710.64
9,2826,0.149862,4.71519706e-06,711.16
9,2828,0.142602,4.71350722e-06,711.62
9,2830,0.136834,4.71181329e-06,712.21
9,2832,0.142332,4.71012527e-06,712.75
9,2834,0.167217,4.70843133e-06,713.30
9,2836,0.147481,4.70674377e-06,713.85
9,2838,0.148401,4.70505393e-06,714.31
9,2840,0.136930,4.70336226e-06,714.83
9,2842,0.151581,4.70167424e-06,715.41
9,2844,0.141794,4.69998258e-06,715.92
9,2846,0.159070,4.69829502e-06,716.40
9,2848,0.155085,4.69660517e-06,716.95
9,2850,0.132793,4.69491715e-06,717.42
9,2852,0.145623,4.69322731e-06,717.95
9,2854,0.143590,4.69153974e-06,718.42
9,2856,0.149554,4.68985399e-06,718.90
9,2858,0.160873,4.68816461e-06,719.37
9,2860,0.132896,4.68647886e-06,719.82
9,2862,0.139643,4.68479129e-06,720.29
9,2864,0.163892,4.68310554e-06,720.79
9,2866,0.159320,4.68141798e-06,721.32
9,2868,0.158438,4.67973223e-06,721.85
9,2870,0.159514,4.67804875e-06,722.45
9,2872,0.157644,4.67636073e-06,723.01
9,2874,0.139317,4.67467726e-06,723.53
9,2876,0.145887,4.67298969e-06,724.00
9,2878,0.140163,4.67130803e-06,724.46
9,2880,0.159132,4.66962047e-06,724.93
9,2882,0.140072,4.66793927e-06,725.39
9,2884,0.144449,4.66625352e-06,725.90
9,2886,0.155091,4.66457186e-06,726.36
9,2888,0.139711,4.66289066e-06,726.89
9,2890,0.169766,4.66120491e-06,727.38
9,2892,0.140343,4.65952371e-06,727.86
9,2894,0.131983,4.65783796e-06,728.39
9,2896,0.122501,4.65615858e-06,728.97
9,2898,0.150155,4.65447511e-06,729.47
9,2900,0.169505,4.65279572e-06,729.94
9,2902,0.116578,4.65111634e-06,730.50
9,2904,0.133543,4.64943287e-06,730.98
9,2906,0.125074,4.64775349e-06,731.48
9,2908,0.147103,4.64607001e-06,732.02
9,2910,0.135653,4.64439245e-06,732.53
9,2912,0.158143,4.64271125e-06,733.08
9,2914,0.147068,4.64103186e-06,733.61
9,2916,0.161394,4.63935021e-06,734.21
9,2918,0.144351,4.63767310e-06,734.81
9,2920,0.151322,4.63599554e-06,735.31
9,2922,0.164097,4.63431661e-06,735.85
9,2924,0.148607,4.63263905e-06,736.35
9,2926,0.158152,4.63095967e-06,736.84
9,2928,0.168578,4.62928438e-06,737.35
9,2930,0.159570,4.62760499e-06,737.79
9,2932,0.163313,4.62593016e-06,738.40
9,2934,0.138325,4.62425487e-06,738.93
9,2936,0.169762,4.62257549e-06,739.41
9,2938,0.128367,4.62090020e-06,739.98
9,2940,0.148717,4.61922309e-06,740.51
9,2942,0.146843,4.61755008e-06,741.03
9,2944,0.155369,4.61587069e-06,741.49
9,2946,0.120340,4.61419722e-06,741.95
9,2948,0.160126,4.61252239e-06,742.44
9,2950,0.120152,4.61084892e-06,742.94
9,2952,0.160582,4.60917590e-06,743.42
9,2954,0.138489,4.60750107e-06,743.92
9,2956,0.154608,4.60582760e-06,744.35
9,2958,0.176414,4.60415276e-06,744.85
9,2960,0.127224,4.60248157e-06,745.31
9,2962,0.170781,4.60080628e-06,745.79
9,2964,0.152300,4.59913554e-06,746.23
9,2966,0.176603,4.59746434e-06,746.71
9,2968,0.133032,4.59579132e-06,747.16
9,2970,0.161780,4.59412013e-06,747.59
9,2972,0.150485,4.59244711e-06,748.08
9,2974,0.158934,4.59077819e-06,748.55
9,2976,0.162318,4.58910517e-06,749.08
9,2978,0.144329,4.58743625e-06,749.58
9,2980,0.120354,4.58576324e-06,750.02
9,2982,0.121779,4.58409613e-06,750.52
9,2984,0.152662,4.58242721e-06,751.00
9,2986,0.146631,4.58075647e-06,751.47
9,2988,0.154488,4.57908936e-06,752.10
9,2990,0.160095,4.57741817e-06,752.55
9,2992,0.124539,4.57575152e-06,753.12
9,2994,0.147628,4.57408032e-06,753.67
9,2996,0.147545,4.57241367e-06,754.20
9,2998,0.142438,4.57074884e-06,754.68
9,3000,0.125947,4.56907992e-06,755.20
9,3002,0.136145,4.56741327e-06,755.75
9,3004,0.159517,4.56574435e-06,756.18
9,3006,0.132307,4.56407952e-06,756.73
9,3008,0.140902,4.56241060e-06,757.25
9,3010,0.148897,4.56074804e-06,757.87
9,3012,0.149211,4.55907912e-06,758.40
9,3014,0.131960,4.55741610e-06,758.84
9,3016,0.149799,4.55575173e-06,759.35
9,3018,0.138600,4.55408463e-06,759.83
9,3020,0.147299,4.55242207e-06,760.36
9,3022,0.145906,4.55075497e-06,760.86
9,3024,0.140326,4.54909468e-06,761.46
9,3026,0.128148,4.54742758e-06,761.98
9,3028,0.155544,4.54576502e-06,762.48
9,3030,0.151707,4.54410429e-06,762.95
9,3032,0.154362,4.54243991e-06,763.42
9,3034,0.132445,4.54077917e-06,763.88
9,3036,0.160876,4.53911434e-06,764.35
9,3038,0.141565,4.53745361e-06,764.87
9,3040,0.143634,4.53578923e-06,765.40
9,3042,0.150182,4.53413031e-06,765.93
9,3044,0.157217,4.53246594e-06,766.46
9,3046,0.135559,4.53080747e-06,766.99
9,3048,0.169882,4.52914855e-06,767.52
9,3050,0.162121,4.52748600e-06,768.00
9,3052,0.159569,4.52582753e-06,768.54
9,3054,0.162298,4.52416680e-06,769.00
9,3056,0.153327,4.52250833e-06,769.52
9,3058,0.155828,4.52084805e-06,770.02
9,3060,0.145736,4.51918959e-06,770.52
9,3062,0.129198,4.51753294e-06,770.99
9,3064,0.154948,4.51587221e-06,771.49
9,3066,0.152477,4.51421602e-06,772.00
9,3068,0.150992,4.51255528e-06,772.48
9,3070,0.128091,4.51090091e-06,772.96
9,3072,0.143865,4.50924063e-06,773.46
9,3074,0.162442,4.50758625e-06,773.94
9,3076,0.130766,4.50592779e-06,774.45
9,3078,0.167037,4.50427342e-06,775.01
9,3080,0.158581,4.50261905e-06,775.54
9,3082,0.142324,4.50096059e-06,776.09
9,3084,0.166284,4.49930621e-06,776.58
9,3086,0.146459,4.49764957e-06,777.07
9,3088,0.124667,4.49599565e-06,777.56
9,3090,0.164901,4.49433901e-06,778.03
9,3092,0.141366,4.49268691e-06,778.57
9,3094,0.159056,4.49103436e-06,779.05
9,3096,0.117226,4.48937817e-06,779.56
9,3098,0.158418,4.48772607e-06,780.02
9,3100,0.162499,4.48607170e-06,780.47
9,3102,0.149440,4.48441915e-06,780.95
9,3104,0.106581,4.48276523e-06,781.47
9,3106,0.161390,4.48111496e-06,781.99
9,3108,0.149958,4.47946059e-06,782.53
9,3110,0.137161,4.47781031e-06,783.01
9,3112,0.154457,4.47616003e-06,783.49
9,3114,0.148955,4.47450611e-06,784.01
9,3116,0.141131,4.47285765e-06,784.59
9,3118,0.140485,4.47120328e-06,785.13
9,3120,0.157734,4.46955528e-06,785.67
9,3122,0.145222,4.46790318e-06,786.18
9,3124,0.139597,4.46625518e-06,786.69
9,3126,0.151747,4.46460717e-06,787.19
9,3128,0.146726,4.46295689e-06,787.69
9,3130,0.154911,4.46130889e-06,788.25
9,3132,0.171925,4.45965861e-06,788.80
9,3134,0.143366,4.45801061e-06,789.39
9,3136,0.139762,4.45636033e-06,789.90
9,3138,0.139839,4.45471460e-06,790.37
9,3140,0.147770,4.45306432e-06,790.89
9,3142,0.147845,4.45142041e-06,791.41
9,3144,0.123631,4.44977422e-06,791.96
9,3146,0.151945,4.44812622e-06,792.52
9,3148,0.139587,4.44648049e-06,793.00
9,3150,0.124925,4.44483248e-06,793.52
9,3152,0.160839,4.44318857e-06,794.01
9,3154,0.137410,4.44154057e-06,794.52
9,3156,0.128967,4.43989666e-06,795.00
9,3158,0.144908,4.43825047e-06,795.47
9,3160,0.175671,4.43660656e-06,796.00
9,3162,0.135404,4.43496492e-06,796.54
9,3164,0.132309,4.43331692e-06,797.07
9,3166,0.157307,4.43167482e-06,797.58
9,3168,0.128928,4.43002909e-06,798.03
9,3170,0.139276,4.42838927e-06,798.53
9,3172,0.139355,4.42674309e-06,799.02
9,3174,0.145603,4.42510145e-06,799.50
9,3176,0.152379,4.42346163e-06,799.95
9,3178,0.154939,4.42181772e-06,800.45
9,3180,0.164062,4.42017608e-06,801.03
9,3182,0.133162,4.41853399e-06,801.58
9,3184,0.151956,4.41689463e-06,802.10
9,3186,0.147035,4.41525071e-06,802.58
9,3188,0.142599,4.41361090e-06,803.07
9,3190,0.134553,4.41196880e-06,803.60
9,3192,0.139843,4.41033126e-06,804.07
9,3194,0.136636,4.40869144e-06,804.59
9,3196,0.144415,4.40704980e-06,805.07
9,3198,0.145442,4.40541226e-06,805.54
9,3200,0.138716,4.40377244e-06,805.97
9,3202,0.178512,4.40213489e-06,806.53
9,3204,0.138489,4.40049280e-06,807.00
9,3206,0.137595,4.39885753e-06,807.48
9,3208,0.156896,4.39722180e-06,807.95
9,3210,0.160232,4.39558198e-06,808.50
9,3212,0.112167,4.39394671e-06,808.97
9,3214,0.129631,4.39230689e-06,809.49
9,3216,0.122936,4.39067117e-06,810.00
9,3218,0.131025,4.38903362e-06,810.51
9,3220,0.149066,4.38739835e-06,811.00
9,3222,0.156969,4.38576035e-06,811.55
9,3224,0.153857,4.38412690e-06,812.02
9,3226,0.148619,4.38249344e-06,812.55
9,3228,0.141196,4.38085590e-06,813.06
9,3230,0.133846,4.37922245e-06,813.51
9,3232,0.116517,4.37758717e-06,814.03
9,3234,0.155956,4.37595327e-06,814.52
9,3236,0.149103,4.37431800e-06,815.06
9,3238,0.152458,4.37268636e-06,815.52
9,3240,0.139643,4.37105518e-06,816.08
9,3242,0.150101,4.36941946e-06,816.55
9,3244,0.149232,4.36778828e-06,817.12
9,3246,0.162007,4.36615255e-06,817.61
9,3248,0.170935,4.36452319e-06,818.19
9,3250,0.122441,4.36288792e-06,818.69
9,3252,0.155544,4.36125856e-06,819.24
9,3254,0.148737,4.35962511e-06,819.81
9,3256,0.149409,4.35799575e-06,820.26
9,3258,0.152960,4.35636639e-06,820.83
9,3260,0.148538,4.35473521e-06,821.41
9,3262,0.170965,4.35310585e-06,821.94
9,3264,0.165230,4.35147467e-06,822.49
9,3266,0.141768,4.34984531e-06,822.98
9,3268,0.149766,4.34821368e-06,823.48
9,3270,0.170484,4.34658659e-06,824.00
9,3272,0.132852,4.34495951e-06,824.53
9,3274,0.155124,4.34333015e-06,825.05
9,3276,0.163563,4.34170306e-06,825.58
9,3278,0.150776,4.34007370e-06,826.10
9,3280,0.134572,4.33844616e-06,826.66
9,3282,0.148685,4.33681726e-06,827.18
9,3284,0.162749,4.33519199e-06,827.72
9,3286,0.115064,4.33356263e-06,828.27
9,3288,0.166701,4.33193736e-06,828.78
9,3290,0.142318,4.33031437e-06,829.26
9,3292,0.146019,4.32868501e-06,829.82
9,3294,0.166047,4.32706202e-06,830.38
9,3296,0.161143,4.32543493e-06,830.87
9,3298,0.146573,4.32380966e-06,831.35
9,3300,0.115908,4.32218485e-06,831.84
9,3302,0.129148,4.32056186e-06,832.36
9,3304,0.109350,4.31893886e-06,832.86
9,3306,0.152568,4.31731132e-06,833.35
9,3308,0.136363,4.31569060e-06,833.86
9,3310,0.157786,4.31406534e-06,834.33
9,3312,0.168169,4.31244462e-06,834.80
9,3314,0.162869,4.31081935e-06,835.28
9,3316,0.157312,4.30919818e-06,835.81
9,3318,0.153385,4.30757336e-06,836.32
9,3320,0.105971,4.30595219e-06,836.81
9,3322,0.131405,4.30433329e-06,837.29
9,3324,0.128218,4.30271029e-06,837.75
9,3326,0.146231,4.30108958e-06,838.20
9,3328,0.162349,4.29946658e-06,838.66
9,3330,0.127207,4.29784950e-06,839.12
9,3332,0.136528,4.29622651e-06,839.66
9,3334,0.140036,4.29460761e-06,840.15
9,3336,0.155077,4.29299098e-06,840.68
9,3338,0.147937,4.29136799e-06,841.19
9,3340,0.154795,4.28975136e-06,841.69
9,3342,0.141355,4.28813019e-06,842.16
9,3344,0.146086,4.28651356e-06,842.71
9,3346,0.137418,4.28489238e-06,843.18
9,3348,0.137008,4.28327803e-06,843.62
9,3350,0.130537,4.28165686e-06,844.12
9,3352,0.124871,4.28004205e-06,844.54
9,3354,0.146999,4.27842542e-06,845.00
9,3356,0.136064,4.27680652e-06,845.48
9,3358,0.164545,4.27519171e-06,845.96
9,3360,0.140218,4.27357281e-06,846.42
9,3362,0.135547,4.27196028e-06,846.88
9,3364,0.164656,4.27034138e-06,847.41
9,3366,0.139255,4.26872884e-06,847.90
9,3368,0.149784,4.26711404e-06,848.38
9,3370,0.138868,4.26549741e-06,848.91
9,3372,0.146120,4.26388488e-06,849.34
9,3374,0.143848,4.26226825e-06,849.83
9,3376,0.158048,4.26065753e-06,850.37
9,3378,0.144132,4.25904091e-06,850.89
9,3380,0.132762,4.25742837e-06,851.38
9,3382,0.157356,4.25581356e-06,851.97
9,3384,0.152580,4.25420285e-06,852.42
9,3386,0.141095,4.25259259e-06,852.93
9,3388,0.110395,4.25097778e-06,853.46
9,3390,0.141316,4.24936707e-06,853.96
9,3392,0.145201,4.24775453e-06,854.48
9,3394,0.169832,4.24614427e-06,855.02
9,3396,0.151715,4.24453128e-06,855.53
9,3398,0.161966,4.24292102e-06,856.01
9,3400,0.155256,4.24131258e-06,856.49
9,3402,0.170255,4.23970005e-06,856.98
9,3404,0.132475,4.23809161e-06,857.44
9,3406,0.147084,4.23648089e-06,858.00
9,3408,0.122637,4.23487245e-06,858.51
9,3410,0.144068,4.23326219e-06,859.11
9,3412,0.150110,4.23165375e-06,859.64
9,3414,0.114302,4.23004303e-06,860.11
9,3416,0.152380,4.22843686e-06,860.64
9,3418,0.165667,4.22683024e-06,861.21
9,3420,0.171262,4.22522180e-06,861.74
9,3422,0.128835,4.22361563e-06,862.22
9,3424,0.140471,4.22200719e-06,862.76
9,3426,0.145336,4.22040102e-06,863.28
9,3428,0.141815,4.21879258e-06,863.73
9,3430,0.164648,4.21718823e-06,864.26
9,3432,0.152449,4.21558389e-06,864.74
9,3434,0.129741,4.21397544e-06,865.23
9,3436,0.151533,4.21237337e-06,865.75
9,3438,0.162800,4.21076493e-06,866.25
9,3440,0.131958,4.20916285e-06,866.70
9,3442,0.131383,4.20755623e-06,867.22
9,3444,0.161440,4.20595188e-06,867.68
9,3446,0.138470,4.20434799e-06,868.20
9,3448,0.133050,4.20274546e-06,868.66
9,3450,0.162787,4.20114338e-06,869.15
9,3452,0.142598,4.19953903e-06,869.63
9,3454,0.153888,4.19793696e-06,870.13
9,3456,0.141719,4.19633261e-06,870.65
9,3458,0.160338,4.19473281e-06,871.20
9,3460,0.142979,4.19312846e-06,871.69
9,3462,0.142438,4.19152821e-06,872.18
9,3464,0.163873,4.18992840e-06,872.71
9,3466,0.132606,4.18832633e-06,873.24
9,3468,0.121912,4.18672607e-06,873.73
9,3470,0.136805,4.18512400e-06,874.20
9,3472,0.127301,4.18352602e-06,874.75
9,3474,0.162933,4.18192349e-06,875.28
9,3476,0.117820,4.18032550e-06,875.76
9,3478,0.145689,4.17872343e-06,876.25
9,3480,0.139657,4.17712545e-06,876.78
9,3482,0.144503,4.17552974e-06,877.28
9,3484,0.140974,4.17392948e-06,877.72
9,3486,0.140485,4.17233150e-06,878.25
9,3488,0.137876,4.17073124e-06,878.72
9,3490,0.171924,4.16913554e-06,879.19
9,3492,0.139102,4.16753755e-06,879.66
9,3494,0.155943,4.16594139e-06,880.18
9,3496,0.165516,4.16434568e-06,880.70
9,3498,0.146224,4.16274770e-06,881.20
9,3500,0.128122,4.16115381e-06,881.76
9,3502,0.146005,4.15955583e-06,882.41
9,3504,0.150281,4.15796194e-06,882.90
9,3506,0.148904,4.15636396e-06,883.44
9,3508,0.133635,4.15477007e-06,883.95
9,3510,0.112509,4.15317436e-06,884.44
9,3512,0.118945,4.15158047e-06,884.94
9,3514,0.141254,4.14998885e-06,885.46
9,3516,0.159562,4.14839269e-06,885.96
9,3518,0.135372,4.14680107e-06,886.43
9,3520,0.143208,4.14520491e-06,886.94
9,3522,0.123679,4.14361330e-06,887.43
9,3524,0.146101,4.14201759e-06,888.07
9,3526,0.140558,4.14042779e-06,888.61
9,3528,0.151788,4.13883799e-06,889.12
9,3530,0.152931,4.13724229e-06,889.61
9,3532,0.138049,4.13565249e-06,890.10
9,3534,0.114132,4.13406087e-06,890.61
9,3536,0.127276,4.13247108e-06,891.11
9,3538,0.110689,4.13087719e-06,891.61
9,3540,0.171006,4.12928966e-06,892.09
9,3542,0.151343,4.12769577e-06,892.55
9,3544,0.131390,4.12610825e-06,893.11
9,3546,0.155581,4.12452073e-06,893.64
9,3548,0.172813,4.12292911e-06,894.10
9,3550,0.159913,4.12134159e-06,894.58
9,3552,0.143668,4.11975179e-06,895.09
9,3554,0.123822,4.11816427e-06,895.55
9,3556,0.152557,4.11657447e-06,896.07
9,3558,0.158642,4.11498695e-06,896.55
9,3560,0.137561,4.11340170e-06,897.07
9,3562,0.149148,4.11181190e-06,897.50
9,3564,0.163341,4.11022666e-06,897.98
9,3566,0.145101,4.10863868e-06,898.46
9,3568,0.138388,4.10705343e-06,898.93
9,3570,0.144603,4.10546591e-06,899.44
9,3572,0.131912,4.10388020e-06,900.08
9,3574,0.157535,4.10229268e-06,900.62
9,3576,0.132625,4.10070925e-06,901.07
9,3578,0.146889,4.09912582e-06,901.59
9,3580,0.128074,4.09754057e-06,902.10
9,3582,0.131511,4.09595714e-06,902.59
9,3584,0.155958,4.09437143e-06,903.14
9,3586,0.148928,4.09278800e-06,903.66
9,3588,0.156288,4.09120275e-06,904.14
9,3590,0.141957,4.08962160e-06,904.66
9,3592,0.171541,4.08803999e-06,905.19
9,3594,0.157211,4.08645474e-06,905.67
9,3596,0.115466,4.08487540e-06,906.14
9,3598,0.157530,4.08328970e-06,906.60
9,3600,0.142562,4.08171081e-06,907.08
9,3602,0.151956,4.08012738e-06,907.59
9,3604,0.154033,4.07854577e-06,908.10
9,3606,0.152523,4.07696461e-06,908.57
9,3608,0.166650,4.07538528e-06,909.04
9,3610,0.154842,4.07380639e-06,909.59
9,3612,0.143376,4.07222296e-06,910.18
9,3614,0.141867,4.07064590e-06,910.66
9,3616,0.123199,4.06906429e-06,911.16
9,3618,0.150163,4.06748723e-06,911.76
9,3620,0.138140,4.06590607e-06,912.29
9,3622,0.140164,4.06432900e-06,912.84
9,3624,0.140040,4.06275149e-06,913.33
9,3626,0.161237,4.06117260e-06,913.86
9,3628,0.164049,4.05959508e-06,914.41
9,3630,0.145875,4.05801620e-06,914.89
9,3632,0.170492,4.05644096e-06,915.38
9,3634,0.158764,4.05486162e-06,915.86
9,3636,0.137825,4.05328683e-06,916.41
9,3638,0.121727,4.05170749e-06,916.90
9,3640,0.116920,4.05013225e-06,917.41
9,3642,0.137305,4.04855928e-06,917.87
9,3644,0.156058,4.04698221e-06,918.35
9,3646,0.140306,4.04540742e-06,918.85
9,3648,0.128984,4.04383036e-06,919.33
9,3650,0.172198,4.04225739e-06,919.83
9,3652,0.128420,4.04068214e-06,920.32
9,3654,0.141180,4.03910917e-06,920.78
9,3656,0.149622,4.03753620e-06,921.31
9,3658,0.120431,4.03596096e-06,921.79
9,3660,0.144920,4.03439026e-06,922.25
9,3662,0.149532,4.03281501e-06,922.74
9,3664,0.106612,4.03124432e-06,923.29
9,3666,0.136534,4.02966907e-06,923.85
9,3668,0.182990,4.02809837e-06,924.36
9,3670,0.163102,4.02652540e-06,924.89
9,3672,0.149640,4.02495471e-06,925.37
9,3674,0.157015,4.02338583e-06,925.92
9,3676,0.124624,4.02181286e-06,926.45
9,3678,0.154139,4.02024398e-06,926.92
9,3680,0.177549,4.01867101e-06,927.45
9,3682,0.155274,4.01710213e-06,927.98
9,3684,0.152517,4.01553143e-06,928.44
9,3686,0.152059,4.01396255e-06,928.97
9,3688,0.149257,4.01239595e-06,929.44
9,3690,0.135524,4.01082480e-06,929.99
9,3692,0.163519,4.00925819e-06,930.52
9,3694,0.137720,4.00768749e-06,931.09
9,3696,0.141036,4.00612089e-06,931.67
9,3698,0.142493,4.00455201e-06,932.13
9,3700,0.135488,4.00298495e-06,932.62
9,3702,0.148687,4.00141653e-06,933.17
9,3704,0.169098,3.99985174e-06,933.66
9,3706,0.166468,3.99828696e-06,934.13
9,3708,0.158237,3.99671853e-06,934.64
9,3710,0.140891,3.99515375e-06,935.10
9,3712,0.129276,3.99358487e-06,935.63
9,3714,0.160615,3.99202236e-06,936.10
9,3716,0.173347,3.99045575e-06,936.63
9,3718,0.154795,3.98889097e-06,937.12
9,3720,0.157660,3.98732436e-06,937.58
9,3722,0.150820,3.98576185e-06,938.06
9,3724,0.163278,3.98419934e-06,938.57
9,3726,0.134130,3.98263455e-06,939.00
9,3728,0.165640,3.98107204e-06,939.44
9,3730,0.150768,3.97950771e-06,939.99
9,3732,0.146399,3.97794702e-06,940.50
9,3734,0.131227,3.97638223e-06,941.01
9,3736,0.147955,3.97482199e-06,941.48
9,3738,0.117764,3.97326130e-06,942.00
9,3740,0.128753,3.97169697e-06,942.57
9,3742,0.159738,3.97013628e-06,943.09
9,3744,0.160654,3.96857376e-06,943.62
9,3746,0.136019,3.96701535e-06,944.20
9,3748,0.135238,3.96545283e-06,944.64
9,3750,0.154597,3.96389487e-06,945.13
9,3752,0.147909,3.96233190e-06,945.66
9,3754,0.150396,3.96077394e-06,946.13
9,3756,0.130505,3.95921552e-06,946.62
9,3758,0.148891,3.95765483e-06,947.11
9,3760,0.136641,3.95609868e-06,947.66
9,3762,0.130749,3.95453617e-06,948.17
9,3764,0.148422,3.95298002e-06,948.59
9,3766,0.119133,3.95142160e-06,949.17
9,3768,0.152883,3.94986500e-06,949.71
9,3770,0.155079,3.94830886e-06,950.24
9,3772,0.136558,3.94675044e-06,950.85
9,3774,0.160457,3.94519429e-06,951.33
9,3776,0.123765,3.94363587e-06,951.89
9,3778,0.146352,3.94208155e-06,952.38
9,3780,0.160997,3.94052358e-06,952.99
9,3782,0.132531,3.93896926e-06,953.48
9,3784,0.167239,3.93741311e-06,954.00
9,3786,0.174603,3.93585879e-06,954.49
9,3788,0.159059,3.93430673e-06,955.00
9,3790,0.155858,3.93274831e-06,955.52
9,3792,0.128572,3.93119626e-06,956.04
9,3794,0.170777,3.92963966e-06,956.52
9,3796,0.133575,3.92808988e-06,957.05
9,3798,0.152368,3.92653374e-06,957.57
9,3800,0.124340,3.92498168e-06,958.06
9,3802,0.135737,3.92343145e-06,958.53
9,3804,0.148215,3.92187712e-06,959.05
9,3806,0.136776,3.92032507e-06,959.60
9,3808,0.164824,3.91877302e-06,960.13
9,3810,0.147214,3.91722324e-06,960.68
9,3812,0.121747,3.91566891e-06,961.18
9,3814,0.135736,3.91411868e-06,961.66
9,3816,0.138793,3.91256663e-06,962.10
9,3818,0.122241,3.91101867e-06,962.55
9,3820,0.151242,3.90946889e-06,963.04
9,3822,0.157252,3.90791683e-06,963.53
9,3824,0.168117,3.90636887e-06,963.98
9,3826,0.133136,3.90481864e-06,964.43
9,3828,0.124549,3.90327068e-06,964.93
9,3830,0.152134,3.90172090e-06,965.42
9,3832,0.154628,3.90017294e-06,965.88
9,3834,0.168365,3.89862680e-06,966.43
9,3836,0.149331,3.89707702e-06,966.87
9,3838,0.162343,3.89553088e-06,967.49
9,3840,0.138920,3.89398110e-06,967.99
9,3842,0.176980,3.89243723e-06,968.52
9,3844,0.125218,3.89088746e-06,968.95
9,3846,0.141676,3.88934359e-06,969.48
9,3848,0.151221,3.88779563e-06,969.97
9,3850,0.150789,3.88625176e-06,970.48
9,3852,0.141221,3.88470789e-06,971.01
9,3854,0.143689,3.88315993e-06,971.43
9,3856,0.138000,3.88161652e-06,971.89
9,3858,0.138374,3.88007038e-06,972.39
9,3860,0.157346,3.87852697e-06,972.90
9,3862,0.150719,3.87698083e-06,973.35
9,3864,0.137985,3.87543923e-06,973.80
9,3866,0.140763,3.87389764e-06,974.29
9,3868,0.154767,3.87235195e-06,974.84
9,3870,0.154996,3.87080991e-06,975.30
9,3872,0.170984,3.86926649e-06,975.83
9,3874,0.169796,3.86772444e-06,976.32
9,3876,0.140785,3.86618103e-06,976.81
9,3878,0.130511,3.86464126e-06,977.31
9,3880,0.146798,3.86309739e-06,977.80
9,3882,0.133963,3.86155807e-06,978.27
9,3884,0.148919,3.86001830e-06,978.73
9,3886,0.157247,3.85847670e-06,979.27
9,3888,0.151521,3.85693693e-06,979.75
9,3890,0.147549,3.85539533e-06,980.20
9,3892,0.149872,3.85385783e-06,980.64
9,3894,0.156095,3.85231624e-06,981.21
9,3896,0.157496,3.85077874e-06,981.77
9,3898,0.158530,3.84924124e-06,982.26
9,3900,0.156897,3.84770146e-06,982.71
9,3902,0.145605,3.84616396e-06,983.26
9,3904,0.172463,3.84462464e-06,983.78
9,3906,0.143267,3.84308714e-06,984.40
9,3908,0.138548,3.84154737e-06,984.85
9,3910,0.146005,3.84001214e-06,985.37
9,3912,0.130918,3.83847464e-06,985.87
9,3914,0.144772,3.83693896e-06,986.33
9,3916,0.172282,3.83540373e-06,986.80
9,3918,0.145003,3.83386623e-06,987.30
9,3920,0.154868,3.83233282e-06,987.75
9,3922,0.154234,3.83079532e-06,988.24
9,3924,0.166751,3.82926191e-06,988.70
9,3926,0.144399,3.82772441e-06,989.25
9,3928,0.135456,3.82619100e-06,989.77
9,3930,0.126987,3.82465987e-06,990.25
9,3932,0.179539,3.82312464e-06,990.73
9,3934,0.139360,3.82159124e-06,991.21
9,3936,0.150181,3.82005601e-06,991.80
9,3938,0.165396,3.81852442e-06,992.27
9,3940,0.127373,3.81698919e-06,992.78
9,3942,0.150690,3.81545988e-06,993.30
9,3944,0.154465,3.81392465e-06,993.78
9,3946,0.118754,3.81239533e-06,994.28
9,3948,0.153261,3.81086420e-06,994.75
9,3950,0.132114,3.80933079e-06,995.25
9,3952,0.152632,3.80780170e-06,995.78
9,3954,0.151594,3.80626830e-06,996.27
9,3956,0.138521,3.80474125e-06,996.82
9,3958,0.163788,3.80320807e-06,997.32
9,3960,0.156765,3.80168080e-06,997.83
9,3962,0.107244,3.80015172e-06,998.38
9,3964,0.145354,3.79862058e-06,998.84
9,3966,0.139909,3.79709354e-06,999.37
9,3968,0.138086,3.79556218e-06,999.81
9,3970,0.169122,3.79403514e-06,1000.30
9,3972,0.146809,3.79250605e-06,1000.78
9,3974,0.140992,3.79097878e-06,1001.21
9,3976,0.144872,3.78944969e-06,1001.68
9,3978,0.149759,3.78792470e-06,1002.14
9,3980,0.125634,3.78639970e-06,1002.62
9,3982,0.130544,3.78487061e-06,1003.15
9,3984,0.144591,3.78334562e-06,1003.60
9,3986,0.159814,3.78181653e-06,1004.12
9,3988,0.140721,3.78029358e-06,1004.65
9,3990,0.111957,3.77876654e-06,1005.13
9,3992,0.126690,3.77724155e-06,1005.62
9,3994,0.157899,3.77571860e-06,1006.08
9,3996,0.131469,3.77419155e-06,1006.55
9,3998,0.123970,3.77266861e-06,1007.05
9,4000,0.160277,3.77114361e-06,1007.60
9,4002,0.170114,3.76962066e-06,1008.09
9,4004,0.131643,3.76809567e-06,1008.55
9,4006,0.155520,3.76657499e-06,1009.00
9,4008,0.151804,3.76505000e-06,1009.49
9,4010,0.138570,3.76352909e-06,1009.96
9,4012,0.147969,3.76200842e-06,1010.46
9,4014,0.149470,3.76048342e-06,1010.92
9,4016,0.135868,3.75896252e-06,1011.40
9,4018,0.120948,3.75743957e-06,1011.85
9,4020,0.153564,3.75592094e-06,1012.30
9,4022,0.140831,3.75439799e-06,1012.79
9,4024,0.167958,3.75287937e-06,1013.28
9,4026,0.160696,3.75136051e-06,1013.79
9,4028,0.130429,3.74983779e-06,1014.29
9,4030,0.158940,3.74831893e-06,1014.73
9,4032,0.149122,3.74679803e-06,1015.20
9,4034,0.131146,3.74528145e-06,1015.62
9,4036,0.126539,3.74376077e-06,1016.10
9,4038,0.151140,3.74224396e-06,1016.63
9,4040,0.139107,3.74072329e-06,1017.22
9,4042,0.153044,3.73920670e-06,1017.78
9,4044,0.154002,3.73768989e-06,1018.29
9,4046,0.153602,3.73617127e-06,1018.75
9,4048,0.138923,3.73465673e-06,1019.23
9,4050,0.141729,3.73313583e-06,1019.73
9,4052,0.167483,3.73162129e-06,1020.22
9,4054,0.166105,3.73010471e-06,1020.68
9,4056,0.170912,3.72859017e-06,1021.15
9,4058,0.149237,3.72707564e-06,1021.69
9,4060,0.152768,3.72555883e-06,1022.21
9,4062,0.149969,3.72404429e-06,1022.83
9,4064,0.136765,3.72252771e-06,1023.40
9,4066,0.139144,3.72101522e-06,1023.89
9,4068,0.159568,3.71949864e-06,1024.45
9,4070,0.171071,3.71798615e-06,1024.97
9,4072,0.163005,3.71647161e-06,1025.48
9,4074,0.137054,3.71495912e-06,1026.07
9,4076,0.147609,3.71344868e-06,1026.55
9,4078,0.146507,3.71193210e-06,1027.04
9,4080,0.138638,3.71042165e-06,1027.54
9,4082,0.151278,3.70890712e-06,1028.07
9,4084,0.149296,3.70739895e-06,1028.55
9,4086,0.147952,3.70588441e-06,1029.05
9,4088,0.158466,3.70437397e-06,1029.56
9,4090,0.143895,3.70286557e-06,1030.02
9,4092,0.154821,3.70135308e-06,1030.53
9,4094,0.156705,3.69984491e-06,1031.03
9,4096,0.169335,3.69833242e-06,1031.60
9,4098,0.185539,3.69682402e-06,1032.09
9,4100,0.139872,3.69531153e-06,1032.53
9,4102,0.153350,3.69380336e-06,1033.10
9,4104,0.135349,3.69229292e-06,1033.59
9,4106,0.152243,3.69078680e-06,1034.12
9,4108,0.142713,3.68928045e-06,1034.68
9,4110,0.154457,3.68777023e-06,1035.16
9,4112,0.147631,3.68626388e-06,1035.63
9,4114,0.145234,3.68475366e-06,1036.11
9,4116,0.139793,3.68324731e-06,1036.65
9,4118,0.155725,3.68173914e-06,1037.16
9,4120,0.125610,3.68023484e-06,1037.68
9,4122,0.123664,3.67872872e-06,1038.17
9,4124,0.143357,3.67722259e-06,1038.75
9,4126,0.156547,3.67571852e-06,1039.25
9,4128,0.139419,3.67421012e-06,1039.71
9,4130,0.129843,3.67270604e-06,1040.23
9,4132,0.153269,3.67119969e-06,1040.79
9,4134,0.127471,3.66969766e-06,1041.30
9,4136,0.133064,3.66818949e-06,1041.87
9,4138,0.136998,3.66668746e-06,1042.35
9,4140,0.134929,3.66518543e-06,1042.81
9,4142,0.158804,3.66368135e-06,1043.32
9,4144,0.165645,3.66217910e-06,1043.94
9,4146,0.166890,3.66067502e-06,1044.48
9,4148,0.159249,3.65917299e-06,1045.00
9,4150,0.155707,3.65766891e-06,1045.59
9,4152,0.130128,3.65616893e-06,1046.14
9,4154,0.149237,3.65466894e-06,1046.66
9,4156,0.159722,3.65316487e-06,1047.10
9,4158,0.159225,3.65166488e-06,1047.58
9,4160,0.155786,3.65016285e-06,1048.04
9,4162,0.139180,3.64866514e-06,1048.51
9,4164,0.123439,3.64716084e-06,1048.97
9,4166,0.146636,3.64566313e-06,1049.46
9,4168,0.154174,3.64416110e-06,1049.94
9,4170,0.168676,3.64266521e-06,1050.40
9,4172,0.175593,3.64116727e-06,1050.88
9,4174,0.148197,3.63966524e-06,1051.35
9,4176,0.155807,3.63816957e-06,1051.83
9,4178,0.122156,3.63666959e-06,1052.37
9,4180,0.150105,3.63517393e-06,1052.85
9,4182,0.150822,3.63367394e-06,1053.38
9,4184,0.167494,3.63217805e-06,1053.88
9,4186,0.162668,3.63068239e-06,1054.38
9,4188,0.132584,3.62918445e-06,1054.88
9,4190,0.156809,3.62768878e-06,1055.36
9,4192,0.148478,3.62619085e-06,1055.84
9,4194,0.144732,3.62469723e-06,1056.33
9,4196,0.154435,3.62319929e-06,1056.76
9,4198,0.158453,3.62170567e-06,1057.26
9,4200,0.140848,3.62020774e-06,1057.83
9,4202,0.176001,3.61871616e-06,1058.28
9,4204,0.149294,3.61722232e-06,1058.75
9,4206,0.146682,3.61572665e-06,1059.35
9,4208,0.131319,3.61423508e-06,1059.88
9,4210,0.125471,3.61273919e-06,1060.35
9,4212,0.159762,3.61124762e-06,1060.83
9,4214,0.165225,3.60975196e-06,1061.32
9,4216,0.124973,3.60826016e-06,1061.88
9,4218,0.152402,3.60677063e-06,1062.39
9,4220,0.129143,3.60527702e-06,1062.91
9,4222,0.155419,3.60378544e-06,1063.38
9,4224,0.142706,3.60229387e-06,1063.92
9,4226,0.173710,3.60080435e-06,1064.37
9,4228,0.151985,3.59931050e-06,1064.90
9,4230,0.120642,3.59782121e-06,1065.35
9,4232,0.149253,3.59632941e-06,1065.85
9,4234,0.142873,3.59483988e-06,1066.41
9,4236,0.127723,3.59335263e-06,1066.95
9,4238,0.134038,3.59186083e-06,1067.52
9,4240,0.161831,3.59037358e-06,1068.01
9,4242,0.165508,3.58888406e-06,1068.50
9,4244,0.139155,3.58739658e-06,1069.01
9,4246,0.136810,3.58590501e-06,1069.51
9,4248,0.182860,3.58441957e-06,1069.97
9,4250,0.142522,3.58293005e-06,1070.50
9,4252,0.148109,3.58144462e-06,1070.98
9,4254,0.154883,3.57995941e-06,1071.45
9,4256,0.150314,3.57846989e-06,1071.97
9,4258,0.151709,3.57698445e-06,1072.43
9,4260,0.122335,3.57549698e-06,1072.89
9,4262,0.136458,3.57401177e-06,1073.40
9,4264,0.154464,3.57252429e-06,1073.89
9,4266,0.126318,3.57104113e-06,1074.42
9,4268,0.170956,3.56955775e-06,1074.91
9,4270,0.147901,3.56807027e-06,1075.45
9,4272,0.118813,3.56658916e-06,1075.93
9,4274,0.126733,3.56510168e-06,1076.40
9,4276,0.134267,3.56362057e-06,1076.83
9,4278,0.144409,3.56213513e-06,1077.36
9,4280,0.135143,3.56065198e-06,1077.85
9,4282,0.147875,3.55916654e-06,1078.33
9,4284,0.148221,3.55768748e-06,1078.85
9,4286,0.150148,3.55620637e-06,1079.28
9,4288,0.148072,3.55472093e-06,1079.81
9,4290,0.151829,3.55324187e-06,1080.29
9,4292,0.129993,3.55175871e-06,1080.80
9,4294,0.161222,3.55027737e-06,1081.35
9,4296,0.151257,3.54879626e-06,1081.85
9,4298,0.145122,3.54731719e-06,1082.42
9,4300,0.114170,3.54583813e-06,1082.91
9,4302,0.128757,3.54435474e-06,1083.45
9,4304,0.129144,3.54287772e-06,1083.98
9,4306,0.152989,3.54139661e-06,1084.47
9,4308,0.154019,3.53991754e-06,1085.04
9,4310,0.158902,3.53843848e-06,1085.52
9,4312,0.135606,3.53696146e-06,1086.02
9,4314,0.138911,3.53548035e-06,1086.48
9,4316,0.117225,3.53400333e-06,1086.95
9,4318,0.147988,3.53252835e-06,1087.46
9,4320,0.184385,3.53104724e-06,1087.95
9,4322,0.160287,3.52957227e-06,1088.47
9,4324,0.149202,3.52809320e-06,1088.95
9,4326,0.137364,3.52661823e-06,1089.42
9,4328,0.152914,3.52514121e-06,1089.90
9,4330,0.121487,3.52366646e-06,1090.41
9,4332,0.124238,3.52219149e-06,1090.92
9,4334,0.178160,3.52071447e-06,1091.40
9,4336,0.155388,3.51924155e-06,1091.96
9,4338,0.143700,3.51776453e-06,1092.52
9,4340,0.120355,3.51629183e-06,1093.01
9,4342,0.174699,3.51481481e-06,1093.55
9,4344,0.176852,3.51334393e-06,1094.07
9,4346,0.146411,3.51186691e-06,1094.53
9,4348,0.150161,3.51039625e-06,1095.04
9,4350,0.166825,3.50892560e-06,1095.55
9,4352,0.142405,3.50745063e-06,1096.07
9,4354,0.152167,3.50597998e-06,1096.57
9,4356,0.141566,3.50450500e-06,1097.01
9,4358,0.127837,3.50303412e-06,1097.51
9,4360,0.142867,3.50156142e-06,1098.02
9,4362,0.145066,3.50009054e-06,1098.45
9,4364,0.171520,3.49862194e-06,1099.00
9,4366,0.139864,3.49714924e-06,1099.59
9,4368,0.136168,3.49568040e-06,1100.15
9,4370,0.126906,3.49420770e-06,1100.60
9,4372,0.130556,3.49274114e-06,1101.11
9,4374,0.146412,3.49126822e-06,1101.61
9,4376,0.159811,3.48980166e-06,1102.10
9,4378,0.126776,3.48833100e-06,1102.56
9,4380,0.148673,3.48686217e-06,1103.04
9,4382,0.131133,3.48539561e-06,1103.53
9,4384,0.142246,3.48392700e-06,1104.02
9,4386,0.138787,3.48246044e-06,1104.48
9,4388,0.132184,3.48098979e-06,1104.99
9,4390,0.131269,3.47952528e-06,1105.52
9,4392,0.150051,3.47805667e-06,1106.07
9,4394,0.168792,3.47659216e-06,1106.62
9,4396,0.144175,3.47512560e-06,1107.13
9,4398,0.158582,3.47365904e-06,1107.67
9,4400,0.140520,3.47219452e-06,1108.19
9,4402,0.124233,3.47072796e-06,1108.71
9,4404,0.151265,3.46926345e-06,1109.27
9,4406,0.131521,3.46779689e-06,1109.77
9,4408,0.130136,3.46633442e-06,1110.28
9,4410,0.141604,3.46486786e-06,1110.73
9,4412,0.149535,3.46340539e-06,1111.25
9,4414,0.154557,3.46194315e-06,1111.76
9,4416,0.155749,3.46047864e-06,1112.25
9,4418,0.147491,3.45901617e-06,1112.82
9,4420,0.154433,3.45755166e-06,1113.34
9,4422,0.160620,3.45609146e-06,1113.85
9,4424,0.156762,3.45462695e-06,1114.33
9,4426,0.145160,3.45316653e-06,1114.80
9,4428,0.165596,3.45170633e-06,1115.29
9,4430,0.141955,3.45024387e-06,1115.77
9,4432,0.141423,3.44878345e-06,1116.29
9,4434,0.179841,3.44732121e-06,1116.75
9,4436,0.138863,3.44586283e-06,1117.22
9,4438,0.157153,3.44440059e-06,1117.72
9,4440,0.148796,3.44294222e-06,1118.26
9,4442,0.150633,3.44147998e-06,1118.81
9,4444,0.148025,3.44002160e-06,1119.31
9,4446,0.140827,3.43856550e-06,1119.79
9,4448,0.148098,3.43710531e-06,1120.26
9,4450,0.126730,3.43564693e-06,1120.85
9,4452,0.143548,3.43418674e-06,1121.46
9,4454,0.145247,3.43273064e-06,1121.96
9,4456,0.151043,3.43127226e-06,1122.47
9,4458,0.157952,3.42981616e-06,1122.94
9,4460,0.154382,3.42836006e-06,1123.46
9,4462,0.138135,3.42690169e-06,1124.00
9,4464,0.160862,3.42544763e-06,1124.49
9,4466,0.146503,3.42398948e-06,1124.97
9,4468,0.123693,3.42253543e-06,1125.44
9,4470,0.144000,3.42107728e-06,1125.97
9,4472,0.148596,3.41962527e-06,1126.43
9,4474,0.153631,3.41816713e-06,1126.95
9,4476,0.149613,3.41671512e-06,1127.53
9,4478,0.166914,3.41526106e-06,1127.95
9,4480,0.151034,3.41380701e-06,1128.45
9,4482,0.152000,3.41235500e-06,1128.90
9,4484,0.163715,3.41089890e-06,1129.39
9,4486,0.127671,3.40944689e-06,1129.90
9,4488,0.170762,3.40799284e-06,1130.35
9,4490,0.160004,3.40654083e-06,1130.80
9,4492,0.148040,3.40509087e-06,1131.26
9,4494,0.122366,3.40363681e-06,1131.73
9,4496,0.150253,3.40218708e-06,1132.29
9,4498,0.153068,3.40073302e-06,1132.75
9,4500,0.137806,3.39928306e-06,1133.27
9,4502,0.122459,3.39783105e-06,1133.77
9,4504,0.142995,3.39638336e-06,1134.30
9,4506,0.149863,3.39493135e-06,1134.80
9,4508,0.150507,3.39348139e-06,1135.30
9,4510,0.172832,3.39203370e-06,1135.79
9,4512,0.161408,3.39058374e-06,1136.26
9,4514,0.152867,3.38913605e-06,1136.73
9,4516,0.144850,3.38768405e-06,1137.25
9,4518,0.134536,3.38623840e-06,1137.73
9,4520,0.145901,3.38478844e-06,1138.19
9,4522,0.148689,3.38334280e-06,1138.69
9,4524,0.137295,3.38189489e-06,1139.19
9,4526,0.122128,3.38044720e-06,1139.73
9,4528,0.161791,3.37900133e-06,1140.23
9,4530,0.155238,3.37755364e-06,1140.70
9,4532,0.149813,3.37610800e-06,1141.17
9,4534,0.149124,3.37466008e-06,1141.67
9,4536,0.168178,3.37321649e-06,1142.15
9,4538,0.160879,3.37176857e-06,1142.64
9,4540,0.143766,3.37032498e-06,1143.08
9,4542,0.152860,3.36888138e-06,1143.57
9,4544,0.135008,3.36743574e-06,1144.07
9,4546,0.149261,3.36599214e-06,1144.53
9,4548,0.133662,3.36454650e-06,1144.98
9,4550,0.145373,3.36310495e-06,1145.44
9,4552,0.162758,3.36165908e-06,1145.91
9,4554,0.137399,3.36021753e-06,1146.41
9,4556,0.136447,3.35877598e-06,1146.87
9,4558,0.170709,3.35733239e-06,1147.36
9,4560,0.153913,3.35589084e-06,1147.92
9,4562,0.116922,3.35444724e-06,1148.39
9,4564,0.176150,3.35300774e-06,1148.89
9,4566,0.127352,3.35156415e-06,1149.33
9,4568,0.139392,3.35012464e-06,1149.78
9,4570,0.143225,3.34868105e-06,1150.27
9,4572,0.147487,3.34724382e-06,1150.74
9,4574,0.136266,3.34580432e-06,1151.25
9,4576,0.160207,3.34436277e-06,1151.78
9,4578,0.144722,3.34292531e-06,1152.23
9,4580,0.143948,3.34148376e-06,1152.70
9,4582,0.166663,3.34004653e-06,1153.18
9,4584,0.154866,3.33860498e-06,1153.68
9,4586,0.149903,3.33716753e-06,1154.20
9,4588,0.139679,3.33573234e-06,1154.69
9,4590,0.134634,3.33429284e-06,1155.21
9,4592,0.139432,3.33285539e-06,1155.71
9,4594,0.150756,3.33141611e-06,1156.23
9,4596,0.146860,3.32998070e-06,1156.71
9,4598,0.119359,3.32854347e-06,1157.21
9,4600,0.131198,3.32710806e-06,1157.75
9,4602,0.148620,3.32567083e-06,1158.25
9,4604,0.146910,3.32423542e-06,1158.79
9,4606,0.152663,3.32280229e-06,1159.38
9,4608,0.145426,3.32136483e-06,1159.89
9,4610,0.144192,3.31993169e-06,1160.39
9,4612,0.146906,3.31849651e-06,1160.87
9,4614,0.137324,3.31706315e-06,1161.31
9,4616,0.151102,3.31562592e-06,1161.85
9,4618,0.184893,3.31419483e-06,1162.41
9,4620,0.147850,3.31276374e-06,1162.87
9,4622,0.164651,3.31132833e-06,1163.35
9,4624,0.138075,3.30989724e-06,1163.80
9,4626,0.139417,3.30846206e-06,1164.26
9,4628,0.135747,3.30703097e-06,1164.78
9,4630,0.120099,3.30559760e-06,1165.28
9,4632,0.140539,3.30416856e-06,1165.76
9,4634,0.149353,3.30273338e-06,1166.22
9,4636,0.138806,3.30130433e-06,1166.69
9,4638,0.168566,3.29987529e-06,1167.14
9,4640,0.126258,3.29844420e-06,1167.67
9,4642,0.139991,3.29701516e-06,1168.21
9,4644,0.143147,3.29558202e-06,1168.66
9,4646,0.145112,3.29415502e-06,1169.16
9,4648,0.139772,3.29272393e-06,1169.67
9,4650,0.169381,3.29129693e-06,1170.10
9,4652,0.148282,3.28987016e-06,1170.59
9,4654,0.154201,3.28843907e-06,1171.10
9,4656,0.145025,3.28701208e-06,1171.61
9,4658,0.167804,3.28558303e-06,1172.10
9,4660,0.147125,3.28415604e-06,1172.65
9,4662,0.135957,3.28272699e-06,1173.18
9,4664,0.145132,3.28130227e-06,1173.64
9,4666,0.150230,3.27987323e-06,1174.11
9,4668,0.154345,3.27844828e-06,1174.59
9,4670,0.136733,3.27702560e-06,1175.17
9,4672,0.133670,3.27559655e-06,1175.67
9,4674,0.168625,3.27417388e-06,1176.17
9,4676,0.131799,3.27274688e-06,1176.67
9,4678,0.157951,3.27132193e-06,1177.18
9,4680,0.129983,3.26989721e-06,1177.67
9,4682,0.157459,3.26847453e-06,1178.20
9,4684,0.144779,3.26705162e-06,1178.69
9,4686,0.133610,3.26562463e-06,1179.30
9,4688,0.140981,3.26420400e-06,1179.84
9,4690,0.151571,3.26277927e-06,1180.40
9,4692,0.156818,3.26135842e-06,1180.90
9,4694,0.139737,3.25993369e-06,1181.47
9,4696,0.145410,3.25851306e-06,1181.99
9,4698,0.138871,3.25708811e-06,1182.48
9,4700,0.149496,3.25566953e-06,1182.98
9,4702,0.147049,3.25424890e-06,1183.47
9,4704,0.154707,3.25282622e-06,1183.96
9,4706,0.132512,3.25140763e-06,1184.52
9,4708,0.155590,3.24998473e-06,1185.08
9,4710,0.135371,3.24856614e-06,1185.56
9,4712,0.149418,3.24714347e-06,1186.07
9,4714,0.146142,3.24572693e-06,1186.65
9,4716,0.130837,3.24430835e-06,1187.18
9,4718,0.141394,3.24288771e-06,1187.69
9,4720,0.138110,3.24147118e-06,1188.19
9,4722,0.140769,3.24005055e-06,1188.70
9,4724,0.166968,3.23863401e-06,1189.16
9,4726,0.140320,3.23721542e-06,1189.65
9,4728,0.150320,3.23579889e-06,1190.09
9,4730,0.155121,3.23438030e-06,1190.61
9,4732,0.158987,3.23296376e-06,1191.14
9,4734,0.149505,3.23154927e-06,1191.61
9,4736,0.151787,3.23013069e-06,1192.10
9,4738,0.139211,3.22871642e-06,1192.58
9,4740,0.152515,3.22729989e-06,1193.03
9,4742,0.161111,3.22588539e-06,1193.59
9,4744,0.152054,3.22446886e-06,1194.11
9,4746,0.157210,3.22305459e-06,1194.60
9,4748,0.153466,3.22164215e-06,1195.07
9,4750,0.174144,3.22022561e-06,1195.54
9,4752,0.144774,3.21881339e-06,1195.97
9,4754,0.134215,3.21739685e-06,1196.49
9,4756,0.163127,3.21598668e-06,1196.92
9,4758,0.129202,3.21457014e-06,1197.42
9,4760,0.161171,3.21315974e-06,1197.90
9,4762,0.154756,3.21174548e-06,1198.44
9,4764,0.124178,3.21033508e-06,1198.91
9,4766,0.141295,3.20892491e-06,1199.40
9,4768,0.130208,3.20751042e-06,1199.94
9,4770,0.154214,3.20610229e-06,1200.42
9,4772,0.181734,3.20468803e-06,1200.89
9,4774,0.142137,3.20327968e-06,1201.35
9,4776,0.142180,3.20186746e-06,1201.85
9,4778,0.153834,3.20045933e-06,1202.36
9,4780,0.139417,3.19904689e-06,1202.81
9,4782,0.153286,3.19763876e-06,1203.30
9,4784,0.143624,3.19623064e-06,1203.80
9,4786,0.148850,3.19482047e-06,1204.25
9,4788,0.124350,3.19341439e-06,1204.82
9,4790,0.130233,3.19200399e-06,1205.32
9,4792,0.155319,3.19059791e-06,1205.80
9,4794,0.144988,3.18918774e-06,1206.30
9,4796,0.131128,3.18778166e-06,1206.89
9,4798,0.133325,3.18637558e-06,1207.42
9,4800,0.122976,3.18496745e-06,1207.94
9,4802,0.118141,3.18356138e-06,1208.47
9,4804,0.155249,3.18215325e-06,1208.99
9,4806,0.169098,3.18074922e-06,1209.54
9,4808,0.142246,3.17934314e-06,1210.08
9,4810,0.139852,3.17793911e-06,1210.67
9,4812,0.141818,3.17653098e-06,1211.19
9,4814,0.155777,3.17512900e-06,1211.74
9,4816,0.146749,3.17372519e-06,1212.30
9,4818,0.145394,3.17231911e-06,1212.83
9,4820,0.111354,3.17091713e-06,1213.30
9,4822,0.157612,3.16951105e-06,1213.76
9,4824,0.147507,3.16810906e-06,1214.30
9,4826,0.129738,3.16670526e-06,1214.77
9,4828,0.131393,3.16530327e-06,1215.22
9,4830,0.127916,3.16390333e-06,1215.68
9,4832,0.132952,3.16249952e-06,1216.18
9,4834,0.141495,3.16109958e-06,1216.65
9,4836,0.142801,3.15969555e-06,1217.16
9,4838,0.143023,3.15829584e-06,1217.64
9,4840,0.146213,3.15689181e-06,1218.12
9,4842,0.155154,3.15549414e-06,1218.65
9,4844,0.140832,3.15409216e-06,1219.19
9,4846,0.168201,3.15269244e-06,1219.76
9,4848,0.107517,3.15129478e-06,1220.26
9,4850,0.139459,3.14989279e-06,1220.70
9,4852,0.157558,3.14849513e-06,1221.16
9,4854,0.159303,3.14709519e-06,1221.71
9,4856,0.130177,3.14569752e-06,1222.16
9,4858,0.152250,3.14429758e-06,1222.66
9,4860,0.169279,3.14290196e-06,1223.12
9,4862,0.137007,3.14150634e-06,1223.62
9,4864,0.148716,3.14010663e-06,1224.10
9,4866,0.157255,3.13871101e-06,1224.62
9,4868,0.148246,3.13731312e-06,1225.11
9,4870,0.125446,3.13591750e-06,1225.58
9,4872,0.162636,3.13451983e-06,1226.15
9,4874,0.170476,3.13312421e-06,1226.64
9,4876,0.129837,3.13172654e-06,1227.12
9,4878,0.126217,3.13033297e-06,1227.60
9,4880,0.155880,3.12893940e-06,1228.05
9,4882,0.136448,3.12754378e-06,1228.47
9,4884,0.152479,3.12615020e-06,1228.93
9,4886,0.157659,3.12475458e-06,1229.41
9,4888,0.150438,3.12336306e-06,1229.96
9,4890,0.149689,3.12196744e-06,1230.44
9,4892,0.150786,3.12057591e-06,1230.94
9,4894,0.163192,3.11918438e-06,1231.39
9,4896,0.147905,3.11778876e-06,1231.97
9,4898,0.149788,3.11639951e-06,1232.56
9,4900,0.145168,3.11500594e-06,1233.08
9,4902,0.141012,3.11361441e-06,1233.68
9,4904,0.107754,3.11222084e-06,1234.14
9,4906,0.140530,3.11083136e-06,1234.65
9,4908,0.158407,3.10944006e-06,1235.18
9,4910,0.117603,3.10805058e-06,1235.66
9,4912,0.131261,3.10666132e-06,1236.18
9,4914,0.144961,3.10526980e-06,1236.66
9,4916,0.168718,3.10388236e-06,1237.11
9,4918,0.168701,3.10249106e-06,1237.68
9,4920,0.130278,3.10110363e-06,1238.23
9,4922,0.163228,3.09971210e-06,1238.69
9,4924,0.126250,3.09832490e-06,1239.18
9,4926,0.147145,3.09693974e-06,1239.75
9,4928,0.126430,3.09554821e-06,1240.23
9,4930,0.153585,3.09416305e-06,1240.67
9,4932,0.149337,3.09277357e-06,1241.15
9,4934,0.154191,3.09138841e-06,1241.69
9,4936,0.157280,3.08999915e-06,1242.22
9,4938,0.140821,3.08861581e-06,1242.75
9,4940,0.138000,3.08722656e-06,1243.28
9,4942,0.129130,3.08584345e-06,1243.82
9,4944,0.156885,3.08445829e-06,1244.34
9,4946,0.123458,3.08307085e-06,1244.82
9,4948,0.193718,3.08168774e-06,1245.31
9,4950,0.141467,3.08030258e-06,1245.89
9,4952,0.140129,3.07891946e-06,1246.52
9,4954,0.156406,3.07753430e-06,1247.11
9,4956,0.148738,3.07615119e-06,1247.68
9,4958,0.196902,3.07477012e-06,1248.18
9,4960,0.149371,3.07338473e-06,1248.72
9,4962,0.146345,3.07200389e-06,1249.20
9,4964,0.117824,3.07061850e-06,1249.71
9,4966,0.144314,3.06923766e-06,1250.18
9,4968,0.142197,3.06785432e-06,1250.73
9,4970,0.144619,3.06647348e-06,1251.25
9,4972,0.163063,3.06509037e-06,1251.74
9,4974,0.164608,3.06371135e-06,1252.16
9,4976,0.136746,3.06233233e-06,1252.61
9,4978,0.139178,3.06094921e-06,1253.09
9,4980,0.149064,3.05957019e-06,1253.61
9,4982,0.150070,3.05818912e-06,1254.16
9,4984,0.163475,3.05681033e-06,1254.77
9,4986,0.157255,3.05542926e-06,1255.24
9,4988,0.135712,3.05405229e-06,1255.78
9,4990,0.136083,3.05267554e-06,1256.29
9,4992,0.138273,3.05129447e-06,1256.81
9,4994,0.152947,3.04991977e-06,1257.33
9,4996,0.128335,3.04853870e-06,1257.83
9,4998,0.117077,3.04716377e-06,1258.37
9,5000,0.158031,3.04578498e-06,1258.96
9,5002,0.141161,3.04440800e-06,1259.54
9,5004,0.147938,3.04303126e-06,1260.04
9,5006,0.130993,3.04165633e-06,1260.55
9,5008,0.142626,3.04028163e-06,1261.07
9,5010,0.142968,3.03890261e-06,1261.58
9,5012,0.152072,3.03752995e-06,1262.06
9,5014,0.136924,3.03615320e-06,1262.56
9,5016,0.124741,3.03478032e-06,1263.05
9,5018,0.156496,3.03340357e-06,1263.53
9,5020,0.141488,3.03203092e-06,1263.99
9,5022,0.142799,3.03065804e-06,1264.47
9,5024,0.134788,3.02928333e-06,1264.95
9,5026,0.133876,3.02791068e-06,1265.41
9,5028,0.157176,3.02653598e-06,1265.90
9,5030,0.170126,3.02516537e-06,1266.42
9,5032,0.130930,3.02379044e-06,1266.93
9,5034,0.141499,3.02241983e-06,1267.46
9,5036,0.161862,3.02104513e-06,1267.90
9,5038,0.147060,3.01967657e-06,1268.40
9,5040,0.160597,3.01830596e-06,1268.86
9,5042,0.160340,3.01693331e-06,1269.33
9,5044,0.134025,3.01556474e-06,1269.87
9,5046,0.143082,3.01419209e-06,1270.40
9,5048,0.149264,3.01282353e-06,1270.86
9,5050,0.163093,3.01145292e-06,1271.36
9,5052,0.150278,3.01008436e-06,1271.87
9,5054,0.147651,3.00871579e-06,1272.38
9,5056,0.176110,3.00734519e-06,1272.82
9,5058,0.147183,3.00597890e-06,1273.30
9,5060,0.157745,3.00460829e-06,1273.82
9,5062,0.146164,3.00324177e-06,1274.29
9,5064,0.139511,3.00187321e-06,1274.73
9,5066,0.139385,3.00050692e-06,1275.22
9,5068,0.158502,2.99913836e-06,1275.70
9,5070,0.166891,2.99777184e-06,1276.20
9,5072,0.151936,2.99640760e-06,1276.71
9,5074,0.141109,2.99503904e-06,1277.19
9,5076,0.141870,2.99367457e-06,1277.66
9,5078,0.134271,2.99230828e-06,1278.22
9,5080,0.137468,2.99094381e-06,1278.74
9,5082,0.142598,2.98957752e-06,1279.22
9,5084,0.136139,2.98821510e-06,1279.82
9,5086,0.151722,2.98685086e-06,1280.28
9,5088,0.151258,2.98548434e-06,1280.82
9,5090,0.165656,2.98412215e-06,1281.35
9,5092,0.158335,2.98275768e-06,1281.89
9,5094,0.148389,2.98139548e-06,1282.43
9,5096,0.153920,2.98003124e-06,1282.93
9,5098,0.143384,2.97867086e-06,1283.44
9,5100,0.142423,2.97730662e-06,1283.96
9,5102,0.146095,2.97594647e-06,1284.44
9,5104,0.132451,2.97458632e-06,1284.89
9,5106,0.170890,2.97322185e-06,1285.40
9,5108,0.144764,2.97186170e-06,1285.85
9,5110,0.134868,2.97049951e-06,1286.37
9,5112,0.126359,2.96914141e-06,1286.89
9,5114,0.141879,2.96777921e-06,1287.41
9,5116,0.155676,2.96642111e-06,1287.90
9,5118,0.160050,2.96506300e-06,1288.38
9,5120,0.141424,2.96370058e-06,1288.89
9,5122,0.153558,2.96234248e-06,1289.43
9,5124,0.108097,2.96098233e-06,1289.96
9,5126,0.141345,2.95962650e-06,1290.48
9,5128,0.120604,2.95826612e-06,1290.92
9,5130,0.129609,2.95691029e-06,1291.45
9,5132,0.137431,2.95555014e-06,1291.94
9,5134,0.164197,2.95419409e-06,1292.41
9,5136,0.144161,2.95284008e-06,1292.94
9,5138,0.160927,2.95147993e-06,1293.37
9,5140,0.134662,2.95012592e-06,1293.85
9,5142,0.152627,2.94876781e-06,1294.30
9,5144,0.152326,2.94741403e-06,1294.79
9,5146,0.166085,2.94605593e-06,1295.26
9,5148,0.144263,2.94470192e-06,1295.69
9,5150,0.135509,2.94335018e-06,1296.15
9,5152,0.155795,2.94199208e-06,1296.65
9,5154,0.145571,2.94064034e-06,1297.16
9,5156,0.155234,2.93928429e-06,1297.72
9,5158,0.142807,2.93793232e-06,1298.18
9,5160,0.166995,2.93657649e-06,1298.74
9,5162,0.145976,2.93522453e-06,1299.30
9,5164,0.115619,2.93387052e-06,1299.78
9,5166,0.139123,2.93251878e-06,1300.25
9,5168,0.132841,2.93116909e-06,1300.77
9,5170,0.149538,2.92981508e-06,1301.33
9,5172,0.144316,2.92846539e-06,1301.88
9,5174,0.158925,2.92711138e-06,1302.38
9,5176,0.144411,2.92576169e-06,1302.91
9,5178,0.148069,2.92440996e-06,1303.48
9,5180,0.149368,2.92306231e-06,1303.94
9,5182,0.153483,2.92171239e-06,1304.47
9,5184,0.140854,2.92036066e-06,1304.94
9,5186,0.143455,2.91901301e-06,1305.45
9,5188,0.153253,2.91766105e-06,1306.02
9,5190,0.127251,2.91631568e-06,1306.54
9,5192,0.153399,2.91496372e-06,1306.97
9,5194,0.126793,2.91361812e-06,1307.48
9,5196,0.157345,2.91226843e-06,1307.99
9,5198,0.135242,2.91092078e-06,1308.52
9,5200,0.154033,2.90957519e-06,1309.12
9,5202,0.163769,2.90822754e-06,1309.62
9,5204,0.160079,2.90688195e-06,1310.10
9,5206,0.148621,2.90553226e-06,1310.63
9,5208,0.136526,2.90418870e-06,1311.12
9,5210,0.125975,2.90284106e-06,1311.61
9,5212,0.152527,2.90149546e-06,1312.08
9,5214,0.132556,2.90015191e-06,1312.60
9,5216,0.149827,2.89880631e-06,1313.08
9,5218,0.139547,2.89746299e-06,1313.59
9,5220,0.173121,2.89611535e-06,1314.13
9,5222,0.147484,2.89477384e-06,1314.60
9,5224,0.152162,2.89342825e-06,1315.12
9,5226,0.173405,2.89208697e-06,1315.58
9,5228,0.147050,2.89074137e-06,1316.06
9,5230,0.155362,2.88939987e-06,1316.60
9,5232,0.145972,2.88805859e-06,1317.03
9,5234,0.158303,2.88671504e-06,1317.61
9,5236,0.134465,2.88537353e-06,1318.07
9,5238,0.153822,2.88403021e-06,1318.53
9,5240,0.147659,2.88269075e-06,1319.03
9,5242,0.149793,2.88134743e-06,1319.55
9,5244,0.146347,2.88000797e-06,1320.00
9,5246,0.165451,2.87866874e-06,1320.51
9,5248,0.119789,2.87732723e-06,1320.98
9,5250,0.157792,2.87598800e-06,1321.50
9,5252,0.123328,2.87464650e-06,1322.00
9,5254,0.136421,2.87330931e-06,1322.53
9,5256,0.154627,2.87196804e-06,1323.00
9,5258,0.149053,2.87063062e-06,1323.49
9,5260,0.126587,2.86929139e-06,1323.98
9,5262,0.146527,2.86795421e-06,1324.49
9,5264,0.144644,2.86661702e-06,1324.96
9,5266,0.122370,2.86527757e-06,1325.43
9,5268,0.162626,2.86394243e-06,1325.87
9,5270,0.154879,2.86260320e-06,1326.39
9,5272,0.137297,2.86126806e-06,1326.96
9,5274,0.135943,2.85993087e-06,1327.44
9,5276,0.134258,2.85859574e-06,1327.89
9,5278,0.127302,2.85726037e-06,1328.37
9,5280,0.128308,2.85592319e-06,1328.87
9,5282,0.126762,2.85459009e-06,1329.38
9,5284,0.129259,2.85325291e-06,1329.88
9,5286,0.172934,2.85191982e-06,1330.37
9,5288,0.134589,2.85058468e-06,1330.82
9,5290,0.144195,2.84925181e-06,1331.33
9,5292,0.186405,2.84791645e-06,1331.85
9,5294,0.158286,2.84658563e-06,1332.32
9,5296,0.160061,2.84525254e-06,1332.80
9,5298,0.155533,2.84391945e-06,1333.28
9,5300,0.128739,2.84258840e-06,1333.81
9,5302,0.137376,2.84125326e-06,1334.29
9,5304,0.162331,2.83992244e-06,1334.78
9,5306,0.173148,2.83858935e-06,1335.29
9,5308,0.151954,2.83726035e-06,1335.79
9,5310,0.137047,2.83592749e-06,1336.27
9,5312,0.145895,2.83459849e-06,1336.78
9,5314,0.139797,2.83326972e-06,1337.26
9,5316,0.142878,2.83193663e-06,1337.75
9,5318,0.156688,2.83060967e-06,1338.28
9,5320,0.113036,2.82927681e-06,1338.75
9,5322,0.171062,2.82794986e-06,1339.22
9,5324,0.152298,2.82661904e-06,1339.69
9,5326,0.157417,2.82529209e-06,1340.17
9,5328,0.132797,2.82396536e-06,1340.63
9,5330,0.135919,2.82263636e-06,1341.10
9,5332,0.127781,2.82130964e-06,1341.63
9,5334,0.163722,2.81998086e-06,1342.10
9,5336,0.139436,2.81865391e-06,1342.60
9,5338,0.166866,2.81732514e-06,1343.10
9,5340,0.134559,2.81600046e-06,1343.61
9,5342,0.142132,2.81467351e-06,1344.04
9,5344,0.126764,2.81334883e-06,1344.52
9,5346,0.126461,2.81202415e-06,1345.09
9,5348,0.127778,2.81069742e-06,1345.56
9,5350,0.153180,2.80937479e-06,1346.03
9,5352,0.165279,2.80804784e-06,1346.48
9,5354,0.128158,2.80672521e-06,1346.97
9,5356,0.150194,2.80539848e-06,1347.42
9,5358,0.142392,2.80407585e-06,1347.96
9,5360,0.171790,2.80275322e-06,1348.43
9,5362,0.165951,2.80142854e-06,1348.94
9,5364,0.134276,2.80010795e-06,1349.43
9,5366,0.130442,2.79878327e-06,1349.92
9,5368,0.128870,2.79746268e-06,1350.42
9,5370,0.145654,2.79613801e-06,1350.91
9,5372,0.146376,2.79481947e-06,1351.41
9,5374,0.118435,2.79349479e-06,1351.88
9,5376,0.143060,2.79217647e-06,1352.39
9,5378,0.179206,2.79085589e-06,1352.88
9,5380,0.148928,2.78953326e-06,1353.43
9,5382,0.143515,2.78821472e-06,1353.90
9,5384,0.168356,2.78689413e-06,1354.39
9,5386,0.140362,2.78557582e-06,1354.92
9,5388,0.160372,2.78425523e-06,1355.42
9,5390,0.148377,2.78293669e-06,1355.91
9,5392,0.120516,2.78162042e-06,1356.38
9,5394,0.151045,2.78029984e-06,1356.91
9,5396,0.131036,2.77898357e-06,1357.44
9,5398,0.116536,2.77766298e-06,1357.98
9,5400,0.138004,2.77634649e-06,1358.46
9,5402,0.165793,2.77502818e-06,1358.96
9,5404,0.133393,2.77371169e-06,1359.45
9,5406,0.132136,2.77239542e-06,1359.99
9,5408,0.150625,2.77107893e-06,1360.47
9,5410,0.132245,2.76976471e-06,1360.96
9,5412,0.151708,2.76844844e-06,1361.49
9,5414,0.132663,2.76713399e-06,1361.96
9,5416,0.162379,2.76581568e-06,1362.43
9,5418,0.162929,2.76450351e-06,1362.91
9,5420,0.141094,2.76318701e-06,1363.37
9,5422,0.152827,2.76187484e-06,1363.86
9,5424,0.161700,2.76056267e-06,1364.36
9,5426,0.177905,2.75924640e-06,1364.83
9,5428,0.137735,2.75793400e-06,1365.28
9,5430,0.140172,2.75661978e-06,1365.81
9,5432,0.145442,2.75530761e-06,1366.29
9,5434,0.154243,2.75399339e-06,1366.80
9,5436,0.149453,2.75268326e-06,1367.33
9,5438,0.149287,2.75137108e-06,1367.90
9,5440,0.126641,2.75006096e-06,1368.37
9,5442,0.152036,2.74875083e-06,1368.88
9,5444,0.135557,2.74743866e-06,1369.39
9,5446,0.138362,2.74612853e-06,1369.92
9,5448,0.144832,2.74481636e-06,1370.42
9,5450,0.152988,2.74350828e-06,1370.97
9,5452,0.143068,2.74219610e-06,1371.43
9,5454,0.159204,2.74088802e-06,1371.93
9,5456,0.150890,2.73957994e-06,1372.46
9,5458,0.131548,2.73827004e-06,1372.94
9,5460,0.145430,2.73696401e-06,1373.41
9,5462,0.174606,2.73565388e-06,1373.93
9,5464,0.156241,2.73434580e-06,1374.38
9,5466,0.145193,2.73303795e-06,1374.82
9,5468,0.161409,2.73173191e-06,1375.33
9,5470,0.154521,2.73042178e-06,1375.83
9,5472,0.150764,2.72911802e-06,1376.38
9,5474,0.143930,2.72781199e-06,1376.85
9,5476,0.137934,2.72650391e-06,1377.33
9,5478,0.122922,2.72520015e-06,1377.87
9,5480,0.135996,2.72389207e-06,1378.36
9,5482,0.159427,2.72258831e-06,1378.84
9,5484,0.155216,2.72128227e-06,1379.31
9,5486,0.128433,2.71997851e-06,1379.80
9,5488,0.145938,2.71867680e-06,1380.36
9,5490,0.146899,2.71737076e-06,1380.89
9,5492,0.131280,2.71606905e-06,1381.40
9,5494,0.169442,2.71476301e-06,1381.90
9,5496,0.157035,2.71346130e-06,1382.40
9,5498,0.138444,2.71215754e-06,1382.97
9,5500,0.124502,2.71085560e-06,1383.48
9,5502,0.158056,2.70955184e-06,1384.09
9,5504,0.139359,2.70825217e-06,1384.59
9,5506,0.127966,2.70695045e-06,1385.05
9,5508,0.111034,2.70564851e-06,1385.51
9,5510,0.162818,2.70434884e-06,1385.99
9,5512,0.140256,2.70304713e-06,1386.45
9,5514,0.161711,2.70174746e-06,1386.98
9,5516,0.174719,2.70044575e-06,1387.43
9,5518,0.159607,2.69914608e-06,1387.92
9,5520,0.128885,2.69784846e-06,1388.46
9,5522,0.163896,2.69654879e-06,1388.95
9,5524,0.118737,2.69525117e-06,1389.49
9,5526,0.146301,2.69394945e-06,1390.03
9,5528,0.164798,2.69265388e-06,1390.52
9,5530,0.136604,2.69135421e-06,1391.02
9,5532,0.156873,2.69005659e-06,1391.47
9,5534,0.118674,2.68875897e-06,1391.96
9,5536,0.157807,2.68746135e-06,1392.42
9,5538,0.152550,2.68616805e-06,1392.89
9,5540,0.149720,2.68486838e-06,1393.38
9,5542,0.136738,2.68357485e-06,1393.88
9,5544,0.158305,2.68227723e-06,1394.36
9,5546,0.163970,2.68098188e-06,1394.85
9,5548,0.150167,2.67968426e-06,1395.33
9,5550,0.148869,2.67839073e-06,1395.83
9,5552,0.157295,2.67709743e-06,1396.31
9,5554,0.140300,2.67580185e-06,1396.79
9,5556,0.134479,2.67450855e-06,1397.29
9,5558,0.167056,2.67321298e-06,1397.81
9,5560,0.160294,2.67192172e-06,1398.36
9,5562,0.135344,2.67062615e-06,1398.84
9,5564,0.142422,2.66933489e-06,1399.31
9,5566,0.159250,2.66804136e-06,1399.80
9,5568,0.146717,2.66675011e-06,1400.32
9,5570,0.128887,2.66545862e-06,1400.84
9,5572,0.138020,2.66416532e-06,1401.36
9,5574,0.149267,2.66287611e-06,1401.84
9,5576,0.170325,2.66158258e-06,1402.47
9,5578,0.141766,2.66029338e-06,1402.94
9,5580,0.156468,2.65900212e-06,1403.39
9,5582,0.114324,2.65771268e-06,1403.94
9,5584,0.160734,2.65642552e-06,1404.46
9,5586,0.143849,2.65513427e-06,1404.93
9,5588,0.151475,2.65384506e-06,1405.46
9,5590,0.123606,2.65255358e-06,1405.95
9,5592,0.163937,2.65126641e-06,1406.45
9,5594,0.140246,2.64997720e-06,1406.97
9,5596,0.124230,2.64869004e-06,1407.59
9,5598,0.157804,2.64740083e-06,1408.11
9,5600,0.117315,2.64611572e-06,1408.62
9,5602,0.134226,2.64482856e-06,1409.15
9,5604,0.157150,2.64354139e-06,1409.70
9,5606,0.139356,2.64225628e-06,1410.16
9,5608,0.163807,2.64096707e-06,1410.65
9,5610,0.134555,2.63968195e-06,1411.17
9,5612,0.122867,2.63839479e-06,1411.75
9,5614,0.136419,2.63711195e-06,1412.23
9,5616,0.156368,2.63582888e-06,1412.74
9,5618,0.115823,2.63454172e-06,1413.27
9,5620,0.154714,2.63325887e-06,1413.81
9,5622,0.145956,2.63197171e-06,1414.29
9,5624,0.141949,2.63069069e-06,1414.87
9,5626,0.165707,2.62940557e-06,1415.45
9,5628,0.153764,2.62812273e-06,1416.00
9,5630,0.131298,2.62683761e-06,1416.51
9,5632,0.140204,2.62555659e-06,1417.03
9,5634,0.130707,2.62427579e-06,1417.56
9,5636,0.140907,2.62299272e-06,1418.04
9,5638,0.138848,2.62171193e-06,1418.57
9,5640,0.161433,2.62042886e-06,1419.09
9,5642,0.158305,2.61914806e-06,1419.66
9,5644,0.146055,2.61786704e-06,1420.14
9,5646,0.123260,2.61658624e-06,1420.63
9,5648,0.147739,2.61530727e-06,1421.17
9,5650,0.145970,2.61402647e-06,1421.67
9,5652,0.167947,2.61274772e-06,1422.20
9,5654,0.145786,2.61146670e-06,1422.73
9,5656,0.143609,2.61018999e-06,1423.22
9,5658,0.151415,2.60890897e-06,1423.70
9,5660,0.190739,2.60763227e-06,1424.26
9,5662,0.140791,2.60635147e-06,1424.83
9,5664,0.138324,2.60507682e-06,1425.34
9,5666,0.150922,2.60380011e-06,1425.88
9,5668,0.142896,2.60252136e-06,1426.41
9,5670,0.151968,2.60124443e-06,1426.97
9,5672,0.135222,2.59996773e-06,1427.47
9,5674,0.141718,2.59869103e-06,1427.95
9,5676,0.148480,2.59741432e-06,1428.42
9,5678,0.144302,2.59613967e-06,1428.91
9,5680,0.115162,2.59486501e-06,1429.41
9,5682,0.154980,2.59358831e-06,1429.91
9,5684,0.158008,2.59231570e-06,1430.43
9,5686,0.178596,2.59103899e-06,1430.93
9,5688,0.115916,2.58976638e-06,1431.43
9,5690,0.135168,2.58848968e-06,1431.90
9,5692,0.147804,2.58721934e-06,1432.43
9,5694,0.163364,2.58594241e-06,1432.93
9,5696,0.166460,2.58467207e-06,1433.42
9,5698,0.147484,2.58339946e-06,1433.89
9,5700,0.151597,2.58212685e-06,1434.41
9,5702,0.160458,2.58085652e-06,1434.91
9,5704,0.171181,2.57958186e-06,1435.41
9,5706,0.152394,2.57831130e-06,1435.87
9,5708,0.135206,2.57703869e-06,1436.37
9,5710,0.134965,2.57577040e-06,1436.89
9,5712,0.133427,2.57449983e-06,1437.43
9,5714,0.112910,2.57322745e-06,1437.92
9,5716,0.135574,2.57195893e-06,1438.47
9,5718,0.172875,2.57068859e-06,1438.90
9,5720,0.149133,2.56942008e-06,1439.40
9,5722,0.154567,2.56814974e-06,1439.88
9,5724,0.131157,2.56688122e-06,1440.36
9,5726,0.162841,2.56561088e-06,1440.82
9,5728,0.134225,2.56434441e-06,1441.27
9,5730,0.125740,2.56307817e-06,1441.75
9,5732,0.119917,2.56180988e-06,1442.20
9,5734,0.136786,2.56054341e-06,1442.74
9,5736,0.139965,2.55927512e-06,1443.24
9,5738,0.153592,2.55800887e-06,1443.67
9,5740,0.146419,2.55674036e-06,1444.12
9,5742,0.151557,2.55547616e-06,1444.63
9,5744,0.141757,2.55421196e-06,1445.06
9,5746,0.144920,2.55294572e-06,1445.61
9,5748,0.159657,2.55168152e-06,1446.13
9,5750,0.153553,2.55041527e-06,1446.66
9,5752,0.146850,2.54915085e-06,1447.24
9,5754,0.148989,2.54788461e-06,1447.74
9,5756,0.120721,2.54662245e-06,1448.26
9,5758,0.149292,2.54535621e-06,1448.76
9,5760,0.138409,2.54409611e-06,1449.23
9,5762,0.142756,2.54283395e-06,1449.71
9,5764,0.140027,2.54156976e-06,1450.20
9,5766,0.143878,2.54030761e-06,1450.66
9,5768,0.146915,2.53904341e-06,1451.12
9,5770,0.148957,2.53778353e-06,1451.57
9,5772,0.154475,2.53652138e-06,1452.11
9,5774,0.130700,2.53526127e-06,1452.58
9,5776,0.155437,2.53400117e-06,1453.08
9,5778,0.151272,2.53273902e-06,1453.53
9,5780,0.141613,2.53147914e-06,1454.06
9,5782,0.136250,2.53021699e-06,1454.54
9,5784,0.158577,2.52895893e-06,1455.09
9,5786,0.135096,2.52769905e-06,1455.58
9,5788,0.156588,2.52644099e-06,1456.16
9,5790,0.164543,2.52518089e-06,1456.68
9,5792,0.183003,2.52392306e-06,1457.17
9,5794,0.149593,2.52266500e-06,1457.62
9,5796,0.158091,2.52140717e-06,1458.09
9,5798,0.135990,2.52014911e-06,1458.63
9,5800,0.129726,2.51889105e-06,1459.12
9,5802,0.164810,2.51763527e-06,1459.68
9,5804,0.148376,2.51637744e-06,1460.22
9,5806,0.131879,2.51512142e-06,1460.79
9,5808,0.109711,2.51386768e-06,1461.33
9,5810,0.123732,2.51260963e-06,1461.83
9,5812,0.156910,2.51135589e-06,1462.32
9,5814,0.120568,2.51009806e-06,1462.82
9,5816,0.139911,2.50884409e-06,1463.30
9,5818,0.125802,2.50758831e-06,1463.82
9,5820,0.151245,2.50633661e-06,1464.32
9,5822,0.140448,2.50508083e-06,1464.81
9,5824,0.141530,2.50382709e-06,1465.31
9,5826,0.152291,2.50257540e-06,1465.77
9,5828,0.149535,2.50132143e-06,1466.30
9,5830,0.161464,2.50006974e-06,1466.75
9,5832,0.159938,2.49881600e-06,1467.30
9,5834,0.152020,2.49756431e-06,1467.76
9,5836,0.143534,2.49631057e-06,1468.29
9,5838,0.152777,2.49506093e-06,1468.77
9,5840,0.153960,2.49381128e-06,1469.23
9,5842,0.146039,2.49255754e-06,1469.72
9,5844,0.149993,2.49130790e-06,1470.25
9,5846,0.152168,2.49005620e-06,1470.78
9,5848,0.143885,2.48880860e-06,1471.33
9,5850,0.130379,2.48755691e-06,1471.82
9,5852,0.120852,2.48630954e-06,1472.29
9,5854,0.146994,2.48505785e-06,1472.73
9,5856,0.141647,2.48381025e-06,1473.24
9,5858,0.136062,2.48256265e-06,1473.68
9,5860,0.140753,2.48131300e-06,1474.18
9,5862,0.159901,2.48006563e-06,1474.63
9,5864,0.152779,2.47881599e-06,1475.11
9,5866,0.159242,2.47757043e-06,1475.59
9,5868,0.119686,2.47632306e-06,1476.06
9,5870,0.143092,2.47507751e-06,1476.58
9,5872,0.132163,2.47382786e-06,1477.04
9,5874,0.147939,2.47258458e-06,1477.51
9,5876,0.135043,2.47133926e-06,1477.98
9,5878,0.153451,2.47009166e-06,1478.46
9,5880,0.150956,2.46884838e-06,1478.96
9,5882,0.157476,2.46760078e-06,1479.44
9,5884,0.107325,2.46635750e-06,1479.95
9,5886,0.129341,2.46511195e-06,1480.50
9,5888,0.137896,2.46387071e-06,1480.95
9,5890,0.151543,2.46262744e-06,1481.52
9,5892,0.139269,2.46138188e-06,1482.01
9,5894,0.156912,2.46014065e-06,1482.55
9,5896,0.128130,2.45889532e-06,1483.11
9,5898,0.143051,2.45765386e-06,1483.59
9,5900,0.143440,2.45641058e-06,1484.14
9,5902,0.143858,2.45517140e-06,1484.67
9,5904,0.169601,2.45392812e-06,1485.20
9,5906,0.140003,2.45268689e-06,1485.74
9,5908,0.124862,2.45144770e-06,1486.25
9,5910,0.150017,2.45020419e-06,1486.83
9,5912,0.145106,2.44896501e-06,1487.36
9,5914,0.137578,2.44772377e-06,1487.86
9,5916,0.155894,2.44648663e-06,1488.35
9,5918,0.130507,2.44524540e-06,1488.88
9,5920,0.141526,2.44400621e-06,1489.35
9,5922,0.136584,2.44276907e-06,1489.86
9,5924,0.157620,2.44152989e-06,1490.40
9,5926,0.149757,2.44029297e-06,1490.94
9,5928,0.148296,2.43905174e-06,1491.42
9,5930,0.149714,2.43781665e-06,1491.92
9,5932,0.138447,2.43657746e-06,1492.48
9,5934,0.162051,2.43534032e-06,1492.98
9,5936,0.124137,2.43410318e-06,1493.45
9,5938,0.157990,2.43286831e-06,1493.93
9,5940,0.159050,2.43163322e-06,1494.43
9,5942,0.145201,2.43039608e-06,1494.88
9,5944,0.147044,2.42916121e-06,1495.42
9,5946,0.157970,2.42792407e-06,1495.88
9,5948,0.128948,2.42669103e-06,1496.39
9,5950,0.135374,2.42545411e-06,1496.86
9,5952,0.146272,2.42422107e-06,1497.32
9,5954,0.132325,2.42298825e-06,1497.75
9,5956,0.146030,2.42175315e-06,1498.25
9,5958,0.162328,2.42052033e-06,1498.74
9,5960,0.145012,2.41928728e-06,1499.20
9,5962,0.160200,2.41805446e-06,1499.72
9,5964,0.128432,2.41682142e-06,1500.24
9,5966,0.135395,2.41559064e-06,1500.70
9,5968,0.143879,2.41435555e-06,1501.16
9,5970,0.142911,2.41312682e-06,1501.64
9,5972,0.157113,2.41189605e-06,1502.15
9,5974,0.144023,2.41066323e-06,1502.60
9,5976,0.146221,2.40943427e-06,1503.11
9,5978,0.171897,2.40820145e-06,1503.61
9,5980,0.139634,2.40697273e-06,1504.16
9,5982,0.135919,2.40574195e-06,1504.63
9,5984,0.152063,2.40451322e-06,1505.10
9,5986,0.141147,2.40328654e-06,1505.57
9,5988,0.160561,2.40205554e-06,1506.05
9,5990,0.158019,2.40082886e-06,1506.55
9,5992,0.144365,2.39959809e-06,1507.03
9,5994,0.125890,2.39837141e-06,1507.56
9,5996,0.140909,2.39714268e-06,1508.10
9,5998,0.160719,2.39591600e-06,1508.58
9,6000,0.154937,2.39468727e-06,1509.13
9,6002,0.160513,2.39346264e-06,1509.70
9,6004,0.145187,2.39223596e-06,1510.26
9,6006,0.130446,2.39100950e-06,1510.76
9,6008,0.135674,2.38978487e-06,1511.36
9,6010,0.135303,2.38855819e-06,1511.90
9,6012,0.151292,2.38733355e-06,1512.36
9,6014,0.155369,2.38610687e-06,1512.93
9,6016,0.139759,2.38488224e-06,1513.43
9,6018,0.148194,2.38365988e-06,1513.99
9,6020,0.158292,2.38243524e-06,1514.50
9,6022,0.183011,2.38121288e-06,1514.98
9,6024,0.152253,2.37998620e-06,1515.53
9,6026,0.148817,2.37876566e-06,1516.05
9,6028,0.145822,2.37754102e-06,1516.54
9,6030,0.142059,2.37631866e-06,1517.09
9,6032,0.152083,2.37509607e-06,1517.69
9,6034,0.156582,2.37387576e-06,1518.23
9,6036,0.131324,2.37265544e-06,1518.71
9,6038,0.159514,2.37143286e-06,1519.19
9,6040,0.153763,2.37021254e-06,1519.66
9,6042,0.150004,2.36898995e-06,1520.12
9,6044,0.137805,2.36777169e-06,1520.59
9,6046,0.144415,2.36654910e-06,1521.06
9,6048,0.142493,2.36533083e-06,1521.56
9,6050,0.137839,2.36411256e-06,1522.05
9,6052,0.138516,2.36289202e-06,1522.56
9,6054,0.149868,2.36167375e-06,1523.02
9,6056,0.164096,2.36045344e-06,1523.45
9,6058,0.155634,2.35923721e-06,1523.88
9,6060,0.125206,2.35801667e-06,1524.41
9,6062,0.158595,2.35680045e-06,1524.92
9,6064,0.135126,2.35558218e-06,1525.43
9,6066,0.168815,2.35436596e-06,1525.93
9,6068,0.136651,2.35315179e-06,1526.43
9,6070,0.146545,2.35193352e-06,1526.89
9,6072,0.142876,2.35071730e-06,1527.40
9,6074,0.154644,2.34950107e-06,1527.90
9,6076,0.135313,2.34828690e-06,1528.41
9,6078,0.153622,2.34706863e-06,1528.87
9,6080,0.116420,2.34585650e-06,1529.37
9,6082,0.156282,2.34464233e-06,1529.95
9,6084,0.138728,2.34342610e-06,1530.46
9,6086,0.136262,2.34221397e-06,1530.93
9,6088,0.154360,2.34099775e-06,1531.43
9,6090,0.137005,2.33978585e-06,1531.92
9,6092,0.145062,2.33857168e-06,1532.44
9,6094,0.148435,2.33735955e-06,1532.99
9,6096,0.139409,2.33614537e-06,1533.49
9,6098,0.134819,2.33493552e-06,1533.98
9,6100,0.132525,2.33372543e-06,1534.48
9,6102,0.167900,2.33251126e-06,1534.96
9,6104,0.121637,2.33130140e-06,1535.50
9,6106,0.140671,2.33008927e-06,1536.03
9,6108,0.165063,2.32887919e-06,1536.54
9,6110,0.135641,2.32766729e-06,1537.00
9,6112,0.118344,2.32645925e-06,1537.51
9,6114,0.147771,2.32524940e-06,1538.02
9,6116,0.143757,2.32403931e-06,1538.49
9,6118,0.163038,2.32283151e-06,1538.98
9,6120,0.160663,2.32162165e-06,1539.51
9,6122,0.128939,2.32041361e-06,1540.01
9,6124,0.161066,2.31920376e-06,1540.54
9,6126,0.146171,2.31799572e-06,1541.06
9,6128,0.126083,2.31678791e-06,1541.49
9,6130,0.164258,2.31558215e-06,1542.03
9,6132,0.140834,2.31437639e-06,1542.55
9,6134,0.155688,2.31316835e-06,1543.05
9,6136,0.118834,2.31196259e-06,1543.49
9,6138,0.155104,2.31075478e-06,1544.00
9,6140,0.150738,2.30955106e-06,1544.47
9,6142,0.129988,2.30834303e-06,1544.97
9,6144,0.147276,2.30713931e-06,1545.44
9,6146,0.142845,2.30593560e-06,1545.89
9,6148,0.139661,2.30472983e-06,1546.39
9,6150,0.154333,2.30352612e-06,1546.88
9,6152,0.134618,2.30232035e-06,1547.40
9,6154,0.152794,2.30111868e-06,1547.87
9,6156,0.136286,2.29991292e-06,1548.38
9,6158,0.129002,2.29871125e-06,1548.85
9,6160,0.162646,2.29750754e-06,1549.32
9,6162,0.145184,2.29630587e-06,1549.81
9,6164,0.134319,2.29510442e-06,1550.30
9,6166,0.151254,2.29390071e-06,1550.74
9,6168,0.142942,2.29270108e-06,1551.24
9,6170,0.151438,2.29149737e-06,1551.73
9,6172,0.124942,2.29029774e-06,1552.22
9,6174,0.137653,2.28909607e-06,1552.71
9,6176,0.170049,2.28789668e-06,1553.24
9,6178,0.153621,2.28669910e-06,1553.70
9,6180,0.155410,2.28549766e-06,1554.20
9,6182,0.157018,2.28430008e-06,1554.66
9,6184,0.124925,2.28309841e-06,1555.13
9,6186,0.133979,2.28190106e-06,1555.60
9,6188,0.143016,2.28070144e-06,1556.10
9,6190,0.154389,2.27950409e-06,1556.56
9,6192,0.164105,2.27830446e-06,1557.00
9,6194,0.122774,2.27710711e-06,1557.53
9,6196,0.138080,2.27591158e-06,1557.99
9,6198,0.133198,2.27471423e-06,1558.48
9,6200,0.139744,2.27351870e-06,1558.99
9,6202,0.126640,2.27231931e-06,1559.47
9,6204,0.154010,2.27112605e-06,1559.96
9,6206,0.150802,2.26992847e-06,1560.49
9,6208,0.164060,2.26873317e-06,1560.99
9,6210,0.175709,2.26753991e-06,1561.46
9,6212,0.151800,2.26634234e-06,1561.98
9,6214,0.139519,2.26514908e-06,1562.41
9,6216,0.158321,2.26395377e-06,1562.92
9,6218,0.178026,2.26276052e-06,1563.40
9,6220,0.141749,2.26156499e-06,1563.90
9,6222,0.162661,2.26037400e-06,1564.43
9,6224,0.157698,2.25917847e-06,1564.96
9,6226,0.145203,2.25798726e-06,1565.50
9,6228,0.161896,2.25679605e-06,1565.98
9,6230,0.150790,2.25560279e-06,1566.52
9,6232,0.137939,2.25441158e-06,1567.00
9,6234,0.148346,2.25321833e-06,1567.57
9,6236,0.166771,2.25202916e-06,1568.10
9,6238,0.143918,2.25083591e-06,1568.64
9,6240,0.118548,2.24964674e-06,1569.20
9,6242,0.170501,2.24845780e-06,1569.72
9,6244,0.160964,2.24726659e-06,1570.24
9,6246,0.157751,2.24607948e-06,1570.77
9,6248,0.142265,2.24488826e-06,1571.33
9,6250,0.153201,2.24369910e-06,1571.82
9,6252,0.143232,2.24251016e-06,1572.35
9,6254,0.130098,2.24132305e-06,1572.86
9,6256,0.128573,2.24013183e-06,1573.35
9,6258,0.145202,2.23894699e-06,1573.84
9,6260,0.160791,2.23775987e-06,1574.29
9,6262,0.131646,2.23657071e-06,1574.78
9,6264,0.142808,2.23538586e-06,1575.27
9,6266,0.163641,2.23419670e-06,1575.75
9,6268,0.127169,2.23301186e-06,1576.21
9,6270,0.160382,2.23182474e-06,1576.73
9,6272,0.141086,2.23063989e-06,1577.18
9,6274,0.132818,2.22945482e-06,1577.68
9,6276,0.132458,2.22826793e-06,1578.19
9,6278,0.134809,2.22708491e-06,1578.67
9,6280,0.129319,2.22590006e-06,1579.17
9,6282,0.137441,2.22471726e-06,1579.67
9,6284,0.140525,2.22353015e-06,1580.17
9,6286,0.147963,2.22234939e-06,1580.68
9,6288,0.150851,2.22116455e-06,1581.20
9,6290,0.167542,2.21998152e-06,1581.68
9,6292,0.157907,2.21880077e-06,1582.14
9,6294,0.133028,2.21761593e-06,1582.61
9,6296,0.155718,2.21643518e-06,1583.14
9,6298,0.128476,2.21525238e-06,1583.62
9,6300,0.142190,2.21407140e-06,1584.10
9,6302,0.152622,2.21288860e-06,1584.65
9,6304,0.122319,2.21170990e-06,1585.15
9,6306,0.165777,2.21053119e-06,1585.65
9,6308,0.160443,2.20934839e-06,1586.21
9,6310,0.140014,2.20816969e-06,1586.70
9,6312,0.166173,2.20698894e-06,1587.25
9,6314,0.152241,2.20581023e-06,1587.76
9,6316,0.131359,2.20462948e-06,1588.28
9,6318,0.157077,2.20345305e-06,1588.81
9,6320,0.154860,2.20227207e-06,1589.41
9,6322,0.149734,2.20109564e-06,1589.95
9,6324,0.161470,2.19991898e-06,1590.52
9,6326,0.139759,2.19874028e-06,1591.07
9,6328,0.148101,2.19756362e-06,1591.55
9,6330,0.142575,2.19638491e-06,1592.02
9,6332,0.131369,2.19521053e-06,1592.51
9,6334,0.148303,2.19403182e-06,1593.00
9,6336,0.135084,2.19285744e-06,1593.56
9,6338,0.127752,2.19168282e-06,1594.16
9,6340,0.162134,2.19050617e-06,1594.69
9,6342,0.141677,2.18933383e-06,1595.23
9,6344,0.137340,2.18815717e-06,1595.75
9,6346,0.121777,2.18698278e-06,1596.24
9,6348,0.098046,2.18580817e-06,1596.72
9,6350,0.120427,2.18463583e-06,1597.31
9,6352,0.141381,2.18345917e-06,1597.83
9,6354,0.146431,2.18228888e-06,1598.33
9,6356,0.157847,2.18111632e-06,1598.85
9,6358,0.169749,2.17994193e-06,1599.38
9,6360,0.140245,2.17877164e-06,1599.88
9,6362,0.137831,2.17759703e-06,1600.38
9,6364,0.143468,2.17642673e-06,1600.86
9,6366,0.133276,2.17525439e-06,1601.43
9,6368,0.132465,2.17408387e-06,1601.90
9,6370,0.138706,2.17291358e-06,1602.42
9,6372,0.157613,2.17174329e-06,1602.87
9,6374,0.168096,2.17057300e-06,1603.44
9,6376,0.116802,2.16940271e-06,1603.99
9,6378,0.137182,2.16823446e-06,1604.48
9,6380,0.128607,2.16706394e-06,1604.96
9,6382,0.121498,2.16589569e-06,1605.45
9,6384,0.142520,2.16472540e-06,1605.96
9,6386,0.133631,2.16355716e-06,1606.47
9,6388,0.146960,2.16239096e-06,1606.92
9,6390,0.140051,2.16122271e-06,1607.48
9,6392,0.155107,2.16005651e-06,1607.96
9,6394,0.126566,2.15888622e-06,1608.51
9,6396,0.144953,2.15772207e-06,1608.98
9,6398,0.145530,2.15655382e-06,1609.50
9,6400,0.142186,2.15538785e-06,1610.05
9,6402,0.140807,2.15422165e-06,1610.61
9,6404,0.131276,2.15305749e-06,1611.12
9,6406,0.130791,2.15189334e-06,1611.64
9,6408,0.162059,2.15072509e-06,1612.13
9,6410,0.161107,2.14956322e-06,1612.65
9,6412,0.166780,2.14839702e-06,1613.16
9,6414,0.145376,2.14723286e-06,1613.71
9,6416,0.148418,2.14606894e-06,1614.24
9,6418,0.140801,2.14490683e-06,1614.79
9,6420,0.144660,2.14374495e-06,1615.37
9,6422,0.120952,2.14258080e-06,1615.86
9,6424,0.153562,2.14141892e-06,1616.36
9,6426,0.150236,2.14025476e-06,1616.89
9,6428,0.152199,2.13909493e-06,1617.46
9,6430,0.122075,2.13793078e-06,1618.00
9,6432,0.143077,2.13677095e-06,1618.51
9,6434,0.148500,2.13560884e-06,1619.03
9,6436,0.130337,2.13444901e-06,1619.51
9,6438,0.138154,2.13328894e-06,1620.05
9,6440,0.123623,2.13212911e-06,1620.55
9,6442,0.139576,2.13096928e-06,1620.99
9,6444,0.145583,2.12980922e-06,1621.52
9,6446,0.139504,2.12865143e-06,1622.02
9,6448,0.134453,2.12748955e-06,1622.49
9,6450,0.153373,2.12633381e-06,1622.96
9,6452,0.121399,2.12517602e-06,1623.46
9,6454,0.147907,2.12401596e-06,1623.95
9,6456,0.137525,2.12286022e-06,1624.44
9,6458,0.122808,2.12170039e-06,1624.88
9,6460,0.151786,2.12054465e-06,1625.34
9,6462,0.136671,2.11938686e-06,1625.83
9,6464,0.132822,2.11823112e-06,1626.30
9,6466,0.161041,2.11707334e-06,1626.81
9,6468,0.154872,2.11591964e-06,1627.27
9,6470,0.143570,2.11476595e-06,1627.75
9,6472,0.150482,2.11360816e-06,1628.25
9,6474,0.142608,2.11245447e-06,1628.75
9,6476,0.133459,2.11129873e-06,1629.20
9,6478,0.134781,2.11014526e-06,1629.69
9,6480,0.153763,2.10898952e-06,1630.19
9,6482,0.115461,2.10783787e-06,1630.65
9,6484,0.155295,2.10668622e-06,1631.16
9,6486,0.155153,2.10553048e-06,1631.63
9,6488,0.161004,2.10437906e-06,1632.07
9,6490,0.151991,2.10322537e-06,1632.56
9,6492,0.150578,2.10207372e-06,1633.05
9,6494,0.159955,2.10092003e-06,1633.59
9,6496,0.166066,2.09977065e-06,1634.08
9,6498,0.159192,2.09861696e-06,1634.59
9,6500,0.126508,2.09746759e-06,1635.08
9,6502,0.144640,2.09631798e-06,1635.57
9,6504,0.151283,2.09516656e-06,1636.03
9,6506,0.142787,2.09401901e-06,1636.54
9,6508,0.128721,2.09286759e-06,1637.00
9,6510,0.150364,2.09171799e-06,1637.53
9,6512,0.139217,2.09056861e-06,1638.05
9,6514,0.147503,2.08942129e-06,1638.55
9,6516,0.141447,2.08827373e-06,1639.13
9,6518,0.141570,2.08712436e-06,1639.68
9,6520,0.166506,2.08597703e-06,1640.24
9,6522,0.178299,2.08482743e-06,1640.88
9,6524,0.152247,2.08368215e-06,1641.32
9,6526,0.146383,2.08253277e-06,1641.83
9,6528,0.130314,2.08138749e-06,1642.36
9,6530,0.160420,2.08023994e-06,1642.92
9,6532,0.149240,2.07909466e-06,1643.43
9,6534,0.139344,2.07795142e-06,1644.01
9,6536,0.164297,2.07680409e-06,1644.54
9,6538,0.161793,2.07566086e-06,1645.04
9,6540,0.124833,2.07451353e-06,1645.49
9,6542,0.125426,2.07337030e-06,1646.02
9,6544,0.148513,2.07222502e-06,1646.49
9,6546,0.157717,2.07108178e-06,1647.03
9,6548,0.132376,2.06994059e-06,1647.53
9,6550,0.143709,2.06879531e-06,1648.01
9,6552,0.146716,2.06765208e-06,1648.49
9,6554,0.147349,2.06650884e-06,1649.00
9,6556,0.151487,2.06536765e-06,1649.43
9,6558,0.147998,2.06422465e-06,1649.95
9,6560,0.140352,2.06308346e-06,1650.45
9,6562,0.148940,2.06194022e-06,1650.92
9,6564,0.148049,2.06080108e-06,1651.40
9,6566,0.150238,2.05966217e-06,1651.88
9,6568,0.137657,2.05851893e-06,1652.34
9,6570,0.143007,2.05737979e-06,1652.81
9,6572,0.141459,2.05623860e-06,1653.29
9,6574,0.132092,2.05509969e-06,1653.72
9,6576,0.136766,2.05395850e-06,1654.16
9,6578,0.168031,2.05282163e-06,1654.65
9,6580,0.158762,2.05168453e-06,1655.11
9,6582,0.149949,2.05054357e-06,1655.61
9,6584,0.138312,2.04940852e-06,1656.12
9,6586,0.149735,2.04826756e-06,1656.64
9,6588,0.141800,2.04713251e-06,1657.15
9,6590,0.152272,2.04599360e-06,1657.69
9,6592,0.156529,2.04485877e-06,1658.17
9,6594,0.142443,2.04371963e-06,1658.68
9,6596,0.164940,2.04258481e-06,1659.22
9,6598,0.122159,2.04144999e-06,1659.68
9,6600,0.118879,2.04031289e-06,1660.24
9,6602,0.173166,2.03917807e-06,1660.75
9,6604,0.136894,2.03804325e-06,1661.27
9,6606,0.149930,2.03690843e-06,1661.80
9,6608,0.149999,2.03577338e-06,1662.34
9,6610,0.127837,2.03464060e-06,1662.85
9,6612,0.140654,2.03350783e-06,1663.38
9,6614,0.152263,2.03237300e-06,1663.93
9,6616,0.133812,2.03124023e-06,1664.50
9,6618,0.153345,2.03010541e-06,1665.03
9,6620,0.137396,2.02897468e-06,1665.56
9,6622,0.142495,2.02784190e-06,1666.01
9,6624,0.164768,2.02671117e-06,1666.55
9,6626,0.155026,2.02557635e-06,1667.01
9,6628,0.134654,2.02444767e-06,1667.54
9,6630,0.163221,2.02331694e-06,1668.04
9,6632,0.164082,2.02218416e-06,1668.52
9,6634,0.151691,2.02105548e-06,1669.09
9,6636,0.167029,2.01992498e-06,1669.64
9,6638,0.152495,2.01879629e-06,1670.09
9,6640,0.146098,2.01766557e-06,1670.57
9,6642,0.159705,2.01653688e-06,1671.06
9,6644,0.163975,2.01540843e-06,1671.57
9,6646,0.124190,2.01427974e-06,1672.05
9,6648,0.138607,2.01315106e-06,1672.51
9,6650,0.142920,2.01202238e-06,1673.01
9,6652,0.156273,2.01089597e-06,1673.46
9,6654,0.150315,2.00976729e-06,1673.96
9,6656,0.157457,2.00864088e-06,1674.48
9,6658,0.139695,2.00751219e-06,1674.91
9,6660,0.144952,2.00638783e-06,1675.41
9,6662,0.147447,2.00526324e-06,1675.89
9,6664,0.137567,2.00413479e-06,1676.39
9,6666,0.143856,2.00301224e-06,1676.88
9,6668,0.139003,2.00188379e-06,1677.39
9,6670,0.162019,2.00076147e-06,1677.88
9,6672,0.149728,1.99963483e-06,1678.36
9,6674,0.131929,1.99851252e-06,1678.84
9,6676,0.135399,1.99738815e-06,1679.38
9,6678,0.153449,1.99626356e-06,1679.88
9,6680,0.153175,1.99514125e-06,1680.37
9,6682,0.138701,1.99401688e-06,1680.82
9,6684,0.142337,1.99289661e-06,1681.35
9,6686,0.158548,1.99177202e-06,1681.88
9,6688,0.146326,1.99065175e-06,1682.35
9,6690,0.132749,1.98952739e-06,1682.84
9,6692,0.147504,1.98840712e-06,1683.37
9,6694,0.157477,1.98728685e-06,1683.85
9,6696,0.140988,1.98616453e-06,1684.37
9,6698,0.136964,1.98504631e-06,1684.96
9,6700,0.146461,1.98392399e-06,1685.44
9,6702,0.160138,1.98280577e-06,1685.91
9,6704,0.155066,1.98168345e-06,1686.36
9,6706,0.135750,1.98056523e-06,1686.79
9,6708,0.142246,1.97944701e-06,1687.35
9,6710,0.171181,1.97832674e-06,1687.83
9,6712,0.160757,1.97721079e-06,1688.30
9,6714,0.161488,1.97609052e-06,1688.83
9,6716,0.133086,1.97497434e-06,1689.29
9,6718,0.138230,1.97385407e-06,1689.78
9,6720,0.144253,1.97273789e-06,1690.25
9,6722,0.147601,1.97161967e-06,1690.76
9,6724,0.140168,1.97050576e-06,1691.28
9,6726,0.165995,1.96938959e-06,1691.76
9,6728,0.151228,1.96827159e-06,1692.24
9,6730,0.148629,1.96715746e-06,1692.73
9,6732,0.141505,1.96604128e-06,1693.21
9,6734,0.137468,1.96492738e-06,1693.72
9,6736,0.139839,1.96381120e-06,1694.26
9,6738,0.164418,1.96269730e-06,1694.73
9,6740,0.152478,1.96158544e-06,1695.24
9,6742,0.148932,1.96046926e-06,1695.71
9,6744,0.161483,1.95935741e-06,1696.18
9,6746,0.140361,1.95824327e-06,1696.65
9,6748,0.132138,1.95713142e-06,1697.16
9,6750,0.165771,1.95601729e-06,1697.62
9,6752,0.139409,1.95490543e-06,1698.16
9,6754,0.159157,1.95379153e-06,1698.65
9,6756,0.148430,1.95268149e-06,1699.20
9,6758,0.147549,1.95157168e-06,1699.76
9,6760,0.133637,1.95045982e-06,1700.25
9,6762,0.155677,1.94935001e-06,1700.76
9,6764,0.154743,1.94823815e-06,1701.23
9,6766,0.145315,1.94712834e-06,1701.71
9,6768,0.143064,1.94601625e-06,1702.25
9,6770,0.138343,1.94490849e-06,1702.74
9,6772,0.154106,1.94380073e-06,1703.24
9,6774,0.144779,1.94269091e-06,1703.87
9,6776,0.116918,1.94158315e-06,1704.41
9,6778,0.153522,1.94047334e-06,1704.90
9,6780,0.150873,1.93936557e-06,1705.39
9,6782,0.125013,1.93825781e-06,1705.85
9,6784,0.136408,1.93715005e-06,1706.31
9,6786,0.157978,1.93604228e-06,1706.78
9,6788,0.133877,1.93493679e-06,1707.25
9,6790,0.134716,1.93383107e-06,1707.75
9,6792,0.117182,1.93272331e-06,1708.30
9,6794,0.134573,1.93161964e-06,1708.88
9,6796,0.143357,1.93051187e-06,1709.38
9,6798,0.128598,1.92940843e-06,1709.86
9,6800,0.165097,1.92830271e-06,1710.40
9,6802,0.145625,1.92719904e-06,1710.88
9,6804,0.152462,1.92609559e-06,1711.36
9,6806,0.131945,1.92498987e-06,1711.87
9,6808,0.141373,1.92388620e-06,1712.33
9,6810,0.173077,1.92278276e-06,1712.81
9,6812,0.145250,1.92168113e-06,1713.34
9,6814,0.117798,1.92057564e-06,1713.79
9,6816,0.132443,1.91947402e-06,1714.26
9,6818,0.123190,1.91837057e-06,1714.81
9,6820,0.132430,1.91727099e-06,1715.30
9,6822,0.150702,1.91616959e-06,1715.77
9,6824,0.152421,1.91506797e-06,1716.25
9,6826,0.129726,1.91396862e-06,1716.75
9,6828,0.129706,1.91286517e-06,1717.21
9,6830,0.152907,1.91176787e-06,1717.70
9,6832,0.133518,1.91066420e-06,1718.19
9,6834,0.135687,1.90956689e-06,1718.68
9,6836,0.120201,1.90846959e-06,1719.19
9,6838,0.128359,1.90736796e-06,1719.64
9,6840,0.135592,1.90627077e-06,1720.15
9,6842,0.143161,1.90517130e-06,1720.64
9,6844,0.157467,1.90407400e-06,1721.14
9,6846,0.115205,1.90297465e-06,1721.61
9,6848,0.141470,1.90187723e-06,1722.08
9,6850,0.153148,1.90077992e-06,1722.56
9,6852,0.166577,1.89968262e-06,1723.03
9,6854,0.138433,1.89858736e-06,1723.58
9,6856,0.134164,1.89749005e-06,1724.06
9,6858,0.173429,1.89639479e-06,1724.44
10,0,0.146398,1.89584614e-06,1.68
10,2,0.155452,1.89475099e-06,2.22
10,4,0.155821,1.89365778e-06,2.70
10,6,0.166570,1.89256048e-06,3.18
10,8,0.131144,1.89146738e-06,3.64
10,10,0.157897,1.89037212e-06,4.18
10,12,0.123703,1.88927891e-06,4.70
10,14,0.172022,1.88818376e-06,5.19
10,16,0.153561,1.88709055e-06,5.70
10,18,0.130127,1.88599950e-06,6.27
10,20,0.125323,1.88490424e-06,6.78
10,22,0.133927,1.88381318e-06,7.22
10,24,0.148666,1.88272008e-06,7.70
10,26,0.139807,1.88162903e-06,8.21
10,28,0.151598,1.88053582e-06,8.73
10,30,0.156138,1.87944681e-06,9.17
10,32,0.124907,1.87835371e-06,9.63
10,34,0.115126,1.87726471e-06,10.14
10,36,0.118752,1.87617570e-06,10.65
10,38,0.130139,1.87508465e-06,11.16
10,40,0.143624,1.87399576e-06,11.66
10,42,0.130392,1.87290470e-06,12.18
10,44,0.170973,1.87181774e-06,12.66
10,46,0.127821,1.87072669e-06,13.20
10,48,0.158532,1.86963985e-06,13.69
10,50,0.129851,1.86855289e-06,14.17
10,52,0.127702,1.86746399e-06,14.69
10,54,0.146685,1.86637703e-06,15.20
10,56,0.128820,1.86528803e-06,15.80
10,58,0.125006,1.86420323e-06,16.43
10,60,0.155884,1.86311433e-06,16.96
10,62,0.126388,1.86202954e-06,17.44
10,64,0.136186,1.86094258e-06,17.95
10,66,0.131400,1.85985778e-06,18.42
10,68,0.161432,1.85877298e-06,19.00
10,70,0.130468,1.85768613e-06,19.51
10,72,0.144590,1.85660338e-06,20.05
10,74,0.127876,1.85551653e-06,20.59
10,76,0.147294,1.85443378e-06,21.14
10,78,0.153746,1.85334898e-06,21.65
10,80,0.161997,1.85226622e-06,22.17
10,82,0.122030,1.85118347e-06,22.67
10,84,0.125830,1.85010083e-06,23.16
10,86,0.149284,1.84901808e-06,23.64
10,88,0.137448,1.84793532e-06,24.15
10,90,0.138342,1.84685473e-06,24.63
10,92,0.121075,1.84576993e-06,25.12
10,94,0.129952,1.84469138e-06,25.56
10,96,0.121135,1.84360863e-06,26.09
10,98,0.151595,1.84252804e-06,26.55
10,100,0.138108,1.84144949e-06,27.00
10,102,0.135702,1.84036674e-06,27.52
10,104,0.146785,1.83928819e-06,28.03
10,106,0.152589,1.83820760e-06,28.57
10,108,0.139891,1.83712905e-06,29.08
10,110,0.147941,1.83605050e-06,29.64
10,112,0.129982,1.83497195e-06,30.13
10,114,0.142948,1.83389545e-06,30.62
10,116,0.152534,1.83281486e-06,31.13
10,118,0.124863,1.83173836e-06,31.60
10,120,0.160574,1.83065981e-06,32.11
10,122,0.129035,1.82958343e-06,32.71
10,124,0.118278,1.82850692e-06,33.18
10,126,0.151004,1.82743042e-06,33.71
10,128,0.118503,1.82635404e-06,34.29
10,130,0.115636,1.82527970e-06,34.78
10,132,0.130892,1.82420524e-06,35.28
10,134,0.151208,1.82312669e-06,35.80
10,136,0.138606,1.82205440e-06,36.29
10,138,0.141353,1.82097801e-06,36.81
10,140,0.148862,1.81990572e-06,37.30
10,142,0.160242,1.81882922e-06,37.86
10,144,0.128077,1.81775692e-06,38.35
10,146,0.139473,1.81668463e-06,38.88
10,148,0.157381,1.81561029e-06,39.35
10,150,0.141403,1.81453800e-06,39.83
10,152,0.153182,1.81346570e-06,40.37
10,154,0.172419,1.81239341e-06,40.89
10,156,0.123760,1.81132111e-06,41.49
10,158,0.122073,1.81025098e-06,41.95
10,160,0.154853,1.80917652e-06,42.46
10,162,0.163415,1.80810844e-06,42.92
10,164,0.164562,1.80703819e-06,43.44
10,166,0.124516,1.80596589e-06,43.96
10,168,0.148348,1.80489781e-06,44.43
10,170,0.162272,1.80382767e-06,44.89
10,172,0.163393,1.80275947e-06,45.41
10,174,0.125903,1.80168718e-06,45.89
10,176,0.120221,1.80062125e-06,46.40
10,178,0.163543,1.79955305e-06,46.89
10,180,0.153475,1.79848291e-06,47.38
10,182,0.148801,1.79741687e-06,47.86
10,184,0.133302,1.79634878e-06,48.40
10,186,0.147956,1.79528274e-06,48.91
10,188,0.147056,1.79421454e-06,49.40
10,190,0.142379,1.79314861e-06,49.87
10,192,0.141713,1.79208041e-06,50.31
10,194,0.165363,1.79101653e-06,50.79
10,196,0.145287,1.78995253e-06,51.26
10,198,0.131382,1.78888445e-06,51.70
10,200,0.156297,1.78782045e-06,52.25
10,202,0.121780,1.78675452e-06,52.75
10,204,0.135418,1.78569258e-06,53.28
10,206,0.143824,1.78462665e-06,53.81
10,208,0.132571,1.78356265e-06,54.34
10,210,0.135868,1.78250082e-06,54.82
10,212,0.147420,1.78143682e-06,55.30
10,214,0.143239,1.78037499e-06,55.79
10,216,0.156601,1.77931111e-06,56.29
10,218,0.141279,1.77824916e-06,56.82
10,220,0.151544,1.77718732e-06,57.27
10,222,0.141002,1.77612549e-06,57.79
10,224,0.153538,1.77506365e-06,58.36
10,226,0.129523,1.77400386e-06,58.89
10,228,0.152876,1.77294407e-06,59.39
10,230,0.099998,1.77188224e-06,59.88
10,232,0.142381,1.77082245e-06,60.32
10,234,0.131251,1.76976266e-06,60.80
10,236,0.129317,1.76870287e-06,61.32
10,238,0.150290,1.76764320e-06,61.82
10,240,0.138816,1.76658546e-06,62.32
10,242,0.154692,1.76552783e-06,62.83
10,244,0.149615,1.76446804e-06,63.26
10,246,0.159398,1.76341246e-06,63.77
10,248,0.147316,1.76235267e-06,64.26
10,250,0.133397,1.76129709e-06,64.74
10,252,0.103793,1.76023730e-06,65.24
10,254,0.142911,1.75918171e-06,65.70
10,256,0.137211,1.75812397e-06,66.25
10,258,0.145502,1.75707044e-06,66.73
10,260,0.141052,1.75601485e-06,67.22
10,262,0.131364,1.75495927e-06,67.75
10,264,0.162960,1.75390369e-06,68.21
10,266,0.123109,1.75284811e-06,68.73
10,268,0.135598,1.75179457e-06,69.24
10,270,0.144584,1.75073899e-06,69.70
10,272,0.151150,1.74968545e-06,70.15
10,274,0.137602,1.74863408e-06,70.70
10,276,0.142034,1.74757838e-06,71.16
10,278,0.160880,1.74652700e-06,71.62
10,280,0.165605,1.74547347e-06,72.13
10,282,0.138385,1.74442209e-06,72.67
10,284,0.146701,1.74336856e-06,73.23
10,286,0.135388,1.74231718e-06,73.79
10,288,0.121167,1.74126569e-06,74.28
10,290,0.166185,1.74021432e-06,74.88
10,292,0.141033,1.73916499e-06,75.33
10,294,0.134050,1.73811350e-06,75.79
10,296,0.167792,1.73706417e-06,76.32
10,298,0.151236,1.73601279e-06,76.83
10,300,0.159321,1.73496551e-06,77.34
10,302,0.138525,1.73391402e-06,77.86
10,304,0.144778,1.73286685e-06,78.32
10,306,0.130036,1.73181957e-06,78.86
10,308,0.134712,1.73076808e-06,79.37
10,310,0.153031,1.72972295e-06,79.98
10,312,0.153052,1.72867362e-06,80.48
10,314,0.164473,1.72762634e-06,80.95
10,316,0.131666,1.72657917e-06,81.47
10,318,0.136236,1.72553189e-06,82.05
10,320,0.142761,1.72448460e-06,82.64
10,322,0.144809,1.72343948e-06,83.14
10,324,0.134810,1.72239425e-06,83.64
10,326,0.131541,1.72134912e-06,84.10
10,328,0.124456,1.72030389e-06,84.58
10,330,0.169221,1.71925876e-06,85.12
10,332,0.152655,1.71821364e-06,85.63
10,334,0.120432,1.71716840e-06,86.14
10,336,0.125228,1.71612533e-06,86.61
10,338,0.143934,1.71508225e-06,87.15
10,340,0.156684,1.71403917e-06,87.67
10,342,0.163811,1.71299610e-06,88.26
10,344,0.138972,1.71195302e-06,88.76
10,346,0.131109,1.71090994e-06,89.30
10,348,0.151079,1.70986686e-06,89.84
10,350,0.159017,1.70882583e-06,90.34
10,352,0.141988,1.70778276e-06,90.89
10,354,0.140454,1.70674389e-06,91.41
10,356,0.111210,1.70570502e-06,91.95
10,358,0.155609,1.70466194e-06,92.41
10,360,0.144981,1.70362296e-06,92.92
10,362,0.156179,1.70258204e-06,93.39
10,364,0.146236,1.70154306e-06,93.84
10,366,0.150720,1.70050214e-06,94.31
10,368,0.138114,1.69946316e-06,94.76
10,370,0.122980,1.69842428e-06,95.27
10,372,0.162177,1.69738746e-06,95.75
10,374,0.139531,1.69635064e-06,96.23
10,376,0.122297,1.69530961e-06,96.74
10,378,0.121876,1.69427494e-06,97.29
10,380,0.159866,1.69323596e-06,97.86
10,382,0.134753,1.69219913e-06,98.39
10,384,0.130772,1.69116231e-06,98.99
10,386,0.136134,1.69012765e-06,99.56
10,388,0.160147,1.68909287e-06,100.12
10,390,0.151677,1.68805400e-06,100.67
10,392,0.139894,1.68702127e-06,101.22
10,394,0.124028,1.68598444e-06,101.69
10,396,0.152250,1.68494978e-06,102.28
10,398,0.144267,1.68391500e-06,102.85
10,400,0.178601,1.68288238e-06,103.38
10,402,0.132989,1.68184761e-06,103.92
10,404,0.148507,1.68081499e-06,104.43
10,406,0.147485,1.67978237e-06,104.96
10,408,0.124813,1.67874759e-06,105.45
10,410,0.125204,1.67771702e-06,106.03
10,412,0.142545,1.67668225e-06,106.57
10,414,0.109377,1.67565167e-06,107.07
10,416,0.166712,1.67461906e-06,107.56
10,418,0.153260,1.67358849e-06,108.08
10,420,0.127462,1.67256007e-06,108.60
10,422,0.136400,1.67152734e-06,109.09
10,424,0.139252,1.67049893e-06,109.61
10,426,0.161545,1.66946620e-06,110.21
10,428,0.134801,1.66843779e-06,110.79
10,430,0.141071,1.66740722e-06,111.27
10,432,0.151351,1.66637869e-06,111.74
10,434,0.105033,1.66534812e-06,112.24
10,436,0.143974,1.66432176e-06,112.74
10,438,0.141281,1.66329539e-06,113.26
10,440,0.162252,1.66226482e-06,113.73
10,442,0.140812,1.66123846e-06,114.19
10,444,0.148221,1.66020993e-06,114.77
10,446,0.147133,1.65918357e-06,115.27
10,448,0.147204,1.65815504e-06,115.74
10,450,0.143036,1.65713072e-06,116.23
10,452,0.129291,1.65610641e-06,116.75
10,454,0.142610,1.65507799e-06,117.27
10,456,0.115808,1.65405368e-06,117.75
10,458,0.116411,1.65302731e-06,118.29
10,460,0.146515,1.65200504e-06,118.85
10,462,0.117478,1.65097867e-06,119.34
10,464,0.143548,1.64995640e-06,119.86
10,466,0.138703,1.64893004e-06,120.32
10,468,0.142084,1.64790788e-06,120.88
10,470,0.143252,1.64688561e-06,121.33
10,472,0.149994,1.64586129e-06,121.90
10,474,0.121421,1.64483913e-06,122.39
10,476,0.143164,1.64381686e-06,122.86
10,478,0.169905,1.64279470e-06,123.34
10,480,0.168435,1.64177243e-06,123.83
10,482,0.164082,1.64075232e-06,124.27
10,484,0.174255,1.63973220e-06,124.77
10,486,0.152444,1.63870993e-06,125.28
10,488,0.142115,1.63768982e-06,125.81
10,490,0.139945,1.63666971e-06,126.31
10,492,0.134291,1.63564960e-06,126.78
10,494,0.147036,1.63462937e-06,127.24
10,496,0.125199,1.63361142e-06,127.67
10,498,0.128041,1.63259119e-06,128.14
10,500,0.146355,1.63157324e-06,128.66
10,502,0.128724,1.63055722e-06,129.12
10,504,0.156073,1.62953711e-06,129.62
10,506,0.145876,1.62852109e-06,130.13
10,508,0.163299,1.62750098e-06,130.58
10,510,0.133624,1.62648507e-06,131.04
10,512,0.130315,1.62546701e-06,131.52
10,514,0.157270,1.62445315e-06,131.98
10,516,0.156127,1.62343713e-06,132.43
10,518,0.143860,1.62242122e-06,132.93
10,520,0.132769,1.62140520e-06,133.37
10,522,0.126413,1.62038930e-06,133.89
10,524,0.126912,1.61937544e-06,134.41
10,526,0.152171,1.61835942e-06,134.89
10,528,0.150040,1.61734556e-06,135.35
10,530,0.164686,1.61633170e-06,135.87
10,532,0.152552,1.61531784e-06,136.37
10,534,0.136578,1.61430603e-06,136.83
10,536,0.165158,1.61329217e-06,137.37
10,538,0.145934,1.61228036e-06,137.87
10,540,0.148127,1.61126650e-06,138.47
10,542,0.161435,1.61025673e-06,139.06
10,544,0.137115,1.60924287e-06,139.55
10,546,0.156740,1.60823322e-06,140.04
10,548,0.157541,1.60722141e-06,140.56
10,550,0.139003,1.60620959e-06,141.06
10,552,0.150801,1.60519994e-06,141.55
10,554,0.148824,1.60418813e-06,142.04
10,556,0.144516,1.60318052e-06,142.54
10,558,0.179620,1.60216871e-06,143.07
10,560,0.136596,1.60116110e-06,143.50
10,562,0.134150,1.60015145e-06,143.98
10,564,0.171323,1.59914373e-06,144.50
10,566,0.155428,1.59813612e-06,144.98
10,568,0.145053,1.59712647e-06,145.42
10,570,0.167375,1.59612091e-06,145.90
10,572,0.136280,1.59511126e-06,146.36
10,574,0.117575,1.59410570e-06,146.82
10,576,0.132399,1.59309809e-06,147.28
10,578,0.162767,1.59209253e-06,147.77
10,580,0.140260,1.59108697e-06,148.29
10,582,0.148449,1.59007936e-06,148.83
10,584,0.143472,1.58907596e-06,149.39
10,586,0.175326,1.58806836e-06,150.01
10,588,0.134826,1.58706496e-06,150.57
10,590,0.129682,1.58605940e-06,151.13
10,592,0.159373,1.58505588e-06,151.65
10,594,0.150537,1.58405044e-06,152.19
10,596,0.143842,1.58304692e-06,152.71
10,598,0.128584,1.58204557e-06,153.17
10,600,0.140565,1.58104012e-06,153.71
10,602,0.137209,1.58003866e-06,154.30
10,604,0.162507,1.57903526e-06,154.77
10,606,0.166764,1.57803390e-06,155.27
10,608,0.156058,1.57703050e-06,155.75
10,610,0.160467,1.57603120e-06,156.27
10,612,0.103908,1.57502984e-06,156.80
10,614,0.139602,1.57402849e-06,157.34
10,616,0.164944,1.57302918e-06,157.89
10,618,0.150808,1.57202783e-06,158.39
10,620,0.170718,1.57102852e-06,158.85
10,622,0.138180,1.57002717e-06,159.37
10,624,0.157125,1.56903002e-06,159.91
10,626,0.150964,1.56802867e-06,160.44
10,628,0.168332,1.56703152e-06,160.94
10,630,0.157209,1.56603426e-06,161.41
10,632,0.138574,1.56503506e-06,161.96
10,634,0.142333,1.56403780e-06,162.47
10,636,0.148354,1.56303861e-06,162.94
10,638,0.145904,1.56204351e-06,163.44
10,640,0.147896,1.56104420e-06,163.90
10,642,0.150732,1.56004910e-06,164.38
10,644,0.154284,1.55905400e-06,164.88
10,646,0.140940,1.55805685e-06,165.34
10,648,0.148398,1.55706175e-06,165.81
10,650,0.151090,1.55606665e-06,166.35
10,652,0.157928,1.55507155e-06,166.88
10,654,0.136753,1.55407645e-06,167.41
10,656,0.133395,1.55308339e-06,167.89
10,658,0.115928,1.55208625e-06,168.39
10,660,0.143578,1.55109524e-06,168.87
10,662,0.144829,1.55010230e-06,169.41
10,664,0.137882,1.54910720e-06,169.91
10,666,0.138490,1.54811630e-06,170.44
10,668,0.125978,1.54712120e-06,170.92
10,670,0.128974,1.54613019e-06,171.47
10,672,0.146802,1.54513725e-06,172.01
10,674,0.154437,1.54414624e-06,172.48
10,676,0.159927,1.54315740e-06,172.94
10,678,0.159187,1.54216445e-06,173.40
10,680,0.156801,1.54117561e-06,173.91
10,682,0.154067,1.54018255e-06,174.45
10,684,0.144129,1.53919370e-06,174.93
10,686,0.145186,1.53820281e-06,175.53
10,688,0.139332,1.53721601e-06,176.05
10,690,0.139415,1.53622511e-06,176.57
10,692,0.120384,1.53523627e-06,177.03
10,694,0.139992,1.53424958e-06,177.47
10,696,0.129595,1.53326073e-06,177.99
10,698,0.140769,1.53227393e-06,178.48
10,700,0.134218,1.53128508e-06,179.02
10,702,0.170367,1.53029828e-06,179.61
10,704,0.159383,1.52930954e-06,180.14
10,706,0.124543,1.52832479e-06,180.63
10,708,0.150765,1.52734015e-06,181.08
10,710,0.145519,1.52635334e-06,181.57
10,712,0.163349,1.52536870e-06,182.11
10,714,0.127362,1.52438201e-06,182.59
10,716,0.144474,1.52339726e-06,183.09
10,718,0.134204,1.52241057e-06,183.54
10,720,0.157299,1.52142798e-06,184.03
10,722,0.145346,1.52044333e-06,184.54
10,724,0.153295,1.51946074e-06,185.05
10,726,0.162283,1.51847814e-06,185.58
10,728,0.112897,1.51749350e-06,186.06
10,730,0.138161,1.51651091e-06,186.59
10,732,0.152757,1.51552626e-06,187.10
10,734,0.134225,1.51454572e-06,187.53
10,736,0.145561,1.51356312e-06,188.01
10,738,0.138155,1.51258268e-06,188.47
10,740,0.142802,1.51160214e-06,189.00
10,742,0.134486,1.51061954e-06,189.47
10,744,0.146774,1.50964115e-06,190.00
10,746,0.138514,1.50865856e-06,190.49
10,748,0.136982,1.50768017e-06,190.98
10,750,0.141966,1.50669757e-06,191.49
10,752,0.122889,1.50571918e-06,191.93
10,754,0.132330,1.50473863e-06,192.43
10,756,0.140670,1.50376229e-06,193.00
10,758,0.136440,1.50278390e-06,193.47
10,760,0.153629,1.50180551e-06,193.96
10,762,0.140734,1.50082917e-06,194.51
10,764,0.146764,1.49984874e-06,195.03
10,766,0.144468,1.49887239e-06,195.57
10,768,0.121910,1.49789400e-06,196.05
10,770,0.154333,1.49691971e-06,196.54
10,772,0.164570,1.49594337e-06,197.07
10,774,0.124516,1.49496714e-06,197.62
10,776,0.160116,1.49399284e-06,198.15
10,778,0.176241,1.49301650e-06,198.67
10,780,0.137517,1.49204232e-06,199.15
10,782,0.137731,1.49106597e-06,199.61
10,784,0.128246,1.49009168e-06,200.13
10,786,0.157261,1.48911749e-06,200.62
10,788,0.140732,1.48814320e-06,201.12
10,790,0.145744,1.48717106e-06,201.58
10,792,0.134624,1.48619688e-06,202.14
10,794,0.151346,1.48522474e-06,202.68
10,796,0.162245,1.48425045e-06,203.19
10,798,0.118547,1.48328036e-06,203.67
10,800,0.144156,1.48230617e-06,204.15
10,802,0.169476,1.48133608e-06,204.67
10,804,0.162881,1.48036600e-06,205.14
10,806,0.127184,1.47939386e-06,205.59
10,808,0.154216,1.47842377e-06,206.11
10,810,0.137913,1.47745163e-06,206.58
10,812,0.161077,1.47648370e-06,207.06
10,814,0.166219,1.47551157e-06,207.55
10,816,0.137051,1.47454352e-06,208.13
10,818,0.134762,1.47357343e-06,208.60
10,820,0.132203,1.47260550e-06,209.12
10,822,0.143341,1.47163757e-06,209.61
10,824,0.170584,1.47066953e-06,210.11
10,826,0.136342,1.46970160e-06,210.67
10,828,0.145624,1.46873356e-06,211.21
10,830,0.139202,1.46776767e-06,211.69
10,832,0.144666,1.46679758e-06,212.18
10,834,0.123961,1.46583386e-06,212.66
10,836,0.123331,1.46486798e-06,213.11
10,838,0.140723,1.46389993e-06,213.60
10,840,0.138649,1.46293610e-06,214.09
10,842,0.129192,1.46196817e-06,214.56
10,844,0.161160,1.46100433e-06,215.08
10,846,0.149915,1.46003845e-06,215.61
10,848,0.168271,1.45907461e-06,216.08
10,850,0.160424,1.45811089e-06,216.64
10,852,0.147018,1.45714705e-06,217.23
10,854,0.162056,1.45618537e-06,217.70
10,856,0.154461,1.45521938e-06,218.23
10,858,0.129390,1.45425770e-06,218.80
10,860,0.154412,1.45329386e-06,219.29
10,862,0.134277,1.45233219e-06,219.76
10,864,0.154116,1.45137051e-06,220.30
10,866,0.146190,1.45040872e-06,220.77
10,868,0.140712,1.44944909e-06,221.26
10,870,0.158124,1.44848741e-06,221.73
10,872,0.151367,1.44752778e-06,222.20
10,874,0.130203,1.44656599e-06,222.75
10,876,0.137216,1.44560636e-06,223.28
10,878,0.154995,1.44464468e-06,223.82
10,880,0.120125,1.44368710e-06,224.33
10,882,0.144303,1.44272542e-06,224.83
10,884,0.138235,1.44176784e-06,225.37
10,886,0.150426,1.44081025e-06,225.85
10,888,0.144795,1.43985062e-06,226.29
10,890,0.149531,1.43889520e-06,226.77
10,892,0.141054,1.43793557e-06,227.28
10,894,0.145612,1.43698014e-06,227.72
10,896,0.145734,1.43602051e-06,228.19
10,898,0.151330,1.43506497e-06,228.67
10,900,0.144407,1.43410750e-06,229.21
10,902,0.151788,1.43315197e-06,229.66
10,904,0.174070,1.43219859e-06,230.16
10,906,0.130453,1.43124112e-06,230.67
10,908,0.131941,1.43028774e-06,231.15
10,910,0.167150,1.42933220e-06,231.67
10,912,0.137017,1.42837882e-06,232.14
10,914,0.152767,1.42742340e-06,232.65
10,916,0.144173,1.42647002e-06,233.16
10,918,0.160035,1.42551664e-06,233.64
10,920,0.143018,1.42456327e-06,234.12
10,922,0.135913,1.42360989e-06,234.60
10,924,0.157314,1.42265651e-06,235.07
10,926,0.133492,1.42170518e-06,235.51
10,928,0.131986,1.42075180e-06,235.98
10,930,0.159666,1.41980263e-06,236.46
10,932,0.139668,1.41884925e-06,236.96
10,934,0.132706,1.41790008e-06,237.45
10,936,0.144324,1.41694875e-06,237.96
10,938,0.137921,1.41599753e-06,238.44
10,940,0.136464,1.41504825e-06,238.95
10,942,0.117751,1.41409703e-06,239.46
10,944,0.117738,1.41314990e-06,239.98
10,946,0.151665,1.41219857e-06,240.47
10,948,0.150706,1.41125145e-06,240.97
10,950,0.152514,1.41030432e-06,241.43
10,952,0.126006,1.40935310e-06,241.96
10,954,0.130319,1.40840598e-06,242.43
10,956,0.132288,1.40745885e-06,242.89
10,958,0.125866,1.40651173e-06,243.41
10,960,0.132031,1.40556244e-06,243.89
10,962,0.141064,1.40461748e-06,244.37
10,964,0.135410,1.40367035e-06,244.83
10,966,0.120635,1.40272527e-06,245.33
10,968,0.164765,1.40178031e-06,245.88
10,970,0.122320,1.40083318e-06,246.43
10,972,0.146285,1.39989027e-06,246.89
10,974,0.142102,1.39894314e-06,247.33
10,976,0.086933,1.39800011e-06,247.80
10,978,0.133496,1.39705514e-06,248.30
10,980,0.156532,1.39611222e-06,248.84
10,982,0.178551,1.39516919e-06,249.31
10,984,0.146201,1.39422423e-06,249.81
10,986,0.170097,1.39328336e-06,250.30
10,988,0.144930,1.39233828e-06,250.78
10,990,0.159036,1.39139740e-06,251.28
10,992,0.137133,1.39045449e-06,251.75
10,994,0.130688,1.38951361e-06,252.23
10,996,0.151606,1.38857069e-06,252.77
10,998,0.131511,1.38763198e-06,253.27
10,1000,0.120588,1.38669111e-06,253.82
10,1002,0.142314,1.38575024e-06,254.42
10,1004,0.150349,1.38481141e-06,254.96
10,1006,0.139835,1.38387054e-06,255.45
10,1008,0.149131,1.38293183e-06,255.97
10,1010,0.176457,1.38199096e-06,256.48
10,1012,0.146720,1.38105213e-06,256.97
10,1014,0.116204,1.38011546e-06,257.43
10,1016,0.141661,1.37917675e-06,257.87
10,1018,0.140037,1.37823997e-06,258.38
10,1020,0.140401,1.37729921e-06,258.86
10,1022,0.143845,1.37636459e-06,259.31
10,1024,0.168047,1.37542577e-06,259.76
10,1026,0.139029,1.37448910e-06,260.26
10,1028,0.154612,1.37355244e-06,260.76
10,1030,0.147567,1.37261782e-06,261.30
10,1032,0.176641,1.37168320e-06,261.76
10,1034,0.141703,1.37074653e-06,262.28
10,1036,0.119845,1.36981191e-06,262.81
10,1038,0.171996,1.36887525e-06,263.28
10,1040,0.151802,1.36794267e-06,263.75
10,1042,0.129886,1.36700601e-06,264.25
10,1044,0.165732,1.36607355e-06,264.72
10,1046,0.152856,1.36514097e-06,265.28
10,1048,0.171758,1.36420635e-06,265.72
10,1050,0.152228,1.36327594e-06,266.22
10,1052,0.137245,1.36234144e-06,266.80
10,1054,0.157090,1.36141091e-06,267.33
10,1056,0.149711,1.36047640e-06,267.77
10,1058,0.126784,1.35954588e-06,268.25
10,1060,0.120091,1.35861342e-06,268.76
10,1062,0.122629,1.35768300e-06,269.33
10,1064,0.141977,1.35675464e-06,269.83
10,1066,0.140916,1.35582218e-06,270.35
10,1068,0.128720,1.35489381e-06,270.83
10,1070,0.143374,1.35396124e-06,271.30
10,1072,0.156598,1.35303287e-06,271.83
10,1074,0.168172,1.35210246e-06,272.31
10,1076,0.172317,1.35117625e-06,272.76
10,1078,0.140057,1.35024789e-06,273.33
10,1080,0.160150,1.34931747e-06,273.77
10,1082,0.158458,1.34839127e-06,274.31
10,1084,0.144466,1.34746290e-06,274.81
10,1086,0.148159,1.34653658e-06,275.36
10,1088,0.145494,1.34560833e-06,275.87
10,1090,0.144056,1.34468200e-06,276.34
10,1092,0.143095,1.34375364e-06,276.84
10,1094,0.145964,1.34282948e-06,277.29
10,1096,0.146708,1.34190532e-06,277.83
10,1098,0.151682,1.34097911e-06,278.30
10,1100,0.151632,1.34005495e-06,278.83
10,1102,0.123959,1.33912863e-06,279.31
10,1104,0.149312,1.33820447e-06,279.77
10,1106,0.127839,1.33728031e-06,280.30
10,1108,0.148241,1.33635615e-06,280.76
10,1110,0.137163,1.33543404e-06,281.34
10,1112,0.142670,1.33450988e-06,281.86
10,1114,0.144315,1.33358776e-06,282.34
10,1116,0.132603,1.33266360e-06,282.79
10,1118,0.152121,1.33174160e-06,283.34
10,1120,0.136784,1.33081949e-06,283.85
10,1122,0.174658,1.32989942e-06,284.32
10,1124,0.172370,1.32897526e-06,284.79
10,1126,0.132416,1.32805530e-06,285.27
10,1128,0.161337,1.32713535e-06,285.76
10,1130,0.157770,1.32621528e-06,286.26
10,1132,0.142303,1.32529533e-06,286.78
10,1134,0.145652,1.32437526e-06,287.25
10,1136,0.135460,1.32345531e-06,287.76
10,1138,0.154402,1.32253535e-06,288.22
10,1140,0.143668,1.32161745e-06,288.77
10,1142,0.142072,1.32069954e-06,289.28
10,1144,0.125020,1.31978163e-06,289.74
10,1146,0.137291,1.31886361e-06,290.20
10,1148,0.155464,1.31794570e-06,290.70
10,1150,0.154095,1.31702780e-06,291.22
10,1152,0.142454,1.31610989e-06,291.70
10,1154,0.141430,1.31519414e-06,292.18
10,1156,0.164735,1.31427828e-06,292.67
10,1158,0.162619,1.31336242e-06,293.14
10,1160,0.133545,1.31244872e-06,293.70
10,1162,0.150350,1.31153081e-06,294.25
10,1164,0.142322,1.31061711e-06,294.76
10,1166,0.148838,1.30970125e-06,295.30
10,1168,0.160513,1.30878755e-06,295.79
10,1170,0.149553,1.30787168e-06,296.27
10,1172,0.130991,1.30696003e-06,296.79
10,1174,0.163104,1.30604633e-06,297.37
10,1176,0.126082,1.30513251e-06,297.94
10,1178,0.146796,1.30422086e-06,298.39
10,1180,0.126711,1.30330716e-06,298.92
10,1182,0.170547,1.30239550e-06,299.43
10,1184,0.139621,1.30148180e-06,299.93
10,1186,0.156860,1.30057219e-06,300.46
10,1188,0.143814,1.29965849e-06,300.99
10,1190,0.143754,1.29874888e-06,301.49
10,1192,0.139976,1.29783928e-06,301.92
10,1194,0.172372,1.29692762e-06,302.44
10,1196,0.146913,1.29601813e-06,302.93
10,1198,0.141242,1.29510852e-06,303.42
10,1200,0.146396,1.29419891e-06,303.90
10,1202,0.138772,1.29328942e-06,304.39
10,1204,0.158287,1.29238197e-06,304.90
10,1206,0.153943,1.29147440e-06,305.39
10,1208,0.159713,1.29056491e-06,305.84
10,1210,0.124987,1.28965735e-06,306.35
10,1212,0.132396,1.28874785e-06,306.85
10,1214,0.160404,1.28784245e-06,307.35
10,1216,0.148966,1.28693500e-06,307.91
10,1218,0.154635,1.28602744e-06,308.50
10,1220,0.153401,1.28511999e-06,309.02
10,1222,0.146307,1.28421664e-06,309.49
10,1224,0.148134,1.28331124e-06,309.99
10,1226,0.156675,1.28240379e-06,310.48
10,1228,0.152975,1.28150054e-06,311.04
10,1230,0.178735,1.28059514e-06,311.56
10,1232,0.133267,1.27969179e-06,312.02
10,1234,0.138305,1.27878639e-06,312.48
10,1236,0.162424,1.27788314e-06,312.93
10,1238,0.139714,1.27697979e-06,313.47
10,1240,0.139676,1.27607643e-06,313.94
10,1242,0.146065,1.27517524e-06,314.41
10,1244,0.158604,1.27426983e-06,314.91
10,1246,0.152559,1.27336864e-06,315.38
10,1248,0.138804,1.27246528e-06,315.89
10,1250,0.147882,1.27156613e-06,316.37
10,1252,0.133919,1.27066289e-06,316.91
10,1254,0.141269,1.26976374e-06,317.47
10,1256,0.142285,1.26886255e-06,317.95
10,1258,0.147849,1.26796135e-06,318.45
10,1260,0.159314,1.26706220e-06,318.93
10,1262,0.151313,1.26616089e-06,319.39
10,1264,0.150486,1.26526390e-06,319.85
10,1266,0.141328,1.26436271e-06,320.32
10,1268,0.160485,1.26346561e-06,320.85
10,1270,0.119580,1.26256862e-06,321.34
10,1272,0.125910,1.26166947e-06,321.82
10,1274,0.133299,1.26077236e-06,322.27
10,1276,0.166828,1.25987322e-06,322.77
10,1278,0.144197,1.25897623e-06,323.26
10,1280,0.157175,1.25807912e-06,323.74
10,1282,0.157322,1.25718213e-06,324.22
10,1284,0.141476,1.25628503e-06,324.71
10,1286,0.141041,1.25539009e-06,325.19
10,1288,0.132559,1.25449515e-06,325.66
10,1290,0.095973,1.25360020e-06,326.18
10,1292,0.136762,1.25270515e-06,326.69
10,1294,0.175541,1.25181020e-06,327.21
10,1296,0.139522,1.25091526e-06,327.69
10,1298,0.173991,1.25002032e-06,328.23
10,1300,0.157448,1.24912742e-06,328.73
10,1302,0.148819,1.24823453e-06,329.28
10,1304,0.134010,1.24734163e-06,329.77
10,1306,0.148565,1.24644873e-06,330.24
10,1308,0.149510,1.24555595e-06,330.72
10,1310,0.143364,1.24466510e-06,331.21
10,1312,0.145774,1.24377016e-06,331.72
10,1314,0.142935,1.24288147e-06,332.22
10,1316,0.139053,1.24198857e-06,332.79
10,1318,0.166078,1.24109783e-06,333.30
10,1320,0.127537,1.24020903e-06,333.78
10,1322,0.158485,1.23931625e-06,334.30
10,1324,0.154460,1.23842744e-06,334.82
10,1326,0.154442,1.23753671e-06,335.30
10,1328,0.118693,1.23664802e-06,335.76
10,1330,0.147295,1.23575933e-06,336.25
10,1332,0.151794,1.23487064e-06,336.72
10,1334,0.131257,1.23398399e-06,337.20
10,1336,0.151294,1.23309314e-06,337.69
10,1338,0.156464,1.23220650e-06,338.18
10,1340,0.144139,1.23131781e-06,338.65
10,1342,0.140907,1.23043128e-06,339.16
10,1344,0.152574,1.22954464e-06,339.64
10,1346,0.153989,1.22865799e-06,340.20
10,1348,0.133649,1.22777135e-06,340.72
10,1350,0.121082,1.22688687e-06,341.24
10,1352,0.139513,1.22600227e-06,341.75
10,1354,0.138004,1.22511574e-06,342.32
10,1356,0.139098,1.22423114e-06,342.77
10,1358,0.134166,1.22334450e-06,343.24
10,1360,0.150615,1.22246206e-06,343.72
10,1362,0.145446,1.22157758e-06,344.18
10,1364,0.148436,1.22069298e-06,344.71
10,1366,0.112704,1.21981054e-06,345.25
10,1368,0.136593,1.21892811e-06,345.75
10,1370,0.153213,1.21804567e-06,346.23
10,1372,0.140912,1.21716118e-06,346.72
10,1374,0.140747,1.21628079e-06,347.20
10,1376,0.162830,1.21539836e-06,347.69
10,1378,0.138026,1.21451797e-06,348.20
10,1380,0.139882,1.21363553e-06,348.68
10,1382,0.103653,1.21275514e-06,349.15
10,1384,0.154565,1.21187486e-06,349.64
10,1386,0.138619,1.21099447e-06,350.10
10,1388,0.138846,1.21011408e-06,350.59
10,1390,0.154706,1.20923369e-06,351.07
10,1392,0.156074,1.20835546e-06,351.57
10,1394,0.143543,1.20747507e-06,352.11
10,1396,0.147505,1.20659683e-06,352.57
10,1398,0.155341,1.20572065e-06,353.09
10,1400,0.131427,1.20484026e-06,353.59
10,1402,0.143649,1.20396408e-06,354.05
10,1404,0.148510,1.20308584e-06,354.61
10,1406,0.118648,1.20220966e-06,355.16
10,1408,0.149504,1.20133132e-06,355.62
10,1410,0.150365,1.20045513e-06,356.16
10,1412,0.163731,1.19957895e-06,356.66
10,1414,0.151424,1.19870276e-06,357.16
10,1416,0.137141,1.19782874e-06,357.66
10,1418,0.150131,1.19695244e-06,358.26
10,1420,0.150345,1.19607841e-06,358.80
10,1422,0.119034,1.19520223e-06,359.36
10,1424,0.151501,1.19433014e-06,359.91
10,1426,0.116377,1.19345395e-06,360.41
10,1428,0.138174,1.19258198e-06,360.91
10,1430,0.138557,1.19170784e-06,361.39
10,1432,0.162103,1.19083586e-06,361.90
10,1434,0.133325,1.18996388e-06,362.42
10,1436,0.146967,1.18908974e-06,362.86
10,1438,0.134643,1.18821777e-06,363.39
10,1440,0.134971,1.18734567e-06,363.88
10,1442,0.148343,1.18647574e-06,364.37
10,1444,0.130966,1.18560376e-06,364.86
10,1446,0.141305,1.18473383e-06,365.38
10,1448,0.135558,1.18386390e-06,365.90
10,1450,0.136627,1.18299192e-06,366.40
10,1452,0.148801,1.18212404e-06,366.93
10,1454,0.157580,1.18125206e-06,367.47
10,1456,0.164046,1.18038417e-06,368.03
10,1458,0.133864,1.17951424e-06,368.55
10,1460,0.151956,1.17864647e-06,369.05
10,1462,0.150975,1.17777654e-06,369.60
10,1464,0.136817,1.17691070e-06,370.14
10,1466,0.147981,1.17604293e-06,370.74
10,1468,0.146029,1.17517504e-06,371.32
10,1470,0.152584,1.17430932e-06,371.81
10,1472,0.136287,1.17344143e-06,372.25
10,1474,0.164583,1.17257571e-06,372.83
10,1476,0.121480,1.17170782e-06,373.29
10,1478,0.136039,1.17084210e-06,373.80
10,1480,0.118485,1.16997842e-06,374.30
10,1482,0.142389,1.16911269e-06,374.82
10,1484,0.130855,1.16824901e-06,375.33
10,1486,0.167867,1.16738318e-06,375.89
10,1488,0.146265,1.16651961e-06,376.36
10,1490,0.152758,1.16565377e-06,376.84
10,1492,0.158123,1.16479225e-06,377.44
10,1494,0.144632,1.16392641e-06,377.91
10,1496,0.135228,1.16306489e-06,378.42
10,1498,0.168743,1.16220326e-06,378.86
10,1500,0.158979,1.16133958e-06,379.35
10,1502,0.115689,1.16047806e-06,379.83
10,1504,0.144727,1.15961643e-06,380.40
10,1506,0.158815,1.15875491e-06,380.93
10,1508,0.148623,1.15789328e-06,381.39
10,1510,0.161155,1.15703381e-06,381.91
10,1512,0.125765,1.15617422e-06,382.41
10,1514,0.144978,1.15531270e-06,382.90
10,1516,0.122537,1.15445323e-06,383.44
10,1518,0.128954,1.15359364e-06,384.00
10,1520,0.137247,1.15273417e-06,384.51
10,1522,0.147424,1.15187470e-06,384.99
10,1524,0.147879,1.15101727e-06,385.45
10,1526,0.157024,1.15015780e-06,385.89
10,1528,0.153037,1.14930037e-06,386.35
10,1530,0.145484,1.14844295e-06,386.82
10,1532,0.166155,1.14758552e-06,387.28
10,1534,0.153624,1.14673026e-06,387.75
10,1536,0.149393,1.14587067e-06,388.24
10,1538,0.147698,1.14501540e-06,388.69
10,1540,0.144108,1.14415798e-06,389.22
10,1542,0.148719,1.14330476e-06,389.67
10,1544,0.135528,1.14244938e-06,390.11
10,1546,0.147066,1.14159411e-06,390.67
10,1548,0.142697,1.14073873e-06,391.19
10,1550,0.159127,1.13988347e-06,391.66
10,1552,0.142233,1.13903013e-06,392.18
10,1554,0.132267,1.13817487e-06,392.68
10,1556,0.156625,1.13732369e-06,393.18
10,1558,0.155427,1.13646843e-06,393.68
10,1560,0.146739,1.13561725e-06,394.16
10,1562,0.130030,1.13476608e-06,394.68
10,1564,0.145280,1.13391070e-06,395.16
10,1566,0.171383,1.13306169e-06,395.62
10,1568,0.135712,1.13220847e-06,396.13
10,1570,0.140571,1.13135729e-06,396.63
10,1572,0.140223,1.13050612e-06,397.14
10,1574,0.142440,1.12965495e-06,397.70
10,1576,0.143891,1.12880593e-06,398.21
10,1578,0.107186,1.12795476e-06,398.72
10,1580,0.171640,1.12710563e-06,399.17
10,1582,0.149670,1.12625457e-06,399.65
10,1584,0.179774,1.12540749e-06,400.16
10,1586,0.148072,1.12455643e-06,400.60
10,1588,0.159873,1.12370947e-06,401.12
10,1590,0.135715,1.12286034e-06,401.62
10,1592,0.159423,1.12201337e-06,402.14
10,1594,0.139145,1.12116641e-06,402.64
10,1596,0.153518,1.12031944e-06,403.12
10,1598,0.159023,1.11947236e-06,403.62
10,1600,0.150062,1.11862539e-06,404.07
10,1602,0.129737,1.11778058e-06,404.60
10,1604,0.143441,1.11693146e-06,405.13
10,1606,0.137815,1.11608870e-06,405.60
10,1608,0.131941,1.11524378e-06,406.06
10,1610,0.125741,1.11439681e-06,406.55
10,1612,0.139109,1.11355394e-06,407.02
10,1614,0.129032,1.11270697e-06,407.51
10,1616,0.151422,1.11186421e-06,407.97
10,1618,0.138666,1.11101929e-06,408.42
10,1620,0.126277,1.11017653e-06,408.88
10,1622,0.159991,1.10933365e-06,409.39
10,1624,0.141261,1.10849089e-06,409.88
10,1626,0.126530,1.10765018e-06,410.36
10,1628,0.126923,1.10680526e-06,410.85
10,1630,0.123139,1.10596454e-06,411.32
10,1632,0.127719,1.10512167e-06,411.82
10,1634,0.151134,1.10428311e-06,412.38
10,1636,0.151934,1.10344024e-06,412.93
10,1638,0.139176,1.10259953e-06,413.38
10,1640,0.139073,1.10176086e-06,413.91
10,1642,0.144511,1.10092014e-06,414.41
10,1644,0.143325,1.10008148e-06,414.88
10,1646,0.156568,1.09924076e-06,415.38
10,1648,0.138911,1.09840221e-06,415.81
10,1650,0.152428,1.09756354e-06,416.31
10,1652,0.130804,1.09672487e-06,416.82
10,1654,0.137509,1.09588620e-06,417.38
10,1656,0.130306,1.09504970e-06,417.90
10,1658,0.127680,1.09421319e-06,418.42
10,1660,0.143194,1.09337452e-06,418.90
10,1662,0.120209,1.09253801e-06,419.37
10,1664,0.117944,1.09170139e-06,419.88
10,1666,0.159424,1.09086488e-06,420.34
10,1668,0.132152,1.09002826e-06,420.82
10,1670,0.131097,1.08919380e-06,421.32
10,1672,0.139735,1.08835934e-06,421.75
10,1674,0.155238,1.08752283e-06,422.22
10,1676,0.151252,1.08669042e-06,422.73
10,1678,0.137035,1.08585391e-06,423.20
10,1680,0.150543,1.08502149e-06,423.71
10,1682,0.150039,1.08418703e-06,424.19
10,1684,0.148562,1.08335473e-06,424.66
10,1686,0.141346,1.08252027e-06,425.18
10,1688,0.157304,1.08168786e-06,425.73
10,1690,0.144010,1.08085760e-06,426.22
10,1692,0.138923,1.08002303e-06,426.71
10,1694,0.140039,1.07919277e-06,427.21
10,1696,0.156905,1.07836036e-06,427.65
10,1698,0.156994,1.07753010e-06,428.11
10,1700,0.123576,1.07669769e-06,428.59
10,1702,0.151951,1.07586743e-06,429.07
10,1704,0.154503,1.07503922e-06,429.53
10,1706,0.131852,1.07420681e-06,430.02
10,1708,0.152118,1.07337860e-06,430.50
10,1710,0.145034,1.07254834e-06,430.97
10,1712,0.139150,1.07172013e-06,431.45
10,1714,0.137283,1.07089193e-06,432.00
10,1716,0.143074,1.07006372e-06,432.49
10,1718,0.138670,1.06923346e-06,432.97
10,1720,0.131786,1.06840730e-06,433.47
10,1722,0.151428,1.06758125e-06,433.98
10,1724,0.128163,1.06675304e-06,434.48
10,1726,0.126364,1.06592688e-06,434.98
10,1728,0.134108,1.06509867e-06,435.54
10,1730,0.141466,1.06427467e-06,436.08
10,1732,0.136884,1.06344851e-06,436.59
10,1734,0.150251,1.06262235e-06,437.13
10,1736,0.124549,1.06179834e-06,437.71
10,1738,0.146782,1.06097229e-06,438.15
10,1740,0.142519,1.06014818e-06,438.68
10,1742,0.135513,1.05932418e-06,439.16
10,1744,0.123523,1.05850017e-06,439.66
10,1746,0.150585,1.05767606e-06,440.17
10,1748,0.150111,1.05685410e-06,440.73
10,1750,0.126351,1.05603010e-06,441.21
10,1752,0.151125,1.05520814e-06,441.68
10,1754,0.168633,1.05438619e-06,442.24
10,1756,0.179358,1.05356423e-06,442.72
10,1758,0.147491,1.05274228e-06,443.27
10,1760,0.128004,1.05192044e-06,443.73
10,1762,0.124219,1.05110053e-06,444.25
10,1764,0.148984,1.05027857e-06,444.78
10,1766,0.124847,1.04945866e-06,445.26
10,1768,0.134506,1.04863886e-06,445.83
10,1770,0.144268,1.04781896e-06,446.31
10,1772,0.157005,1.04699916e-06,446.85
10,1774,0.133850,1.04617925e-06,447.35
10,1776,0.141100,1.04536150e-06,447.90
10,1778,0.151314,1.04454159e-06,448.40
10,1780,0.145277,1.04372384e-06,448.87
10,1782,0.139481,1.04290609e-06,449.32
10,1784,0.122648,1.04208834e-06,449.93
10,1786,0.155517,1.04127264e-06,450.53
10,1788,0.149022,1.04045478e-06,451.06
10,1790,0.139107,1.03963919e-06,451.60
10,1792,0.148552,1.03882132e-06,452.15
10,1794,0.137921,1.03800562e-06,452.67
10,1796,0.150382,1.03719003e-06,453.19
10,1798,0.110649,1.03637433e-06,453.67
10,1800,0.147265,1.03556067e-06,454.18
10,1802,0.162872,1.03474497e-06,454.66
10,1804,0.166352,1.03393143e-06,455.16
10,1806,0.157829,1.03311572e-06,455.79
10,1808,0.136873,1.03230423e-06,456.44
10,1810,0.119876,1.03148852e-06,456.94
10,1812,0.163522,1.03067703e-06,457.45
10,1814,0.140069,1.02986337e-06,458.07
10,1816,0.160202,1.02905187e-06,458.58
10,1818,0.146725,1.02824038e-06,459.12
10,1820,0.162478,1.02742672e-06,459.62
10,1822,0.125231,1.02661522e-06,460.11
10,1824,0.124825,1.02580373e-06,460.67
10,1826,0.159116,1.02499428e-06,461.27
10,1828,0.126838,1.02418278e-06,461.84
10,1830,0.134821,1.02337333e-06,462.42
10,1832,0.164716,1.02256388e-06,462.94
10,1834,0.137771,1.02175238e-06,463.50
10,1836,0.148969,1.02094509e-06,464.07
10,1838,0.139488,1.02013348e-06,464.59
10,1840,0.137217,1.01932619e-06,465.06
10,1842,0.171240,1.01851674e-06,465.66
10,1844,0.160983,1.01770945e-06,466.21
10,1846,0.145511,1.01690000e-06,466.72
10,1848,0.151180,1.01609476e-06,467.21
10,1850,0.150087,1.01528735e-06,467.68
10,1852,0.131101,1.01448006e-06,468.19
10,1854,0.139998,1.01367482e-06,468.71
10,1856,0.158689,1.01286741e-06,469.18
10,1858,0.167208,1.01206217e-06,469.70
10,1860,0.135588,1.01125477e-06,470.24
10,1862,0.173297,1.01045168e-06,470.70
10,1864,0.175220,1.00964644e-06,471.19
10,1866,0.143991,1.00884108e-06,471.70
10,1868,0.136309,1.00803800e-06,472.29
10,1870,0.134535,1.00723264e-06,472.81
10,1872,0.126770,1.00642956e-06,473.41
10,1874,0.127533,1.00562431e-06,473.95
10,1876,0.162757,1.00482316e-06,474.43
10,1878,0.160471,1.00401996e-06,475.06
10,1880,0.133881,1.00321688e-06,475.62
10,1882,0.152795,1.00241573e-06,476.15
10,1884,0.132289,1.00161253e-06,476.71
10,1886,0.144042,1.00081354e-06,477.31
10,1888,0.145613,1.00001034e-06,477.94
10,1890,0.177878,9.99211352e-07,478.47
10,1892,0.146054,9.98408268e-07,479.07
10,1894,0.170246,9.97609277e-07,479.66
10,1896,0.108955,9.96810172e-07,480.14
10,1898,0.160299,9.96011181e-07,480.64
10,1900,0.133085,9.95212190e-07,481.15
10,1902,0.123582,9.94411153e-07,481.65
10,1904,0.138637,9.93614208e-07,482.14
10,1906,0.138652,9.92815217e-07,482.66
10,1908,0.148569,9.92018272e-07,483.20
10,1910,0.143270,9.91219281e-07,483.70
10,1912,0.135471,9.90422450e-07,484.22
10,1914,0.137855,9.89625505e-07,484.73
10,1916,0.139232,9.88828560e-07,485.26
10,1918,0.150214,9.88033776e-07,485.85
10,1920,0.136196,9.87234785e-07,486.34
10,1922,0.134524,9.86439886e-07,486.83
10,1924,0.142577,9.85645102e-07,487.42
10,1926,0.188121,9.84850203e-07,488.03
10,1928,0.172604,9.84055418e-07,488.56
10,1930,0.142276,9.83260634e-07,489.07
10,1932,0.148839,9.82467895e-07,489.65
10,1934,0.132714,9.81672997e-07,490.15
10,1936,0.166975,9.80880259e-07,490.65
10,1938,0.150128,9.80085474e-07,491.21
10,1940,0.132260,9.79292736e-07,491.69
10,1942,0.135615,9.78499997e-07,492.25
10,1944,0.128119,9.77707259e-07,492.72
10,1946,0.142571,9.76916567e-07,493.26
10,1948,0.136926,9.76123829e-07,493.85
10,1950,0.135458,9.75333137e-07,494.34
10,1952,0.148785,9.74542559e-07,494.90
10,1954,0.146532,9.73751867e-07,495.39
10,1956,0.148587,9.72961175e-07,495.96
10,1958,0.164098,9.72170596e-07,496.49
10,1960,0.157102,9.71381951e-07,497.07
10,1962,0.121684,9.70591373e-07,497.62
10,1964,0.134353,9.69802727e-07,498.20
10,1966,0.152865,9.69014195e-07,498.75
10,1968,0.165256,9.68225663e-07,499.38
10,1970,0.152754,9.67437018e-07,499.87
10,1972,0.127498,9.66648486e-07,500.41
10,1974,0.123499,9.65859954e-07,500.89
10,1976,0.139176,9.65075515e-07,501.33
10,1978,0.157782,9.64289029e-07,501.92
10,1980,0.155506,9.63500497e-07,502.48
10,1982,0.139482,9.62716058e-07,503.07
10,1984,0.164607,9.61927526e-07,503.61
10,1986,0.121901,9.61143087e-07,504.10
10,1988,0.134630,9.60356601e-07,504.61
10,1990,0.129581,9.59572276e-07,505.13
10,1992,0.143703,9.58787837e-07,505.77
10,1994,0.135495,9.58003397e-07,506.34
10,1996,0.135841,9.57221118e-07,506.95
10,1998,0.143241,9.56436679e-07,507.53
10,2000,0.161255,9.55652354e-07,508.01
10,2002,0.135838,9.54867915e-07,508.58
10,2004,0.117869,9.54087682e-07,509.12
10,2006,0.161484,9.53303299e-07,509.72
10,2008,0.158915,9.52523067e-07,510.24
10,2010,0.158851,9.51740788e-07,510.74
10,2012,0.152064,9.50958452e-07,511.25
10,2014,0.150052,9.50178219e-07,511.70
10,2016,0.129970,9.49395940e-07,512.21
10,2018,0.116749,9.48615707e-07,512.72
10,2020,0.108414,9.47835474e-07,513.25
10,2022,0.131644,9.47055241e-07,513.78
10,2024,0.147787,9.46275009e-07,514.38
10,2026,0.134151,9.45496879e-07,514.89
10,2028,0.139896,9.44718749e-07,515.34
10,2030,0.144170,9.43938517e-07,515.89
10,2032,0.163598,9.43162490e-07,516.35
10,2034,0.143524,9.42382258e-07,516.82
10,2036,0.137904,9.41606174e-07,517.30
10,2038,0.150798,9.40825942e-07,517.85
10,2040,0.148337,9.40049915e-07,518.33
10,2042,0.153619,9.39273832e-07,518.83
10,2044,0.122905,9.38497806e-07,519.34
10,2046,0.140213,9.37721779e-07,519.82
10,2048,0.110311,9.36945696e-07,520.32
10,2050,0.127658,9.36169670e-07,520.82
10,2052,0.164235,9.35393587e-07,521.29
10,2054,0.136773,9.34619607e-07,521.80
10,2056,0.127451,9.33843580e-07,522.27
10,2058,0.152931,9.33071703e-07,522.77
10,2060,0.125874,9.32297723e-07,523.24
10,2062,0.164989,9.31523743e-07,523.78
10,2064,0.139274,9.30751867e-07,524.39
10,2066,0.141845,9.29975840e-07,524.88
10,2068,0.126300,9.29206067e-07,525.43
10,2070,0.129173,9.28432087e-07,526.01
10,2072,0.145928,9.27660210e-07,526.49
10,2074,0.134520,9.26890380e-07,527.12
10,2076,0.131975,9.26116456e-07,527.63
10,2078,0.137465,9.25346626e-07,528.16
10,2080,0.149010,9.24574749e-07,528.68
10,2082,0.170864,9.23804976e-07,529.14
10,2084,0.149863,9.23035145e-07,529.69
10,2086,0.157539,9.22265372e-07,530.27
10,2088,0.158161,9.21495598e-07,530.78
10,2090,0.129997,9.20725768e-07,531.29
10,2092,0.148041,9.19958097e-07,531.79
10,2094,0.155745,9.19188267e-07,532.29
10,2096,0.144687,9.18420596e-07,532.89
10,2098,0.144425,9.17652869e-07,533.39
10,2100,0.131421,9.16885142e-07,533.86
10,2102,0.146088,9.16117472e-07,534.36
10,2104,0.160513,9.15351848e-07,534.84
10,2106,0.153543,9.14586224e-07,535.45
10,2108,0.130729,9.13818496e-07,535.97
10,2110,0.146950,9.13052872e-07,536.51
10,2112,0.148125,9.12285145e-07,537.10
10,2114,0.153175,9.11521624e-07,537.55
10,2116,0.142179,9.10756000e-07,538.02
10,2118,0.161564,9.09992480e-07,538.61
10,2120,0.150582,9.09226856e-07,539.15
10,2122,0.127188,9.08463335e-07,539.68
10,2124,0.158626,9.07699814e-07,540.27
10,2126,0.137577,9.06936236e-07,540.74
10,2128,0.148650,9.06172716e-07,541.23
10,2130,0.144904,9.05409195e-07,541.71
10,2132,0.162506,9.04647720e-07,542.20
10,2134,0.137207,9.03884199e-07,542.66
10,2136,0.145520,9.03122725e-07,543.17
10,2138,0.142820,9.02363411e-07,543.65
10,2140,0.153147,9.01599833e-07,544.22
10,2142,0.157268,9.00840462e-07,544.77
10,2144,0.143065,9.00079044e-07,545.38
10,2146,0.147587,8.99319673e-07,546.00
10,2148,0.138666,8.98558199e-07,546.51
10,2150,0.151103,8.97798884e-07,546.99
10,2152,0.130624,8.97039513e-07,547.46
10,2154,0.145632,8.96280142e-07,547.95
10,2156,0.145311,8.95522874e-07,548.48
10,2158,0.141135,8.94763502e-07,549.06
10,2160,0.135472,8.94006234e-07,549.57
10,2162,0.144482,8.93246863e-07,550.05
10,2164,0.131535,8.92489595e-07,550.54
10,2166,0.134783,8.91732327e-07,551.02
10,2168,0.136265,8.90977105e-07,551.48
10,2170,0.147781,8.90219837e-07,552.00
10,2172,0.166262,8.89462569e-07,552.52
10,2174,0.139313,8.88707348e-07,552.98
10,2176,0.127506,8.87952183e-07,553.49
10,2178,0.148400,8.87196961e-07,554.01
10,2180,0.135104,8.86441796e-07,554.48
10,2182,0.120689,8.85688678e-07,554.95
10,2184,0.140414,8.84931410e-07,555.45
10,2186,0.127277,8.84178291e-07,556.00
10,2188,0.146254,8.83427276e-07,556.52
10,2190,0.126400,8.82672111e-07,556.98
10,2192,0.136207,8.81918993e-07,557.45
10,2194,0.133050,8.81165874e-07,557.93
10,2196,0.115642,8.80414859e-07,558.40
10,2198,0.167826,8.79661741e-07,558.87
10,2200,0.129838,8.78910726e-07,559.34
10,2202,0.145548,8.78159710e-07,559.81
10,2204,0.149032,8.77408695e-07,560.29
10,2206,0.142289,8.76657680e-07,560.82
10,2208,0.138941,8.75906665e-07,561.35
10,2210,0.151484,8.75157752e-07,561.89
10,2212,0.139559,8.74406737e-07,562.42
10,2214,0.158618,8.73657768e-07,563.00
10,2216,0.124952,8.72906753e-07,563.53
10,2218,0.127130,8.72159944e-07,564.06
10,2220,0.150587,8.71410975e-07,564.61
10,2222,0.143417,8.70662063e-07,565.08
10,2224,0.139051,8.69915198e-07,565.62
10,2226,0.123084,8.69166286e-07,566.17
10,2228,0.142100,8.68419420e-07,566.66
10,2230,0.167932,8.67672611e-07,567.14
10,2232,0.149909,8.66925745e-07,567.65
10,2234,0.156323,8.66180983e-07,568.15
10,2236,0.137687,8.65434117e-07,568.65
10,2238,0.152656,8.64689355e-07,569.13
10,2240,0.143879,8.63942546e-07,569.62
10,2242,0.183752,8.63197783e-07,570.09
10,2244,0.154646,8.62453021e-07,570.67
10,2246,0.136536,8.61708259e-07,571.15
10,2248,0.151971,8.60963496e-07,571.75
10,2250,0.159918,8.60220837e-07,572.29
10,2252,0.170109,8.59478121e-07,572.82
10,2254,0.150487,8.58733358e-07,573.34
10,2256,0.121898,8.57990699e-07,573.86
10,2258,0.148116,8.57248040e-07,574.34
10,2260,0.147504,8.56507427e-07,574.84
10,2262,0.128741,8.55762664e-07,575.30
10,2264,0.143409,8.55022108e-07,575.79
10,2266,0.137822,8.54281495e-07,576.25
10,2268,0.138436,8.53540939e-07,576.70
10,2270,0.145462,8.52800326e-07,577.21
10,2272,0.114731,8.52059770e-07,577.68
10,2274,0.138640,8.51319157e-07,578.22
10,2276,0.145663,8.50578544e-07,578.72
10,2278,0.148488,8.49840092e-07,579.15
10,2280,0.142289,8.49101582e-07,579.71
10,2282,0.146367,8.48363072e-07,580.20
10,2284,0.135294,8.47624563e-07,580.73
10,2286,0.152309,8.46886053e-07,581.25
10,2288,0.152353,8.46149646e-07,581.71
10,2290,0.129275,8.45411137e-07,582.23
10,2292,0.134770,8.44674730e-07,582.74
10,2294,0.144211,8.43936220e-07,583.29
10,2296,0.118471,8.43201917e-07,583.85
10,2298,0.131983,8.42465511e-07,584.49
10,2300,0.133168,8.41729047e-07,585.18
10,2302,0.143838,8.40994744e-07,585.84
10,2304,0.161806,8.40258338e-07,586.57
10,2306,0.134118,8.39523977e-07,587.32
10,2308,0.134139,8.38787571e-07,587.86
10,2310,0.143951,8.38055314e-07,588.43
10,2312,0.147651,8.37318908e-07,588.99
10,2314,0.164442,8.36586651e-07,589.50
10,2316,0.140010,8.35854451e-07,590.10
10,2318,0.145150,8.35120090e-07,590.64
10,2320,0.159676,8.34387833e-07,591.16
10,2322,0.140281,8.33655633e-07,591.61
10,2324,0.153269,8.32923376e-07,592.17
10,2326,0.145944,8.32191120e-07,592.75
10,2328,0.135761,8.31460966e-07,593.25
10,2330,0.122340,8.30730812e-07,593.71
10,2332,0.131672,8.29998555e-07,594.24
10,2334,0.176244,8.29268402e-07,594.75
10,2336,0.155043,8.28538248e-07,595.25
10,2338,0.126676,8.27808094e-07,595.81
10,2340,0.133080,8.27077940e-07,596.26
10,2342,0.120456,8.26349890e-07,596.82
10,2344,0.151898,8.25619736e-07,597.38
10,2346,0.166303,8.24891629e-07,597.98
10,2348,0.131825,8.24163578e-07,598.51
10,2350,0.135924,8.23435528e-07,599.01
10,2352,0.124790,8.22709524e-07,599.54
10,2354,0.139956,8.21979370e-07,600.05
10,2356,0.123181,8.21253366e-07,600.56
10,2358,0.153381,8.20527418e-07,601.09
10,2360,0.145195,8.19801414e-07,601.64
10,2362,0.146569,8.19075410e-07,602.17
10,2364,0.135196,8.18349463e-07,602.67
10,2366,0.133097,8.17623459e-07,603.15
10,2368,0.125423,8.16897455e-07,603.64
10,2370,0.143154,8.16173554e-07,604.14
10,2372,0.149199,8.15449653e-07,604.64
10,2374,0.157647,8.14725752e-07,605.09
10,2376,0.126686,8.13999804e-07,605.56
10,2378,0.152220,8.13278007e-07,606.07
10,2380,0.135217,8.12556152e-07,606.55
10,2382,0.137083,8.11832251e-07,607.11
10,2384,0.145884,8.11110453e-07,607.61
10,2386,0.162026,8.10386553e-07,608.12
10,2388,0.139382,8.09666858e-07,608.68
10,2390,0.135938,8.08942957e-07,609.28
10,2392,0.145760,8.08223206e-07,609.86
10,2394,0.130872,8.07503511e-07,610.39
10,2396,0.155350,8.06781657e-07,610.97
10,2398,0.140574,8.06061962e-07,611.53
10,2400,0.133960,8.05340107e-07,612.04
10,2402,0.144664,8.04622516e-07,612.62
10,2404,0.124703,8.03900662e-07,613.16
10,2406,0.150700,8.03183013e-07,613.67
10,2408,0.152871,8.02463319e-07,614.27
10,2410,0.123514,8.01745671e-07,614.80
10,2412,0.144448,8.01028023e-07,615.37
10,2414,0.135587,8.00310374e-07,615.91
10,2416,0.140162,7.99592783e-07,616.49
10,2418,0.147160,7.98875135e-07,617.09
10,2420,0.159980,7.98159533e-07,617.64
10,2422,0.142553,7.97441942e-07,618.24
10,2424,0.146412,7.96726340e-07,618.74
10,2426,0.141169,7.96010795e-07,619.26
10,2428,0.143603,7.95295250e-07,619.70
10,2430,0.146869,7.94579705e-07,620.17
10,2432,0.150202,7.93864160e-07,620.79
10,2434,0.139305,7.93150662e-07,621.30
10,2436,0.154781,7.92435117e-07,621.87
10,2438,0.151014,7.91721675e-07,622.41
10,2440,0.126876,7.91008176e-07,622.97
10,2442,0.138129,7.90294735e-07,623.62
10,2444,0.132639,7.89583339e-07,624.19
10,2446,0.156280,7.88869897e-07,624.70
10,2448,0.146942,7.88158502e-07,625.30
10,2450,0.154705,7.87445003e-07,625.82
10,2452,0.138416,7.86733665e-07,626.37
10,2454,0.153644,7.86022269e-07,626.89
10,2456,0.160752,7.85310874e-07,627.45
10,2458,0.135285,7.84601582e-07,628.03
10,2460,0.144957,7.83890187e-07,628.57
10,2462,0.119651,7.83180894e-07,629.04
10,2464,0.118208,7.82469556e-07,629.60
10,2466,0.154164,7.81760264e-07,630.19
10,2468,0.146814,7.81050915e-07,630.67
10,2470,0.134108,7.80341622e-07,631.21
10,2472,0.117845,7.79632330e-07,631.81
10,2474,0.127604,7.78925141e-07,632.31
10,2476,0.162164,7.78217952e-07,632.91
10,2478,0.129782,7.77510706e-07,633.44
10,2480,0.141554,7.76803518e-07,633.90
10,2482,0.132211,7.76096329e-07,634.46
10,2484,0.114798,7.75389083e-07,635.04
10,2486,0.138804,7.74681894e-07,635.52
10,2488,0.139862,7.73976751e-07,636.00
10,2490,0.136973,7.73271665e-07,636.53
10,2492,0.131073,7.72566523e-07,637.01
10,2494,0.123992,7.71861380e-07,637.51
10,2496,0.161460,7.71156294e-07,638.00
10,2498,0.101760,7.70453255e-07,638.68
10,2500,0.149736,7.69748112e-07,639.18
10,2502,0.143430,7.69045073e-07,639.73
10,2504,0.118881,7.68339930e-07,640.21
10,2506,0.133479,7.67636891e-07,640.71
10,2508,0.130549,7.66935955e-07,641.20
10,2510,0.150623,7.66232915e-07,641.65
10,2512,0.130299,7.65529876e-07,642.17
10,2514,0.142519,7.64828940e-07,642.66
10,2516,0.136125,7.64128004e-07,643.22
10,2518,0.136575,7.63424964e-07,643.72
10,2520,0.133146,7.62724028e-07,644.25
10,2522,0.132363,7.62023035e-07,644.80
10,2524,0.152838,7.61324202e-07,645.31
10,2526,0.163759,7.60625312e-07,645.82
10,2528,0.151375,7.59924376e-07,646.33
10,2530,0.153067,7.59225486e-07,646.82
10,2532,0.134129,7.58526653e-07,647.28
10,2534,0.126259,7.57827763e-07,647.74
10,2536,0.156824,7.57128930e-07,648.29
10,2538,0.152603,7.56432144e-07,648.77
10,2540,0.170192,7.55735357e-07,649.20
10,2542,0.160812,7.55036467e-07,649.65
10,2544,0.139565,7.54339737e-07,650.15
10,2546,0.149624,7.53642951e-07,650.65
10,2548,0.152119,7.52946164e-07,651.11
10,2550,0.151219,7.52249377e-07,651.61
10,2552,0.133265,7.51554694e-07,652.12
10,2554,0.153754,7.50857907e-07,652.62
10,2556,0.133267,7.50163224e-07,653.16
10,2558,0.147364,7.49468541e-07,653.62
10,2560,0.137858,7.48773857e-07,654.10
10,2562,0.126818,7.48081220e-07,654.62
10,2564,0.148705,7.47386537e-07,655.08
10,2566,0.145093,7.46691853e-07,655.61
10,2568,0.142290,7.45999216e-07,656.13
10,2570,0.135721,7.45306636e-07,656.65
10,2572,0.123508,7.44613999e-07,657.13
10,2574,0.145919,7.43921419e-07,657.63
10,2576,0.138787,7.43230885e-07,658.22
10,2578,0.140923,7.42538305e-07,658.73
10,2580,0.165222,7.41847771e-07,659.25
10,2582,0.155404,7.41155191e-07,659.73
10,2584,0.176127,7.40464657e-07,660.17
10,2586,0.145254,7.39774123e-07,660.70
10,2588,0.156821,7.39083589e-07,661.23
10,2590,0.153805,7.38395158e-07,661.75
10,2592,0.141854,7.37704681e-07,662.23
10,2594,0.115563,7.37016194e-07,662.72
10,2596,0.159163,7.36327763e-07,663.24
10,2598,0.133206,7.35639333e-07,663.71
10,2600,0.148888,7.34950902e-07,664.23
10,2602,0.129069,7.34262471e-07,664.74
10,2604,0.156695,7.33576144e-07,665.21
10,2606,0.154002,7.32887713e-07,665.72
10,2608,0.132648,7.32201386e-07,666.22
10,2610,0.159756,7.31515001e-07,666.72
10,2612,0.162715,7.30828674e-07,667.23
10,2614,0.133630,7.30142290e-07,667.74
10,2616,0.146363,7.29458066e-07,668.26
10,2618,0.142699,7.28771681e-07,668.75
10,2620,0.151664,7.28087457e-07,669.22
10,2622,0.139987,7.27403176e-07,669.71
10,2624,0.155277,7.26716848e-07,670.23
10,2626,0.146614,7.26034671e-07,670.76
10,2628,0.145859,7.25350390e-07,671.28
10,2630,0.143951,7.24666165e-07,671.76
10,2632,0.118527,7.23983987e-07,672.27
10,2634,0.133111,7.23301810e-07,672.76
10,2636,0.142763,7.22619632e-07,673.28
10,2638,0.141644,7.21937454e-07,673.77
10,2640,0.169750,7.21255276e-07,674.32
10,2642,0.151373,7.20573098e-07,674.83
10,2644,0.125268,7.19893023e-07,675.30
10,2646,0.147417,7.19210846e-07,675.78
10,2648,0.179189,7.18530714e-07,676.27
10,2650,0.133469,7.17850639e-07,676.77
10,2652,0.148276,7.17170565e-07,677.33
10,2654,0.130167,7.16492536e-07,677.83
10,2656,0.151656,7.15812462e-07,678.28
10,2658,0.129408,7.15134433e-07,678.79
10,2660,0.123884,7.14454359e-07,679.36
10,2662,0.150372,7.13776387e-07,679.86
10,2664,0.143360,7.13098359e-07,680.45
10,2666,0.149228,7.12420388e-07,681.00
10,2668,0.168524,7.11744462e-07,681.56
10,2670,0.122194,7.11066434e-07,682.16
10,2672,0.138650,7.10390509e-07,682.71
10,2674,0.155783,7.09712538e-07,683.22
10,2676,0.134336,7.09038716e-07,683.68
10,2678,0.131405,7.08360687e-07,684.26
10,2680,0.134887,7.07686866e-07,684.81
10,2682,0.132873,7.07010940e-07,685.31
10,2684,0.130920,7.06337119e-07,685.77
10,2686,0.149393,7.05663297e-07,686.30
10,2688,0.140499,7.04987372e-07,686.74
10,2690,0.134128,7.04315596e-07,687.21
10,2692,0.126807,7.03639728e-07,687.70
10,2694,0.152176,7.02967952e-07,688.15
10,2696,0.135622,7.02294130e-07,688.65
10,2698,0.141328,7.01622412e-07,689.14
10,2700,0.141677,7.00950636e-07,689.62
10,2702,0.144214,7.00278918e-07,690.06
10,2704,0.127652,6.99607142e-07,690.56
10,2706,0.141813,6.98935423e-07,691.03
10,2708,0.125545,6.98263648e-07,691.52
10,2710,0.139907,6.97594032e-07,691.96
10,2712,0.113599,6.96924360e-07,692.50
10,2714,0.163359,6.96252584e-07,692.99
10,2716,0.127916,6.95582969e-07,693.42
10,2718,0.134604,6.94915400e-07,693.93
10,2720,0.145967,6.94245728e-07,694.42
10,2722,0.172602,6.93578158e-07,694.91
10,2724,0.166936,6.92908486e-07,695.39
10,2726,0.146689,6.92240917e-07,695.87
10,2728,0.132215,6.91571245e-07,696.41
10,2730,0.132116,6.90905779e-07,696.88
10,2732,0.151295,6.90238210e-07,697.42
10,2734,0.154231,6.89570641e-07,697.85
10,2736,0.152030,6.88905118e-07,698.33
10,2738,0.130739,6.88237549e-07,698.81
10,2740,0.162362,6.87574186e-07,699.31
10,2742,0.154498,6.86906617e-07,699.79
10,2744,0.152133,6.86243197e-07,700.24
10,2746,0.123976,6.85575628e-07,700.72
10,2748,0.154117,6.84912209e-07,701.20
10,2750,0.158219,6.84248846e-07,701.73
10,2752,0.140253,6.83583323e-07,702.23
10,2754,0.134283,6.82922007e-07,702.70
10,2756,0.151112,6.82256541e-07,703.22
10,2758,0.152860,6.81595225e-07,703.69
10,2760,0.117002,6.80931805e-07,704.14
10,2762,0.143504,6.80270489e-07,704.60
10,2764,0.136023,6.79609172e-07,705.06
10,2766,0.134444,6.78945810e-07,705.53
10,2768,0.154010,6.78284493e-07,706.03
10,2770,0.150389,6.77623177e-07,706.51
10,2772,0.131903,6.76963964e-07,706.99
10,2774,0.133009,6.76302648e-07,707.49
10,2776,0.143266,6.75643378e-07,707.99
10,2778,0.138214,6.74982061e-07,708.45
10,2780,0.170320,6.74322848e-07,708.95
10,2782,0.152674,6.73665738e-07,709.42
10,2784,0.144261,6.73004422e-07,709.89
10,2786,0.141808,6.72347255e-07,710.39
10,2788,0.127251,6.71688042e-07,710.93
10,2790,0.143185,6.71030875e-07,711.44
10,2792,0.149590,6.70373765e-07,711.93
10,2794,0.152714,6.69716599e-07,712.43
10,2796,0.165060,6.69059489e-07,712.95
10,2798,0.160948,6.68402322e-07,713.49
10,2800,0.163176,6.67747258e-07,714.05
10,2802,0.141822,6.67090148e-07,714.54
10,2804,0.148758,6.66435085e-07,715.07
10,2806,0.151800,6.65780021e-07,715.58
10,2808,0.167134,6.65124958e-07,716.10
10,2810,0.157944,6.64469894e-07,716.64
10,2812,0.134971,6.63814888e-07,717.11
10,2814,0.134909,6.63161870e-07,717.59
10,2816,0.154943,6.62506864e-07,718.04
10,2818,0.158189,6.61855950e-07,718.59
10,2820,0.120707,6.61200886e-07,719.03
10,2822,0.126909,6.60550029e-07,719.59
10,2824,0.130946,6.59894965e-07,720.20
10,2826,0.141534,6.59244051e-07,720.79
10,2828,0.119048,6.58593194e-07,721.25
10,2830,0.143722,6.57940234e-07,721.75
10,2832,0.139741,6.57291423e-07,722.23
10,2834,0.149851,6.56638463e-07,722.67
10,2836,0.141929,6.55989652e-07,723.18
10,2838,0.140498,6.55338795e-07,723.66
10,2840,0.158740,6.54687881e-07,724.14
10,2842,0.141820,6.54039127e-07,724.60
10,2844,0.159020,6.53390316e-07,725.10
10,2846,0.144759,6.52741505e-07,725.58
10,2848,0.143997,6.52092695e-07,726.09
10,2850,0.145567,6.51443941e-07,726.56
10,2852,0.138141,6.50795130e-07,727.02
10,2854,0.131873,6.50148422e-07,727.54
10,2856,0.125778,6.49499611e-07,728.07
10,2858,0.149647,6.48855007e-07,728.50
10,2860,0.147275,6.48208299e-07,729.00
10,2862,0.145558,6.47561592e-07,729.51
10,2864,0.152742,6.46914884e-07,730.07
10,2866,0.142421,6.46268120e-07,730.65
10,2868,0.151882,6.45623516e-07,731.22
10,2870,0.144935,6.44978911e-07,731.72
10,2872,0.133342,6.44334250e-07,732.23
10,2874,0.128048,6.43689646e-07,732.69
10,2876,0.160682,6.43045041e-07,733.21
10,2878,0.126521,6.42402483e-07,733.71
10,2880,0.151277,6.41757879e-07,734.22
10,2882,0.155013,6.41115321e-07,734.70
10,2884,0.129469,6.40472763e-07,735.20
10,2886,0.157954,6.39830262e-07,735.66
10,2888,0.132930,6.39187704e-07,736.09
10,2890,0.151953,6.38545146e-07,736.55
10,2892,0.122762,6.37904748e-07,737.07
10,2894,0.133863,6.37262190e-07,737.56
10,2896,0.148913,6.36621735e-07,738.04
10,2898,0.148492,6.35981280e-07,738.55
10,2900,0.139969,6.35340825e-07,739.03
10,2902,0.128781,6.34700370e-07,739.49
10,2904,0.158710,6.34062019e-07,739.98
10,2906,0.152733,6.33421564e-07,740.46
10,2908,0.128097,6.32783212e-07,740.93
10,2910,0.122278,6.32144804e-07,741.41
10,2912,0.138658,6.31506452e-07,741.91
10,2914,0.156019,6.30868101e-07,742.37
10,2916,0.151679,6.30229749e-07,742.89
10,2918,0.139670,6.29593444e-07,743.45
10,2920,0.131480,6.28955092e-07,743.99
10,2922,0.160213,6.28318787e-07,744.52
10,2924,0.139622,6.27682539e-07,745.06
10,2926,0.130723,6.27046234e-07,745.52
10,2928,0.138544,6.26412032e-07,746.02
10,2930,0.119752,6.25775783e-07,746.51
10,2932,0.151385,6.25139478e-07,747.02
10,2934,0.145533,6.24505276e-07,747.52
10,2936,0.141124,6.23871131e-07,747.99
10,2938,0.126317,6.23234826e-07,748.57
10,2940,0.164541,6.22602727e-07,749.09
10,2942,0.132210,6.21968525e-07,749.57
10,2944,0.156405,6.21334323e-07,750.05
10,2946,0.134854,6.20702224e-07,750.57
10,2948,0.146971,6.20070125e-07,751.10
10,2950,0.142775,6.19438026e-07,751.62
10,2952,0.131591,6.18805927e-07,752.09
10,2954,0.128976,6.18173772e-07,752.61
10,2956,0.144604,6.17543776e-07,753.08
10,2958,0.154785,6.16911677e-07,753.63
10,2960,0.125518,6.16281625e-07,754.11
10,2962,0.147755,6.15649526e-07,754.69
10,2964,0.142330,6.15021577e-07,755.17
10,2966,0.136002,6.14389478e-07,755.64
10,2968,0.129492,6.13761586e-07,756.12
10,2970,0.161188,6.13131533e-07,756.65
10,2972,0.163857,6.12503584e-07,757.14
10,2974,0.137274,6.11875691e-07,757.59
10,2976,0.154662,6.11247742e-07,758.11
10,2978,0.143807,6.10619793e-07,758.61
10,2980,0.152094,6.09991844e-07,759.06
10,2982,0.130148,6.09363951e-07,759.56
10,2984,0.147811,6.08738105e-07,760.00
10,2986,0.139231,6.08112259e-07,760.57
10,2988,0.150326,6.07486356e-07,761.08
10,2990,0.138649,6.06858464e-07,761.58
10,2992,0.164811,6.06234664e-07,762.02
10,2994,0.149594,6.05608818e-07,762.53
10,2996,0.138243,6.04982972e-07,763.00
10,2998,0.140275,6.04357126e-07,763.48
10,3000,0.147257,6.03735486e-07,764.00
10,3002,0.151068,6.03109640e-07,764.60
10,3004,0.136920,6.02485841e-07,765.13
10,3006,0.149934,6.01864201e-07,765.62
10,3008,0.157943,6.01240401e-07,766.09
10,3010,0.136148,6.00618762e-07,766.59
10,3012,0.148727,5.99994962e-07,767.04
10,3014,0.171156,5.99373323e-07,767.52
10,3016,0.130292,5.98751626e-07,767.96
10,3018,0.151830,5.98129930e-07,768.42
10,3020,0.130022,5.97510336e-07,768.91
10,3022,0.128339,5.96888697e-07,769.47
10,3024,0.145923,5.96269103e-07,769.97
10,3026,0.138775,5.95647407e-07,770.45
10,3028,0.134627,5.95027814e-07,771.02
10,3030,0.153489,5.94408220e-07,771.54
10,3032,0.175084,5.93788627e-07,772.03
10,3034,0.151231,5.93169034e-07,772.48
10,3036,0.159891,5.92551544e-07,773.01
10,3038,0.135580,5.91934054e-07,773.51
10,3040,0.141418,5.91314461e-07,774.04
10,3042,0.146088,5.90699017e-07,774.54
10,3044,0.128673,5.90079424e-07,775.01
10,3046,0.134000,5.89464037e-07,775.52
10,3048,0.117271,5.88846547e-07,776.01
10,3050,0.158106,5.88231103e-07,776.47
10,3052,0.150759,5.87613613e-07,777.02
10,3054,0.158330,5.86998169e-07,777.49
10,3056,0.126214,5.86384829e-07,777.99
10,3058,0.143138,5.85769442e-07,778.52
10,3060,0.116339,5.85153998e-07,779.00
10,3062,0.149307,5.84538611e-07,779.52
10,3064,0.140321,5.83925271e-07,780.14
10,3066,0.111066,5.83311930e-07,780.70
10,3068,0.113856,5.82698590e-07,781.18
10,3070,0.164079,5.82085249e-07,781.74
10,3072,0.153111,5.81471909e-07,782.29
10,3074,0.136352,5.80860672e-07,782.79
10,3076,0.138286,5.80247331e-07,783.35
10,3078,0.147723,5.79636094e-07,783.90
10,3080,0.138531,5.79024857e-07,784.49
10,3082,0.132909,5.78413619e-07,784.95
10,3084,0.130912,5.77802382e-07,785.49
10,3086,0.131773,5.77191145e-07,786.02
10,3088,0.143491,5.76581954e-07,786.49
10,3090,0.148062,5.75970716e-07,786.98
10,3092,0.120352,5.75363629e-07,787.44
10,3094,0.120117,5.74752391e-07,787.98
10,3096,0.142880,5.74143257e-07,788.45
10,3098,0.151101,5.73534066e-07,788.91
10,3100,0.122432,5.72927036e-07,789.43
10,3102,0.141048,5.72319948e-07,789.89
10,3104,0.172182,5.71710757e-07,790.42
10,3106,0.140102,5.71103726e-07,790.93
10,3108,0.151899,5.70496638e-07,791.39
10,3110,0.162436,5.69891654e-07,791.87
10,3112,0.137719,5.69282463e-07,792.39
10,3114,0.139864,5.68677478e-07,792.86
10,3116,0.121443,5.68072494e-07,793.37
10,3118,0.146731,5.67467509e-07,793.86
10,3120,0.192862,5.66862525e-07,794.36
10,3122,0.136117,5.66257540e-07,794.84
10,3124,0.140333,5.65652556e-07,795.39
10,3126,0.152177,5.65047571e-07,795.85
10,3128,0.150336,5.64444690e-07,796.37
10,3130,0.138491,5.63839706e-07,796.84
10,3132,0.150202,5.63238871e-07,797.30
10,3134,0.141262,5.62635989e-07,797.86
10,3136,0.147476,5.62033051e-07,798.38
10,3138,0.187140,5.61430170e-07,798.87
10,3140,0.145500,5.60827289e-07,799.32
10,3142,0.149514,5.60226454e-07,799.84
10,3144,0.163329,5.59625619e-07,800.34
10,3146,0.127107,5.59024841e-07,800.83
10,3148,0.147513,5.58424006e-07,801.35
10,3150,0.150581,5.57823171e-07,801.83
10,3152,0.133941,5.57224439e-07,802.42
10,3154,0.141493,5.56623661e-07,802.95
10,3156,0.148042,5.56024929e-07,803.44
10,3158,0.158918,5.55426197e-07,803.99
10,3160,0.131286,5.54827466e-07,804.45
10,3162,0.151169,5.54228734e-07,804.99
10,3164,0.121337,5.53630002e-07,805.45
10,3166,0.140706,5.53033374e-07,805.90
10,3168,0.132609,5.52434642e-07,806.39
10,3170,0.144584,5.51838014e-07,806.89
10,3172,0.132528,5.51241328e-07,807.41
10,3174,0.121010,5.50644700e-07,807.86
10,3176,0.141876,5.50048071e-07,808.35
10,3178,0.144197,5.49453489e-07,808.92
10,3180,0.141225,5.48856860e-07,809.44
10,3182,0.151245,5.48262335e-07,810.00
10,3184,0.156479,5.47667753e-07,810.49
10,3186,0.173681,5.47073228e-07,810.95
10,3188,0.139827,5.46478645e-07,811.44
10,3190,0.131774,5.45884063e-07,811.88
10,3192,0.138594,5.45291641e-07,812.38
10,3194,0.161349,5.44697059e-07,812.83
10,3196,0.127518,5.44104580e-07,813.32
10,3198,0.115861,5.43514204e-07,813.81
10,3200,0.144702,5.42919622e-07,814.27
10,3202,0.121479,5.42329246e-07,814.77
10,3204,0.151360,5.41736824e-07,815.30
10,3206,0.146331,5.41146392e-07,815.74
10,3208,0.152007,5.40553970e-07,816.22
10,3210,0.147551,5.39963537e-07,816.77
10,3212,0.135713,5.39373161e-07,817.33
10,3214,0.140562,5.38782785e-07,817.84
10,3216,0.141694,5.38194513e-07,818.33
10,3218,0.132465,5.37604080e-07,818.86
10,3220,0.139097,5.37015808e-07,819.30
10,3222,0.149217,5.36425432e-07,819.76
10,3224,0.159411,5.35837103e-07,820.28
10,3226,0.132522,5.35248830e-07,820.75
10,3228,0.157861,5.34662604e-07,821.29
10,3230,0.119613,5.34074331e-07,821.78
10,3232,0.154024,5.33486002e-07,822.22
10,3234,0.146113,5.32899833e-07,822.70
10,3236,0.143167,5.32313607e-07,823.22
10,3238,0.125576,5.31727380e-07,823.81
10,3240,0.138649,5.31141154e-07,824.32
10,3242,0.143416,5.30557031e-07,824.87
10,3244,0.149299,5.29970862e-07,825.38
10,3246,0.168670,5.29386739e-07,825.86
10,3248,0.145771,5.28802616e-07,826.39
10,3250,0.154911,5.28216390e-07,826.91
10,3252,0.131390,5.27634313e-07,827.39
10,3254,0.156863,5.27048144e-07,827.91
10,3256,0.138054,5.26466067e-07,828.37
10,3258,0.133754,5.25881944e-07,828.86
10,3260,0.150731,5.25299924e-07,829.34
10,3262,0.130072,5.24717905e-07,829.82
10,3264,0.168058,5.24135828e-07,830.32
10,3266,0.165198,5.23555912e-07,830.81
10,3268,0.150127,5.22971789e-07,831.26
10,3270,0.143283,5.22391815e-07,831.75
10,3272,0.131166,5.21809795e-07,832.22
10,3274,0.122484,5.21229822e-07,832.76
10,3276,0.148532,5.20649849e-07,833.23
10,3278,0.128045,5.20069932e-07,833.72
10,3280,0.150328,5.19492062e-07,834.27
10,3282,0.132473,5.18912088e-07,834.79
10,3284,0.127543,5.18334218e-07,835.23
10,3286,0.159077,5.17754245e-07,835.71
10,3288,0.156601,5.17176431e-07,836.20
10,3290,0.152987,5.16598561e-07,836.68
10,3292,0.128076,5.16020691e-07,837.17
10,3294,0.161301,5.15444867e-07,837.62
10,3296,0.131405,5.14866997e-07,838.12
10,3298,0.153533,5.14291230e-07,838.69
10,3300,0.129386,5.13713360e-07,839.14
10,3302,0.133585,5.13137593e-07,839.64
10,3304,0.115132,5.12561826e-07,840.10
10,3306,0.150597,5.11988105e-07,840.63
10,3308,0.144517,5.11412338e-07,841.14
10,3310,0.152488,5.10838618e-07,841.59
10,3312,0.148765,5.10264954e-07,842.10
10,3314,0.142792,5.09689187e-07,842.56
10,3316,0.152906,5.09115466e-07,843.06
10,3318,0.133538,5.08541802e-07,843.59
10,3320,0.161649,5.07970185e-07,844.06
10,3322,0.114015,5.07396464e-07,844.53
10,3324,0.142708,5.06824847e-07,845.03
10,3326,0.148349,5.06253230e-07,845.57
10,3328,0.157814,5.05679566e-07,846.09
10,3330,0.155089,5.05110052e-07,846.59
10,3332,0.159107,5.04536331e-07,847.10
10,3334,0.137703,5.03966817e-07,847.59
10,3336,0.152404,5.03395199e-07,848.06
10,3338,0.144626,5.02825685e-07,848.58
10,3340,0.145994,5.02256171e-07,849.07
10,3342,0.133375,5.01686657e-07,849.61
10,3344,0.152693,5.01117142e-07,850.12
10,3346,0.132588,5.00547628e-07,850.64
10,3348,0.145136,4.99980160e-07,851.17
10,3350,0.122155,4.99410646e-07,851.73
10,3352,0.165758,4.98843178e-07,852.24
10,3354,0.142173,4.98275767e-07,852.78
10,3356,0.168909,4.97708356e-07,853.23
10,3358,0.121835,4.97142992e-07,853.76
10,3360,0.152624,4.96575524e-07,854.31
10,3362,0.148552,4.96010216e-07,854.82
10,3364,0.154622,4.95442748e-07,855.29
10,3366,0.159500,4.94877384e-07,855.75
10,3368,0.152373,4.94312076e-07,856.26
10,3370,0.146280,4.93746711e-07,856.82
10,3372,0.153858,4.93181346e-07,857.32
10,3374,0.149513,4.92618085e-07,857.85
10,3376,0.155259,4.92054824e-07,858.40
10,3378,0.160024,4.91489459e-07,858.84
10,3380,0.142262,4.90926197e-07,859.32
10,3382,0.152461,4.90362936e-07,859.84
10,3384,0.133311,4.89801778e-07,860.28
10,3386,0.149737,4.89238516e-07,860.75
10,3388,0.163016,4.88675255e-07,861.20
10,3390,0.149653,4.88114097e-07,861.75
10,3392,0.136306,4.87552882e-07,862.26
10,3394,0.141198,4.86991723e-07,862.74
10,3396,0.156596,4.86430565e-07,863.22
10,3398,0.122790,4.85871453e-07,863.79
10,3400,0.141490,4.85310295e-07,864.27
10,3402,0.155214,4.84751183e-07,864.75
10,3404,0.154614,4.84190025e-07,865.28
10,3406,0.129726,4.83630913e-07,865.73
10,3408,0.146761,4.83071801e-07,866.20
10,3410,0.147561,4.82512746e-07,866.73
10,3412,0.123572,4.81955738e-07,867.32
10,3414,0.137750,4.81396626e-07,867.81
10,3416,0.163188,4.80839617e-07,868.36
10,3418,0.122778,4.80282608e-07,868.92
10,3420,0.149099,4.79725600e-07,869.44
10,3422,0.132966,4.79168591e-07,869.96
10,3424,0.154097,4.78611582e-07,870.40
10,3426,0.143952,4.78056677e-07,870.98
10,3428,0.134200,4.77499668e-07,871.45
10,3430,0.120246,4.76944763e-07,871.91
10,3432,0.152367,4.76389829e-07,872.41
10,3434,0.143143,4.75834923e-07,872.88
10,3436,0.149192,4.75279990e-07,873.41
10,3438,0.141377,4.74727159e-07,873.91
10,3440,0.145139,4.74174328e-07,874.42
10,3442,0.151582,4.73619423e-07,874.92
10,3444,0.146672,4.73066592e-07,875.38
10,3446,0.159516,4.72513761e-07,875.84
10,3448,0.130844,4.71960902e-07,876.33
10,3450,0.152293,4.71408072e-07,876.79
10,3452,0.171930,4.70857344e-07,877.24
10,3454,0.133794,4.70306588e-07,877.70
10,3456,0.165113,4.69753758e-07,878.18
10,3458,0.137465,4.69203002e-07,878.62
10,3460,0.168740,4.68652274e-07,879.12
10,3462,0.155216,4.68101518e-07,879.61
10,3464,0.122866,4.67550763e-07,880.04
10,3466,0.126479,4.67002110e-07,880.51
10,3468,0.160498,4.66453457e-07,880.99
10,3470,0.129743,4.65904776e-07,881.47
10,3472,0.127940,4.65356123e-07,881.97
10,3474,0.127597,4.64807471e-07,882.49
10,3476,0.154066,4.64258790e-07,882.99
10,3478,0.162031,4.63710137e-07,883.44
10,3480,0.165054,4.63163559e-07,883.87
10,3482,0.141478,4.62616981e-07,884.38
10,3484,0.130176,4.62070432e-07,884.88
10,3486,0.119296,4.61523854e-07,885.39
10,3488,0.143918,4.60977276e-07,885.89
10,3490,0.140080,4.60432773e-07,886.43
10,3492,0.149198,4.59886195e-07,886.93
10,3494,0.142580,4.59341720e-07,887.40
10,3496,0.168689,4.58795142e-07,887.92
10,3498,0.152254,4.58252742e-07,888.43
10,3500,0.143598,4.57708239e-07,888.92
10,3502,0.115131,4.57163765e-07,889.44
10,3504,0.125439,4.56621365e-07,890.05
10,3506,0.139394,4.56076862e-07,890.55
10,3508,0.132453,4.55534462e-07,891.10
10,3510,0.148840,4.54992062e-07,891.67
10,3512,0.155514,4.54449662e-07,892.10
10,3514,0.148107,4.53907262e-07,892.61
10,3516,0.135561,4.53366937e-07,893.09
10,3518,0.140308,4.52824537e-07,893.61
10,3520,0.137511,4.52284240e-07,894.11
10,3522,0.164639,4.51743915e-07,894.68
10,3524,0.127335,4.51201515e-07,895.23
10,3526,0.160423,4.50663293e-07,895.70
10,3528,0.148585,4.50122968e-07,896.21
10,3530,0.149263,4.49584746e-07,896.70
10,3532,0.166449,4.49044421e-07,897.22
10,3534,0.150900,4.48506199e-07,897.70
10,3536,0.136406,4.47967949e-07,898.23
10,3538,0.137670,4.47429727e-07,898.72
10,3540,0.171909,4.46891505e-07,899.23
10,3542,0.154719,4.46353255e-07,899.73
10,3544,0.142372,4.45817136e-07,900.23
10,3546,0.139659,4.45280989e-07,900.77
10,3548,0.121633,4.44744842e-07,901.21
10,3550,0.139079,4.44208695e-07,901.71
10,3552,0.140649,4.43672548e-07,902.23
10,3554,0.126478,4.43136400e-07,902.72
10,3556,0.166090,4.42600253e-07,903.22
10,3558,0.158250,4.42066209e-07,903.77
10,3560,0.152956,4.41532137e-07,904.20
10,3562,0.155179,4.40998093e-07,904.68
10,3564,0.130408,4.40464021e-07,905.16
10,3566,0.153301,4.39929977e-07,905.66
10,3568,0.155386,4.39398008e-07,906.13
10,3570,0.155433,4.38863935e-07,906.61
10,3572,0.163695,4.38331966e-07,907.15
10,3574,0.159640,4.37797922e-07,907.65
10,3576,0.138248,4.37268028e-07,908.11
10,3578,0.166301,4.36736059e-07,908.60
10,3580,0.142020,4.36204090e-07,909.12
10,3582,0.164745,4.35674195e-07,909.64
10,3584,0.133151,4.35142226e-07,910.14
10,3586,0.142178,4.34612332e-07,910.64
10,3588,0.137938,4.34082466e-07,911.13
10,3590,0.136459,4.33552572e-07,911.59
10,3592,0.137787,4.33022677e-07,912.07
10,3594,0.141907,4.32494886e-07,912.53
10,3596,0.166293,4.31964992e-07,913.03
10,3598,0.144825,4.31437201e-07,913.50
10,3600,0.128902,4.30909409e-07,913.98
10,3602,0.123962,4.30381618e-07,914.43
10,3604,0.168842,4.29853799e-07,914.93
10,3606,0.148443,4.29326008e-07,915.44
10,3608,0.146976,4.28800291e-07,915.96
10,3610,0.176095,4.28272500e-07,916.38
10,3612,0.140348,4.27746784e-07,916.86
10,3614,0.136467,4.27221067e-07,917.36
10,3616,0.129613,4.26695351e-07,917.82
10,3618,0.155352,4.26169635e-07,918.28
10,3620,0.125471,4.25646022e-07,918.81
10,3622,0.128229,4.25120305e-07,919.30
10,3624,0.161175,4.24596692e-07,919.75
10,3626,0.136079,4.24073050e-07,920.23
10,3628,0.164083,4.23547334e-07,920.69
10,3630,0.140790,4.23025796e-07,921.20
10,3632,0.116759,4.22504257e-07,921.70
10,3634,0.149896,4.21980644e-07,922.15
10,3636,0.134790,4.21459077e-07,922.70
10,3638,0.135582,4.20935464e-07,923.21
10,3640,0.145804,4.20413926e-07,923.69
10,3642,0.150109,4.19892388e-07,924.17
10,3644,0.153645,4.19370849e-07,924.67
10,3646,0.145731,4.18849311e-07,925.16
10,3648,0.118320,4.18329847e-07,925.64
10,3650,0.111755,4.17810384e-07,926.16
10,3652,0.149741,4.17290948e-07,926.69
10,3654,0.152584,4.16771485e-07,927.23
10,3656,0.146636,4.16252021e-07,927.71
10,3658,0.145499,4.15732586e-07,928.17
10,3660,0.133597,4.15215197e-07,928.70
10,3662,0.126418,4.14695762e-07,929.15
10,3664,0.149506,4.14180477e-07,929.64
10,3666,0.147821,4.13661013e-07,930.11
10,3668,0.139021,4.13143653e-07,930.62
10,3670,0.137894,4.12626264e-07,931.17
10,3672,0.137343,4.12111007e-07,931.66
10,3674,0.131072,4.11593618e-07,932.12
10,3676,0.159487,4.11078332e-07,932.64
10,3678,0.138051,4.10563075e-07,933.15
10,3680,0.137979,4.10047790e-07,933.65
10,3682,0.162950,4.09532504e-07,934.12
10,3684,0.144150,4.09017218e-07,934.70
10,3686,0.124575,4.08504008e-07,935.18
10,3688,0.155079,4.07988750e-07,935.68
10,3690,0.158008,4.07477614e-07,936.20
10,3692,0.131278,4.06962357e-07,936.76
10,3694,0.150993,4.06451250e-07,937.27
10,3696,0.149050,4.05938039e-07,937.82
10,3698,0.132715,4.05424856e-07,938.46
10,3700,0.129497,4.04913720e-07,939.02
10,3702,0.141354,4.04400538e-07,939.56
10,3704,0.144365,4.03889430e-07,940.07
10,3706,0.138022,4.03378323e-07,940.60
10,3708,0.138485,4.02869290e-07,941.11
10,3710,0.134993,4.02358182e-07,941.59
10,3712,0.141181,4.01847075e-07,942.18
10,3714,0.145969,4.01338042e-07,942.77
10,3716,0.135673,4.00829038e-07,943.22
10,3718,0.141597,4.00320005e-07,943.70
10,3720,0.133206,3.99810972e-07,944.18
10,3722,0.137714,3.99301967e-07,944.63
10,3724,0.128128,3.98792935e-07,945.12
10,3726,0.134179,3.98286005e-07,945.68
10,3728,0.152956,3.97779047e-07,946.25
10,3730,0.144505,3.97272117e-07,946.76
10,3732,0.117850,3.96765188e-07,947.28
10,3734,0.112842,3.96258258e-07,947.80
10,3736,0.164439,3.95751300e-07,948.31
10,3738,0.154426,3.95244371e-07,948.86
10,3740,0.136910,3.94739516e-07,949.33
10,3742,0.108804,3.94234661e-07,949.81
10,3744,0.129373,3.93729806e-07,950.35
10,3746,0.142909,3.93224951e-07,950.82
10,3748,0.172846,3.92720125e-07,951.29
10,3750,0.167536,3.92217345e-07,951.78
10,3752,0.132692,3.91712490e-07,952.34
10,3754,0.123699,3.91209738e-07,952.83
10,3756,0.138691,3.90706958e-07,953.29
10,3758,0.108883,3.90204207e-07,953.80
10,3760,0.144844,3.89701427e-07,954.26
10,3762,0.134695,3.89198675e-07,954.85
10,3764,0.131007,3.88697998e-07,955.34
10,3766,0.146635,3.88195218e-07,955.90
10,3768,0.153248,3.87696645e-07,956.42
10,3770,0.165432,3.87193865e-07,956.85
10,3772,0.143267,3.86695262e-07,957.32
10,3774,0.150918,3.86192511e-07,957.79
10,3776,0.155328,3.85693909e-07,958.33
10,3778,0.163226,3.85195335e-07,958.86
10,3780,0.146512,3.84694658e-07,959.33
10,3782,0.160387,3.84196056e-07,959.82
10,3784,0.144111,3.83697454e-07,960.26
10,3786,0.169296,3.83200955e-07,960.79
10,3788,0.142007,3.82702353e-07,961.29
10,3790,0.132850,3.82203780e-07,961.85
10,3792,0.123197,3.81707252e-07,962.37
10,3794,0.136332,3.81210754e-07,962.90
10,3796,0.142190,3.80714255e-07,963.42
10,3798,0.142434,3.80217728e-07,963.91
10,3800,0.138794,3.79721229e-07,964.41
10,3802,0.137148,3.79224730e-07,964.90
10,3804,0.149189,3.78730306e-07,965.37
10,3806,0.159897,3.78235882e-07,965.94
10,3808,0.146804,3.77741458e-07,966.48
10,3810,0.113417,3.77247034e-07,967.00
10,3812,0.150880,3.76752638e-07,967.48
10,3814,0.139416,3.76260289e-07,967.98
10,3816,0.158878,3.75765865e-07,968.48
10,3818,0.124484,3.75273544e-07,968.93
10,3820,0.122325,3.74779120e-07,969.44
10,3822,0.152058,3.74286770e-07,969.91
10,3824,0.131582,3.73796524e-07,970.37
10,3826,0.142274,3.73304204e-07,970.90
10,3828,0.140495,3.72811854e-07,971.41
10,3830,0.156672,3.72321608e-07,971.88
10,3832,0.163376,3.71831362e-07,972.34
10,3834,0.141369,3.71339041e-07,972.93
10,3836,0.131249,3.70850870e-07,973.46
10,3838,0.145186,3.70358549e-07,973.93
10,3840,0.128718,3.69870378e-07,974.40
10,3842,0.155010,3.69382207e-07,974.94
10,3844,0.141967,3.68891961e-07,975.49
10,3846,0.152635,3.68403789e-07,976.06
10,3848,0.142279,3.67915646e-07,976.52
10,3850,0.162376,3.67427475e-07,977.04
10,3852,0.129197,3.66939304e-07,977.57
10,3854,0.165494,3.66453236e-07,978.09
10,3856,0.153109,3.65967168e-07,978.59
10,3858,0.148374,3.65478996e-07,979.06
10,3860,0.159148,3.64992928e-07,979.56
10,3862,0.148127,3.64506860e-07,979.99
10,3864,0.128343,3.64020764e-07,980.51
10,3866,0.132924,3.63534696e-07,981.00
10,3868,0.132070,3.63050702e-07,981.50
10,3870,0.159790,3.62566709e-07,981.97
10,3872,0.140486,3.62082716e-07,982.47
10,3874,0.110317,3.61598751e-07,982.91
10,3876,0.124530,3.61114758e-07,983.39
10,3878,0.168627,3.60630764e-07,983.86
10,3880,0.153089,3.60146771e-07,984.35
10,3882,0.153749,3.59664881e-07,984.83
10,3884,0.161631,3.59182962e-07,985.35
10,3886,0.152576,3.58701072e-07,985.82
10,3888,0.119996,3.58219154e-07,986.33
10,3890,0.136334,3.57737264e-07,986.81
10,3892,0.168570,3.57257449e-07,987.32
10,3894,0.157814,3.56775530e-07,987.82
10,3896,0.141411,3.56295715e-07,988.30
10,3898,0.120316,3.55813825e-07,988.79
10,3900,0.162803,3.55336084e-07,989.30
10,3902,0.185158,3.54854166e-07,989.80
10,3904,0.135320,3.54376454e-07,990.26
10,3906,0.159516,3.53898713e-07,990.74
10,3908,0.119727,3.53418898e-07,991.24
10,3910,0.149633,3.52941157e-07,991.74
10,3912,0.148475,3.52461342e-07,992.25
10,3914,0.172979,3.51985705e-07,992.77
10,3916,0.142202,3.51507964e-07,993.26
10,3918,0.116669,3.51030252e-07,993.71
10,3920,0.158296,3.50554586e-07,994.19
10,3922,0.161624,3.50076874e-07,994.64
10,3924,0.134887,3.49603312e-07,995.10
10,3926,0.137068,3.49125571e-07,995.62
10,3928,0.116799,3.48652009e-07,996.10
10,3930,0.170536,3.48176371e-07,996.62
10,3932,0.147829,3.47700734e-07,997.15
10,3934,0.160709,3.47227171e-07,997.70
10,3936,0.129494,3.46753609e-07,998.22
10,3938,0.133178,3.46280046e-07,998.87
10,3940,0.143445,3.45806484e-07,999.35
10,3942,0.153424,3.45332921e-07,999.88
10,3944,0.134453,3.44859359e-07,1000.42
10,3946,0.145008,3.44387900e-07,1000.95
10,3948,0.157302,3.43914337e-07,1001.41
10,3950,0.160468,3.43442878e-07,1001.94
10,3952,0.130691,3.42973493e-07,1002.41
10,3954,0.146502,3.42499931e-07,1002.91
10,3956,0.115227,3.42030546e-07,1003.41
10,3958,0.143257,3.41559058e-07,1003.87
10,3960,0.152505,3.41089674e-07,1004.40
10,3962,0.148149,3.40618215e-07,1004.91
10,3964,0.167105,3.40150905e-07,1005.38
10,3966,0.137072,3.39679417e-07,1005.83
10,3968,0.150204,3.39212136e-07,1006.33
10,3970,0.158755,3.38744826e-07,1006.79
10,3972,0.137811,3.38275441e-07,1007.33
10,3974,0.157664,3.37808132e-07,1007.78
10,3976,0.153159,3.37338747e-07,1008.37
10,3978,0.145049,3.36873541e-07,1008.93
10,3980,0.130845,3.36404156e-07,1009.56
10,3982,0.134847,3.35938950e-07,1010.11
10,3984,0.136308,3.35473715e-07,1010.69
10,3986,0.151177,3.35006433e-07,1011.25
10,3988,0.132345,3.34541198e-07,1011.70
10,3990,0.169333,3.34075992e-07,1012.19
10,3992,0.141644,3.33610785e-07,1012.73
10,3994,0.153789,3.33145579e-07,1013.25
10,3996,0.148078,3.32682447e-07,1013.74
10,3998,0.139915,3.32217212e-07,1014.23
10,4000,0.152287,3.31754109e-07,1014.71
10,4002,0.127758,3.31290977e-07,1015.28
10,4004,0.138361,3.30827845e-07,1015.77
10,4006,0.135045,3.30364713e-07,1016.24
10,4008,0.127801,3.29901582e-07,1016.71
10,4010,0.119986,3.29440553e-07,1017.16
10,4012,0.143086,3.28977421e-07,1017.63
10,4014,0.141579,3.28516364e-07,1018.10
10,4016,0.147654,3.28055336e-07,1018.59
10,4018,0.139358,3.27594279e-07,1019.09
10,4020,0.151821,3.27135325e-07,1019.60
10,4022,0.142594,3.26674297e-07,1020.07
10,4024,0.153961,3.26213240e-07,1020.55
10,4026,0.150703,3.25754286e-07,1021.04
10,4028,0.156623,3.25295332e-07,1021.55
10,4030,0.151649,3.24836378e-07,1022.05
10,4032,0.115406,3.24377424e-07,1022.57
10,4034,0.126729,3.23920545e-07,1023.09
10,4036,0.150396,3.23461592e-07,1023.58
10,4038,0.147232,3.23004741e-07,1024.08
10,4040,0.164733,3.22545787e-07,1024.56
10,4042,0.148713,3.22088908e-07,1025.02
10,4044,0.166557,3.21632029e-07,1025.52
10,4046,0.145668,3.21177254e-07,1026.02
10,4048,0.166157,3.20720375e-07,1026.57
10,4050,0.163790,3.20265599e-07,1027.11
10,4052,0.139435,3.19810823e-07,1027.55
10,4054,0.159394,3.19353944e-07,1028.01
10,4056,0.165902,3.18899168e-07,1028.47
10,4058,0.132240,3.18444393e-07,1028.99
10,4060,0.140302,3.17991692e-07,1029.53
10,4062,0.169451,3.17536887e-07,1030.07
10,4064,0.144092,3.17084215e-07,1030.52
10,4066,0.153400,3.16631514e-07,1031.07
10,4068,0.164276,3.16178813e-07,1031.57
10,4070,0.142028,3.15726112e-07,1032.04
10,4072,0.141100,3.15273411e-07,1032.51
10,4074,0.163734,3.14822813e-07,1033.03
10,4076,0.138930,3.14370112e-07,1033.57
10,4078,0.164365,3.13919486e-07,1034.08
10,4080,0.152904,3.13468888e-07,1034.58
10,4082,0.141277,3.13018262e-07,1035.08
10,4084,0.148136,3.12567664e-07,1035.53
10,4086,0.149892,3.12117038e-07,1036.02
10,4088,0.146230,3.11668515e-07,1036.60
10,4090,0.158534,3.11217917e-07,1037.12
10,4092,0.129914,3.10771469e-07,1037.61
10,4094,0.139497,3.10320871e-07,1038.09
10,4096,0.127061,3.09874423e-07,1038.60
10,4098,0.171710,3.09425900e-07,1039.10
10,4100,0.137558,3.08977377e-07,1039.58
10,4102,0.143538,3.08530929e-07,1040.10
10,4104,0.139658,3.08084509e-07,1040.64
10,4106,0.144079,3.07638061e-07,1041.19
10,4108,0.163634,3.07189538e-07,1041.70
10,4110,0.151011,3.06745193e-07,1042.17
10,4112,0.141763,3.06298745e-07,1042.63
10,4114,0.141009,3.05854400e-07,1043.14
10,4116,0.119126,3.05410026e-07,1043.65
10,4118,0.144183,3.04963606e-07,1044.28
10,4120,0.144239,3.04519233e-07,1044.78
10,4122,0.136503,3.04074888e-07,1045.28
10,4124,0.139254,3.03632618e-07,1045.78
10,4126,0.175966,3.03188273e-07,1046.27
10,4128,0.171848,3.02746002e-07,1046.75
10,4130,0.142766,3.02303732e-07,1047.22
10,4132,0.130859,3.01859387e-07,1047.70
10,4134,0.159746,3.01419220e-07,1048.15
10,4136,0.159581,3.00976950e-07,1048.56
10,4138,0.140877,3.00534680e-07,1049.02
10,4140,0.162867,3.00092410e-07,1049.50
10,4142,0.163099,2.99652214e-07,1050.08
10,4144,0.153295,2.99212047e-07,1050.58
10,4146,0.161460,2.98771880e-07,1051.17
10,4148,0.137083,2.98331685e-07,1051.60
10,4150,0.138779,2.97891518e-07,1052.13
10,4152,0.162810,2.97453425e-07,1052.59
10,4154,0.129211,2.97013230e-07,1053.11
10,4156,0.120359,2.96575138e-07,1053.68
10,4158,0.144664,2.96137046e-07,1054.15
10,4160,0.151054,2.95698953e-07,1054.61
10,4162,0.166088,2.95262936e-07,1055.10
10,4164,0.144654,2.94824844e-07,1055.63
10,4166,0.160275,2.94388826e-07,1056.10
10,4168,0.137644,2.93950734e-07,1056.65
10,4170,0.141873,2.93514745e-07,1057.18
10,4172,0.164613,2.93078728e-07,1057.67
10,4174,0.154910,2.92642710e-07,1058.15
10,4176,0.139904,2.92206721e-07,1058.65
10,4178,0.153963,2.91772778e-07,1059.11
10,4180,0.140227,2.91338864e-07,1059.62
10,4182,0.158510,2.90902847e-07,1060.12
10,4184,0.139112,2.90468932e-07,1060.73
10,4186,0.140426,2.90035018e-07,1061.26
10,4188,0.136527,2.89603179e-07,1061.74
10,4190,0.153363,2.89169265e-07,1062.27
10,4192,0.135440,2.88737425e-07,1062.77
10,4194,0.152256,2.88305586e-07,1063.25
10,4196,0.136908,2.87871671e-07,1063.80
10,4198,0.130404,2.87439832e-07,1064.22
10,4200,0.164992,2.87007992e-07,1064.80
10,4202,0.147419,2.86578256e-07,1065.34
10,4204,0.120480,2.86146417e-07,1065.82
10,4206,0.155160,2.85716652e-07,1066.38
10,4208,0.148940,2.85284813e-07,1066.91
10,4210,0.149448,2.84857151e-07,1067.36
10,4212,0.153070,2.84427415e-07,1067.93
10,4214,0.130511,2.83997650e-07,1068.42
10,4216,0.169158,2.83567914e-07,1068.91
10,4218,0.149203,2.83140253e-07,1069.45
10,4220,0.136206,2.82712591e-07,1069.99
10,4222,0.105949,2.82282826e-07,1070.55
10,4224,0.137262,2.81857268e-07,1071.02
10,4226,0.152454,2.81429607e-07,1071.61
10,4228,0.135628,2.81001945e-07,1072.13
10,4230,0.149479,2.80576359e-07,1072.65
10,4232,0.146620,2.80148697e-07,1073.14
10,4234,0.152976,2.79723110e-07,1073.65
10,4236,0.158684,2.79297552e-07,1074.12
10,4238,0.143787,2.78871966e-07,1074.61
10,4240,0.179609,2.78446379e-07,1075.08
10,4242,0.167477,2.78022895e-07,1075.59
10,4244,0.181642,2.77599412e-07,1076.11
10,4246,0.120619,2.77173825e-07,1076.67
10,4248,0.146812,2.76750342e-07,1077.13
10,4250,0.125540,2.76326830e-07,1077.66
10,4252,0.151120,2.75903346e-07,1078.13
10,4254,0.161043,2.75479863e-07,1078.64
10,4256,0.131786,2.75058454e-07,1079.23
10,4258,0.146486,2.74637046e-07,1079.74
10,4260,0.153716,2.74213562e-07,1080.22
10,4262,0.175008,2.73794228e-07,1080.74
10,4264,0.127469,2.73370745e-07,1081.22
10,4266,0.140006,2.72951439e-07,1081.71
10,4268,0.142748,2.72530031e-07,1082.22
10,4270,0.146208,2.72110697e-07,1082.69
10,4272,0.155233,2.71689316e-07,1083.16
10,4274,0.153636,2.71272057e-07,1083.64
10,4276,0.139092,2.70852752e-07,1084.13
10,4278,0.133270,2.70433446e-07,1084.60
10,4280,0.138850,2.70014112e-07,1085.12
10,4282,0.140193,2.69596882e-07,1085.65
10,4284,0.155849,2.69177576e-07,1086.16
10,4286,0.177896,2.68760317e-07,1086.67
10,4288,0.140520,2.68343086e-07,1087.21
10,4290,0.118602,2.67925856e-07,1087.75
10,4292,0.160341,2.67510728e-07,1088.25
10,4294,0.150238,2.67093498e-07,1088.72
10,4296,0.145137,2.66676267e-07,1089.22
10,4298,0.159994,2.66261111e-07,1089.73
10,4300,0.129861,2.65845955e-07,1090.25
10,4302,0.126786,2.65430828e-07,1090.80
10,4304,0.135996,2.65015672e-07,1091.33
10,4306,0.126364,2.64602619e-07,1091.83
10,4308,0.150895,2.64189538e-07,1092.34
10,4310,0.136829,2.63774410e-07,1092.81
10,4312,0.137533,2.63361329e-07,1093.29
10,4314,0.153867,2.62948276e-07,1093.77
10,4316,0.165949,2.62535224e-07,1094.25
10,4318,0.135805,2.62122171e-07,1094.68
10,4320,0.147815,2.61711193e-07,1095.19
10,4322,0.134643,2.61300215e-07,1095.66
10,4324,0.148949,2.60887163e-07,1096.10
10,4326,0.154343,2.60476185e-07,1096.61
10,4328,0.157629,2.60065207e-07,1097.08
10,4330,0.145530,2.59656304e-07,1097.60
10,4332,0.142989,2.59245354e-07,1098.09
10,4334,0.151816,2.58834376e-07,1098.56
10,4336,0.136730,2.58425473e-07,1099.06
10,4338,0.128192,2.58016598e-07,1099.59
10,4340,0.131124,2.57607695e-07,1100.15
10,4342,0.147342,2.57198820e-07,1100.74
10,4344,0.136675,2.56792021e-07,1101.22
10,4346,0.151297,2.56383117e-07,1101.73
10,4348,0.144493,2.55976317e-07,1102.23
10,4350,0.160804,2.55567443e-07,1102.75
10,4352,0.134331,2.55160643e-07,1103.28
10,4354,0.152650,2.54755918e-07,1103.77
10,4356,0.126102,2.54349118e-07,1104.27
10,4358,0.134796,2.53942318e-07,1104.79
10,4360,0.153903,2.53535518e-07,1105.33
10,4362,0.132387,2.53130793e-07,1105.87
10,4364,0.130047,2.52726096e-07,1106.39
10,4366,0.116905,2.52321371e-07,1106.87
10,4368,0.143529,2.51916646e-07,1107.38
10,4370,0.139938,2.51514024e-07,1107.93
10,4372,0.165102,2.51109299e-07,1108.44
10,4374,0.116193,2.50706677e-07,1108.94
10,4376,0.144902,2.50304055e-07,1109.45
10,4378,0.157881,2.49899330e-07,1109.91
10,4380,0.115418,2.49498783e-07,1110.42
10,4382,0.133855,2.49096161e-07,1110.93
10,4384,0.133583,2.48693539e-07,1111.47
10,4386,0.154092,2.48292992e-07,1111.93
10,4388,0.132334,2.47892444e-07,1112.47
10,4390,0.156766,2.47491897e-07,1112.98
10,4392,0.148650,2.47089275e-07,1113.46
10,4394,0.130517,2.46690803e-07,1113.94
10,4396,0.142626,2.46290284e-07,1114.43
10,4398,0.168039,2.45891812e-07,1114.95
10,4400,0.164937,2.45491265e-07,1115.42
10,4402,0.152060,2.45092821e-07,1115.94
10,4404,0.132155,2.44694348e-07,1116.47
10,4406,0.137447,2.44295904e-07,1116.92
10,4408,0.142548,2.43897432e-07,1117.38
10,4410,0.152438,2.43501063e-07,1117.81
10,4412,0.160639,2.43102619e-07,1118.34
10,4414,0.128964,2.42706250e-07,1118.83
10,4416,0.136297,2.42309881e-07,1119.34
10,4418,0.123495,2.41913511e-07,1119.80
10,4420,0.150958,2.41517142e-07,1120.34
10,4422,0.144234,2.41122848e-07,1120.84
10,4424,0.147972,2.40726479e-07,1121.49
10,4426,0.120991,2.40332184e-07,1121.98
10,4428,0.129196,2.39935815e-07,1122.46
10,4430,0.142063,2.39543624e-07,1122.95
10,4432,0.148657,2.39147255e-07,1123.46
10,4434,0.156481,2.38755064e-07,1123.91
10,4436,0.144440,2.38362858e-07,1124.40
10,4438,0.126509,2.37968564e-07,1124.91
10,4440,0.122299,2.37576373e-07,1125.40
10,4442,0.136732,2.37184167e-07,1125.89
10,4444,0.141154,2.36791976e-07,1126.38
10,4446,0.145459,2.36399771e-07,1126.82
10,4448,0.133247,2.36007580e-07,1127.31
10,4450,0.127878,2.35617463e-07,1127.81
10,4452,0.134147,2.35225272e-07,1128.31
10,4454,0.141583,2.34835156e-07,1128.83
10,4456,0.143089,2.34445039e-07,1129.37
10,4458,0.136309,2.34057012e-07,1129.83
10,4460,0.143100,2.33666910e-07,1130.31
10,4462,0.145460,2.33276793e-07,1130.76
10,4464,0.158688,2.32888766e-07,1131.33
10,4466,0.152701,2.32500739e-07,1131.85
10,4468,0.122051,2.32112711e-07,1132.32
10,4470,0.157272,2.31724684e-07,1132.86
10,4472,0.142824,2.31336656e-07,1133.33
10,4474,0.141509,2.30948629e-07,1133.76
10,4476,0.172437,2.30562691e-07,1134.23
10,4478,0.145211,2.30174663e-07,1134.71
10,4480,0.128255,2.29788725e-07,1135.19
10,4482,0.153720,2.29404876e-07,1135.73
10,4484,0.131883,2.29016848e-07,1136.22
10,4486,0.159256,2.28632999e-07,1136.72
10,4488,0.153621,2.28247046e-07,1137.25
10,4490,0.126385,2.27863197e-07,1137.76
10,4492,0.139864,2.27477258e-07,1138.26
10,4494,0.144924,2.27095484e-07,1138.74
10,4496,0.142126,2.26709545e-07,1139.20
10,4498,0.139336,2.26327785e-07,1139.70
10,4500,0.164890,2.25946010e-07,1140.17
10,4502,0.153952,2.25562161e-07,1140.66
10,4504,0.117812,2.25180401e-07,1141.19
10,4506,0.137126,2.24796537e-07,1141.72
10,4508,0.143759,2.24416851e-07,1142.18
10,4510,0.152271,2.24033002e-07,1142.67
10,4512,0.141491,2.23653316e-07,1143.18
10,4514,0.139156,2.23273645e-07,1143.64
10,4516,0.142732,2.22891870e-07,1144.14
10,4518,0.161694,2.22512185e-07,1144.65
10,4520,0.119886,2.22132513e-07,1145.28
10,4522,0.134289,2.21752828e-07,1145.87
10,4524,0.166897,2.21373142e-07,1146.41
10,4526,0.141213,2.20995545e-07,1146.90
10,4528,0.131108,2.20615874e-07,1147.44
10,4530,0.126241,2.20238277e-07,1147.96
10,4532,0.137659,2.19860681e-07,1148.53
10,4534,0.113881,2.19483084e-07,1149.04
10,4536,0.150261,2.19105488e-07,1149.52
10,4538,0.154230,2.18727891e-07,1150.04
10,4540,0.106803,2.18352383e-07,1150.62
10,4542,0.136900,2.17974787e-07,1151.08
10,4544,0.141420,2.17599279e-07,1151.60
10,4546,0.136040,2.17223771e-07,1152.09
10,4548,0.141557,2.16848264e-07,1152.68
10,4550,0.157052,2.16474831e-07,1153.26
10,4552,0.122789,2.16099323e-07,1153.74
10,4554,0.140126,2.15725905e-07,1154.26
10,4556,0.144359,2.15350397e-07,1154.80
10,4558,0.148002,2.14976978e-07,1155.29
10,4560,0.124893,2.14603546e-07,1155.81
10,4562,0.135383,2.14232216e-07,1156.39
10,4564,0.143109,2.13858783e-07,1156.93
10,4566,0.145550,2.13485364e-07,1157.48
10,4568,0.158391,2.13114035e-07,1157.95
10,4570,0.153193,2.12742691e-07,1158.41
10,4572,0.136480,2.12371361e-07,1158.85
10,4574,0.166057,2.12000018e-07,1159.39
10,4576,0.134598,2.11628688e-07,1159.91
10,4578,0.147990,2.11259433e-07,1160.41
10,4580,0.138852,2.10888089e-07,1160.91
10,4582,0.152408,2.10518849e-07,1161.42
10,4584,0.153878,2.10149594e-07,1161.96
10,4586,0.144583,2.09780339e-07,1162.46
10,4588,0.158101,2.09411084e-07,1162.91
10,4590,0.176667,2.09043932e-07,1163.41
10,4592,0.124648,2.08674678e-07,1163.88
10,4594,0.148856,2.08307512e-07,1164.33
10,4596,0.151078,2.07940346e-07,1164.78
10,4598,0.138059,2.07573180e-07,1165.28
10,4600,0.147948,2.07206014e-07,1165.74
10,4602,0.163670,2.06838848e-07,1166.24
10,4604,0.135801,2.06473771e-07,1166.73
10,4606,0.167762,2.06106606e-07,1167.20
10,4608,0.148098,2.05741529e-07,1167.71
10,4610,0.149930,2.05376452e-07,1168.16
10,4612,0.135488,2.05011375e-07,1168.61
10,4614,0.144327,2.04646298e-07,1169.10
10,4616,0.107587,2.04283296e-07,1169.70
10,4618,0.136558,2.03918219e-07,1170.20
10,4620,0.140817,2.03555231e-07,1170.79
10,4622,0.127521,2.03192243e-07,1171.34
10,4624,0.152681,2.02829241e-07,1171.90
10,4626,0.158226,2.02466254e-07,1172.42
10,4628,0.117648,2.02103266e-07,1172.86
10,4630,0.151440,2.01742353e-07,1173.37
10,4632,0.138714,2.01381454e-07,1173.86
10,4634,0.142608,2.01018452e-07,1174.33
10,4636,0.124247,2.00657553e-07,1174.87
10,4638,0.141006,2.00296640e-07,1175.39
10,4640,0.162350,1.99937830e-07,1175.92
10,4642,0.137306,1.99576917e-07,1176.44
10,4644,0.155094,1.99216018e-07,1176.94
10,4646,0.131654,1.98857194e-07,1177.43
10,4648,0.145102,1.98498370e-07,1177.85
10,4650,0.157695,1.98139560e-07,1178.32
10,4652,0.164809,1.97780736e-07,1178.81
10,4654,0.124764,1.97424001e-07,1179.37
10,4656,0.165796,1.97065177e-07,1179.92
10,4658,0.138319,1.96708442e-07,1180.44
10,4660,0.126980,1.96351706e-07,1180.94
10,4662,0.116895,1.95992897e-07,1181.39
10,4664,0.113959,1.95638250e-07,1181.84
10,4666,0.131873,1.95281515e-07,1182.38
10,4668,0.156889,1.94924780e-07,1182.88
10,4670,0.143961,1.94570134e-07,1183.36
10,4672,0.132874,1.94215488e-07,1183.84
10,4674,0.152448,1.93858753e-07,1184.35
10,4676,0.137806,1.93506182e-07,1184.85
10,4678,0.150641,1.93151536e-07,1185.32
10,4680,0.147428,1.92796890e-07,1185.82
10,4682,0.137614,1.92444332e-07,1186.35
10,4684,0.128830,1.92089686e-07,1186.90
10,4686,0.147622,1.91737115e-07,1187.43
10,4688,0.173326,1.91384558e-07,1187.94
10,4690,0.141290,1.91032001e-07,1188.48
10,4692,0.137834,1.90681519e-07,1189.02
10,4694,0.131273,1.90328961e-07,1189.50
10,4696,0.151358,1.89978479e-07,1190.04
10,4698,0.150968,1.89625922e-07,1190.56
10,4700,0.123529,1.89275454e-07,1191.01
10,4702,0.132644,1.88924972e-07,1191.47
10,4704,0.136885,1.88574504e-07,1191.92
10,4706,0.126516,1.88226110e-07,1192.38
10,4708,0.133654,1.87875628e-07,1192.84
10,4710,0.115649,1.87527249e-07,1193.36
10,4712,0.126357,1.87178856e-07,1193.85
10,4714,0.139816,1.86830462e-07,1194.32
10,4716,0.136110,1.86482083e-07,1194.83
10,4718,0.117311,1.86133690e-07,1195.40
10,4720,0.129745,1.85787385e-07,1195.86
10,4722,0.140414,1.85438992e-07,1196.37
10,4724,0.120224,1.85092688e-07,1196.86
10,4726,0.144030,1.84746384e-07,1197.29
10,4728,0.157315,1.84400093e-07,1197.88
10,4730,0.155722,1.84053789e-07,1198.37
10,4732,0.162208,1.83709574e-07,1198.88
10,4734,0.143062,1.83363269e-07,1199.42
10,4736,0.163315,1.83019040e-07,1199.88
10,4738,0.144763,1.82674825e-07,1200.36
10,4740,0.143941,1.82330609e-07,1200.87
10,4742,0.130799,1.81986394e-07,1201.32
10,4744,0.152976,1.81642179e-07,1201.79
10,4746,0.141159,1.81300052e-07,1202.31
10,4748,0.156383,1.80955837e-07,1202.81
10,4750,0.133836,1.80613696e-07,1203.26
10,4752,0.134453,1.80271570e-07,1203.80
10,4754,0.144740,1.79929444e-07,1204.27
10,4756,0.160551,1.79589392e-07,1204.77
10,4758,0.140614,1.79247266e-07,1205.25
10,4760,0.159678,1.78907214e-07,1205.73
10,4762,0.142914,1.78565088e-07,1206.27
10,4764,0.140011,1.78225051e-07,1206.80
10,4766,0.166502,1.77884999e-07,1207.26
10,4768,0.132834,1.77544962e-07,1207.76
10,4770,0.126143,1.77204910e-07,1208.23
10,4772,0.177522,1.76866948e-07,1208.73
10,4774,0.133566,1.76528999e-07,1209.26
10,4776,0.134832,1.76191037e-07,1209.83
10,4778,0.150426,1.75853074e-07,1210.33
10,4780,0.149098,1.75515126e-07,1210.81
10,4782,0.146037,1.75177163e-07,1211.29
10,4784,0.138784,1.74839201e-07,1211.78
10,4786,0.161685,1.74503327e-07,1212.26
10,4788,0.151193,1.74167454e-07,1212.79
10,4790,0.132815,1.73831580e-07,1213.26
10,4792,0.162539,1.73495721e-07,1213.78
10,4794,0.140541,1.73159847e-07,1214.24
10,4796,0.134421,1.72823974e-07,1214.75
10,4798,0.124879,1.72490189e-07,1215.27
10,4800,0.151037,1.72154316e-07,1215.77
10,4802,0.145216,1.71820531e-07,1216.22
10,4804,0.155397,1.71486747e-07,1216.70
10,4806,0.132645,1.71152948e-07,1217.20
10,4808,0.141556,1.70819163e-07,1217.67
10,4810,0.127595,1.70487468e-07,1218.17
10,4812,0.142017,1.70153683e-07,1218.67
10,4814,0.158959,1.69821988e-07,1219.19
10,4816,0.154124,1.69490278e-07,1219.77
10,4818,0.146127,1.69158582e-07,1220.38
10,4820,0.158636,1.68828976e-07,1220.92
10,4822,0.133053,1.68497266e-07,1221.43
10,4824,0.139766,1.68167659e-07,1221.92
10,4826,0.135876,1.67835950e-07,1222.40
10,4828,0.140868,1.67506343e-07,1222.92
10,4830,0.119671,1.67176722e-07,1223.46
10,4832,0.140935,1.66847116e-07,1223.95
10,4834,0.133001,1.66517495e-07,1224.44
10,4836,0.141173,1.66189977e-07,1225.10
10,4838,0.157160,1.65862446e-07,1225.61
10,4840,0.158546,1.65532825e-07,1226.14
10,4842,0.143345,1.65205307e-07,1226.66
10,4844,0.151270,1.64877775e-07,1227.17
10,4846,0.158284,1.64552333e-07,1227.66
10,4848,0.146341,1.64224801e-07,1228.10
10,4850,0.151001,1.63897283e-07,1228.61
10,4852,0.170761,1.63571841e-07,1229.09
10,4854,0.164624,1.63246398e-07,1229.57
10,4856,0.170542,1.62920955e-07,1230.07
10,4858,0.151258,1.62595512e-07,1230.58
10,4860,0.151500,1.62272158e-07,1231.11
10,4862,0.151188,1.61946716e-07,1231.62
10,4864,0.127402,1.61623362e-07,1232.17
10,4866,0.137607,1.61297919e-07,1232.69
10,4868,0.160198,1.60974565e-07,1233.21
10,4870,0.161286,1.60653300e-07,1233.73
10,4872,0.168337,1.60329947e-07,1234.19
10,4874,0.118406,1.60006593e-07,1234.65
10,4876,0.134602,1.59685314e-07,1235.23
10,4878,0.133440,1.59361960e-07,1235.78
10,4880,0.133733,1.59040695e-07,1236.24
10,4882,0.142749,1.58719430e-07,1236.72
10,4884,0.165602,1.58400240e-07,1237.23
10,4886,0.140223,1.58078976e-07,1237.73
10,4888,0.144599,1.57757697e-07,1238.23
10,4890,0.138359,1.57438521e-07,1238.74
10,4892,0.172023,1.57119331e-07,1239.21
10,4894,0.146950,1.56800155e-07,1239.67
10,4896,0.150292,1.56480965e-07,1240.14
10,4898,0.165857,1.56161789e-07,1240.64
10,4900,0.153225,1.55844688e-07,1241.13
10,4902,0.154486,1.55525512e-07,1241.61
10,4904,0.136477,1.55208411e-07,1242.10
10,4906,0.124428,1.54891310e-07,1242.67
10,4908,0.132226,1.54574224e-07,1243.16
10,4910,0.135104,1.54257123e-07,1243.66
10,4912,0.143982,1.53940022e-07,1244.22
10,4914,0.154801,1.53625010e-07,1244.72
10,4916,0.153162,1.53310012e-07,1245.19
10,4918,0.155656,1.52992911e-07,1245.69
10,4920,0.162510,1.52677899e-07,1246.15
10,4922,0.126042,1.52362887e-07,1246.63
10,4924,0.139384,1.52049964e-07,1247.11
10,4926,0.128596,1.51734952e-07,1247.70
10,4928,0.170458,1.51422029e-07,1248.27
10,4930,0.124074,1.51107017e-07,1248.83
10,4932,0.117953,1.50796183e-07,1249.33
10,4934,0.156712,1.50483260e-07,1249.89
10,4936,0.124478,1.50170337e-07,1250.46
10,4938,0.137696,1.49857399e-07,1250.96
10,4940,0.143746,1.49546565e-07,1251.46
10,4942,0.136753,1.49233642e-07,1251.95
10,4944,0.150357,1.48922808e-07,1252.49
10,4946,0.140177,1.48611960e-07,1253.00
10,4948,0.170268,1.48303215e-07,1253.47
10,4950,0.166239,1.47992381e-07,1254.04
10,4952,0.168674,1.47681533e-07,1254.50
10,4954,0.168190,1.47372788e-07,1255.02
10,4956,0.133694,1.47064029e-07,1255.56
10,4958,0.132448,1.46753194e-07,1256.08
10,4960,0.132028,1.46446524e-07,1256.52
10,4962,0.146786,1.46137779e-07,1256.95
10,4964,0.147199,1.45829020e-07,1257.47
10,4966,0.167347,1.45522364e-07,1258.07
10,4968,0.152753,1.45213605e-07,1258.57
10,4970,0.157565,1.44906949e-07,1259.12
10,4972,0.116326,1.44600278e-07,1259.59
10,4974,0.133395,1.44295697e-07,1260.10
10,4976,0.139352,1.43989027e-07,1260.58
10,4978,0.136790,1.43682371e-07,1261.13
10,4980,0.132281,1.43377790e-07,1261.67
10,4982,0.136830,1.43073208e-07,1262.15
10,4984,0.164621,1.42768627e-07,1262.64
10,4986,0.140547,1.42464046e-07,1263.12
10,4988,0.141575,1.42159465e-07,1263.58
10,4990,0.160582,1.41854883e-07,1264.09
10,4992,0.132194,1.41552391e-07,1264.61
10,4994,0.124724,1.41249899e-07,1265.14
10,4996,0.128949,1.40947407e-07,1265.63
10,4998,0.131570,1.40644914e-07,1266.10
10,5000,0.152657,1.40342422e-07,1266.58
10,5002,0.150668,1.40039930e-07,1267.10
10,5004,0.149087,1.39739512e-07,1267.59
10,5006,0.146039,1.39439109e-07,1268.08
10,5008,0.155550,1.39136617e-07,1268.59
10,5010,0.162235,1.38836214e-07,1269.03
10,5012,0.136286,1.38537885e-07,1269.54
10,5014,0.141008,1.38237482e-07,1270.02
10,5016,0.158508,1.37937079e-07,1270.48
10,5018,0.123056,1.37638750e-07,1271.01
10,5020,0.143387,1.37340436e-07,1271.46
10,5022,0.129527,1.37040018e-07,1272.00
10,5024,0.158881,1.36741704e-07,1272.58
10,5026,0.166045,1.36445465e-07,1273.08
10,5028,0.139626,1.36147150e-07,1273.65
10,5030,0.131628,1.35850911e-07,1274.15
10,5032,0.121700,1.35552582e-07,1274.63
10,5034,0.143192,1.35256357e-07,1275.10
10,5036,0.152616,1.34960118e-07,1275.61
10,5038,0.142632,1.34663878e-07,1276.10
10,5040,0.151232,1.34367653e-07,1276.63
10,5042,0.167471,1.34073503e-07,1277.12
10,5044,0.115214,1.33779352e-07,1277.64
10,5046,0.156790,1.33483113e-07,1278.13
10,5048,0.133841,1.33188962e-07,1278.61
10,5050,0.128349,1.32894812e-07,1279.09
10,5052,0.117741,1.32602750e-07,1279.59
10,5054,0.152334,1.32308600e-07,1280.10
10,5056,0.122222,1.32016538e-07,1280.62
10,5058,0.155214,1.31722388e-07,1281.12
10,5060,0.139671,1.31430326e-07,1281.61
10,5062,0.134531,1.31138265e-07,1282.08
10,5064,0.158703,1.30846203e-07,1282.56
10,5066,0.153053,1.30556231e-07,1283.07
10,5068,0.145300,1.30264169e-07,1283.54
10,5070,0.158206,1.29974197e-07,1284.11
10,5072,0.154157,1.29682121e-07,1284.59
10,5074,0.152452,1.29392149e-07,1285.09
10,5076,0.157174,1.29104265e-07,1285.55
10,5078,0.116558,1.28814278e-07,1286.02
10,5080,0.143204,1.28524306e-07,1286.54
10,5082,0.146005,1.28236422e-07,1287.08
10,5084,0.133911,1.27948525e-07,1287.56
10,5086,0.167750,1.27658552e-07,1288.07
10,5088,0.142014,1.27370654e-07,1288.59
10,5090,0.147217,1.27082771e-07,1289.07
10,5092,0.158201,1.26796962e-07,1289.57
10,5094,0.128082,1.26511154e-07,1290.03
10,5096,0.138246,1.26223270e-07,1290.55
10,5098,0.133782,1.25937461e-07,1291.04
10,5100,0.157338,1.25651667e-07,1291.54
10,5102,0.163048,1.25365858e-07,1292.03
10,5104,0.152032,1.25080049e-07,1292.48
10,5106,0.140470,1.24796330e-07,1292.98
10,5108,0.143223,1.24510535e-07,1293.48
10,5110,0.123828,1.24226816e-07,1294.01
10,5112,0.138537,1.23943096e-07,1294.50
10,5114,0.168617,1.23659376e-07,1294.96
10,5116,0.142041,1.23375656e-07,1295.44
10,5118,0.125161,1.23091937e-07,1295.91
10,5120,0.151186,1.22810306e-07,1296.42
10,5122,0.165653,1.22528675e-07,1296.98
10,5124,0.169061,1.22247044e-07,1297.47
10,5126,0.156405,1.21965414e-07,1297.94
10,5128,0.131066,1.21683783e-07,1298.42
10,5130,0.130384,1.21402152e-07,1298.91
10,5132,0.163637,1.21120522e-07,1299.40
10,5134,0.133548,1.20840966e-07,1299.90
10,5136,0.132898,1.20561424e-07,1300.38
10,5138,0.127159,1.20281882e-07,1300.91
10,5140,0.137583,1.20002326e-07,1301.40
10,5142,0.163382,1.19722785e-07,1301.92
10,5144,0.132749,1.19445332e-07,1302.40
10,5146,0.141181,1.19165783e-07,1302.86
10,5148,0.158521,1.18888323e-07,1303.47
10,5150,0.119093,1.18608774e-07,1304.02
10,5152,0.140000,1.18333404e-07,1304.49
10,5154,0.129188,1.18055944e-07,1304.97
10,5156,0.148613,1.17778484e-07,1305.47
10,5158,0.145138,1.17503113e-07,1305.97
10,5160,0.111196,1.17225653e-07,1306.55
10,5162,0.137969,1.16950275e-07,1307.07
10,5164,0.149312,1.16674904e-07,1307.55
10,5166,0.150678,1.16399526e-07,1308.02
10,5168,0.141611,1.16124156e-07,1308.57
10,5170,0.119243,1.15850867e-07,1309.15
10,5172,0.141529,1.15575496e-07,1309.68
10,5174,0.129611,1.15302207e-07,1310.20
10,5176,0.144038,1.15028918e-07,1310.71
10,5178,0.146198,1.14755636e-07,1311.30
10,5180,0.151271,1.14482347e-07,1311.81
10,5182,0.137342,1.14209058e-07,1312.39
10,5184,0.140987,1.13937858e-07,1312.86
10,5186,0.124053,1.13664569e-07,1313.33
10,5188,0.130597,1.13393369e-07,1313.82
10,5190,0.159323,1.13122169e-07,1314.36
10,5192,0.140287,1.12850969e-07,1314.84
10,5194,0.135487,1.12581851e-07,1315.37
10,5196,0.144245,1.12310651e-07,1315.86
10,5198,0.128760,1.12041533e-07,1316.39
10,5200,0.134681,1.11770333e-07,1316.94
10,5202,0.171004,1.11501222e-07,1317.41
10,5204,0.136951,1.11232104e-07,1317.90
10,5206,0.123913,1.10962993e-07,1318.41
10,5208,0.143656,1.10695964e-07,1318.94
10,5210,0.169000,1.10426846e-07,1319.38
10,5212,0.134284,1.10159817e-07,1319.83
10,5214,0.119966,1.09892788e-07,1320.31
10,5216,0.136477,1.09625759e-07,1320.85
10,5218,0.155293,1.09358730e-07,1321.36
10,5220,0.143715,1.09091701e-07,1321.80
10,5222,0.127980,1.08826761e-07,1322.28
10,5224,0.153536,1.08559732e-07,1322.76
10,5226,0.131571,1.08294785e-07,1323.24
10,5228,0.162354,1.08029845e-07,1323.70
10,5230,0.138638,1.07764905e-07,1324.18
10,5232,0.139931,1.07499957e-07,1324.69
10,5234,0.139084,1.07237106e-07,1325.15
10,5236,0.140682,1.06972159e-07,1325.68
10,5238,0.157113,1.06709301e-07,1326.13
10,5240,0.133060,1.06446450e-07,1326.65
10,5242,0.149769,1.06183592e-07,1327.13
10,5244,0.153070,1.05920734e-07,1327.63
10,5246,0.128219,1.05657875e-07,1328.09
10,5248,0.128546,1.05397106e-07,1328.56
10,5250,0.156518,1.05134255e-07,1329.05
10,5252,0.141035,1.04873479e-07,1329.59
10,5254,0.140696,1.04612710e-07,1330.08
10,5256,0.155106,1.04351940e-07,1330.60
10,5258,0.145729,1.04091171e-07,1331.10
10,5260,0.163617,1.03832484e-07,1331.63
10,5262,0.152370,1.03571715e-07,1332.16
10,5264,0.133929,1.03313035e-07,1332.73
10,5266,0.161284,1.03054347e-07,1333.26
10,5268,0.155065,1.02795660e-07,1333.73
10,5270,0.147625,1.02536980e-07,1334.16
10,5272,0.143756,1.02280381e-07,1334.63
10,5274,0.145274,1.02021694e-07,1335.09
10,5276,0.141022,1.01765096e-07,1335.58
10,5278,0.153969,1.01506416e-07,1336.09
10,5280,0.171335,1.01249817e-07,1336.58
10,5282,0.142165,1.00993219e-07,1337.09
10,5284,0.148772,1.00738710e-07,1337.57
10,5286,0.142379,1.00482112e-07,1338.05
10,5288,0.141274,1.00227595e-07,1338.53
10,5290,0.162185,9.99730858e-08,1339.04
10,5292,0.138556,9.97164875e-08,1339.61
10,5294,0.153692,9.94619782e-08,1340.15
10,5296,0.144132,9.92074618e-08,1340.68
10,5298,0.126255,9.89550344e-08,1341.18
10,5300,0.119174,9.87005251e-08,1341.69
10,5302,0.156557,9.84480977e-08,1342.17
10,5304,0.155008,9.81956774e-08,1342.65
10,5306,0.139387,9.79432500e-08,1343.20
10,5308,0.166462,9.76908225e-08,1343.67
10,5310,0.145062,9.74383951e-08,1344.19
10,5312,0.126391,9.71880567e-08,1344.69
10,5314,0.126833,9.69356293e-08,1345.25
10,5316,0.152304,9.66852909e-08,1345.78
10,5318,0.154670,9.64349525e-08,1346.25
10,5320,0.152669,9.61846141e-08,1346.71
10,5322,0.152930,9.59342756e-08,1347.23
10,5324,0.127531,9.56860191e-08,1347.65
10,5326,0.119194,9.54356807e-08,1348.14
10,5328,0.150561,9.51874313e-08,1348.60
10,5330,0.171151,9.49391747e-08,1349.25
10,5332,0.120477,9.46909182e-08,1349.72
10,5334,0.155242,9.44426688e-08,1350.17
10,5336,0.149421,9.41944123e-08,1350.65
10,5338,0.144195,9.39482447e-08,1351.10
10,5340,0.149053,9.37020772e-08,1351.59
10,5342,0.162991,9.34538278e-08,1352.09
10,5344,0.164652,9.32076603e-08,1352.55
10,5346,0.144543,9.29614927e-08,1353.08
10,5348,0.139534,9.27153252e-08,1353.50
10,5350,0.120592,9.24712467e-08,1354.03
10,5352,0.172720,9.22250791e-08,1354.52
10,5354,0.147556,9.19809935e-08,1355.04
10,5356,0.181729,9.17369150e-08,1355.56
10,5358,0.149528,9.14928364e-08,1356.02
10,5360,0.126643,9.12487508e-08,1356.54
10,5362,0.150620,9.10067612e-08,1357.09
10,5364,0.151902,9.07626756e-08,1357.58
10,5366,0.152963,9.05206790e-08,1358.06
10,5368,0.145331,9.02786894e-08,1358.54
10,5370,0.150056,9.00346038e-08,1359.05
10,5372,0.143569,8.97946961e-08,1359.53
10,5374,0.130732,8.95526995e-08,1359.99
10,5376,0.151847,8.93107099e-08,1360.48
10,5378,0.133598,8.90708023e-08,1360.97
10,5380,0.135078,8.88308875e-08,1361.49
10,5382,0.138205,8.85909799e-08,1361.98
10,5384,0.154656,8.83510722e-08,1362.48
10,5386,0.139031,8.81111646e-08,1363.00
10,5388,0.154374,8.78712569e-08,1363.44
10,5390,0.134082,8.76334312e-08,1363.96
10,5392,0.138155,8.73935235e-08,1364.45
10,5394,0.164247,8.71557049e-08,1364.91
10,5396,0.154195,8.69178791e-08,1365.39
10,5398,0.139684,8.66800605e-08,1365.82
10,5400,0.147545,8.64443237e-08,1366.34
10,5402,0.163416,8.62064979e-08,1366.87
10,5404,0.122775,8.59707612e-08,1367.36
10,5406,0.140546,8.57329425e-08,1367.88
10,5408,0.154069,8.54972058e-08,1368.36
10,5410,0.159432,8.52614690e-08,1368.90
10,5412,0.138012,8.50278141e-08,1369.45
10,5414,0.142024,8.47920774e-08,1369.97
10,5416,0.159249,8.45563406e-08,1370.53
10,5418,0.127675,8.43226928e-08,1371.03
10,5420,0.143467,8.40890451e-08,1371.57
10,5422,0.132583,8.38553902e-08,1372.07
10,5424,0.157241,8.36217424e-08,1372.58
10,5426,0.155601,8.33901765e-08,1373.15
10,5428,0.143223,8.31565288e-08,1373.74
10,5430,0.136591,8.29249629e-08,1374.23
10,5432,0.151894,8.26933970e-08,1374.68
10,5434,0.154608,8.24597493e-08,1375.17
10,5436,0.148085,8.22302724e-08,1375.64
10,5438,0.116280,8.19987065e-08,1376.10
10,5440,0.129359,8.17671406e-08,1376.59
10,5442,0.151910,8.15376637e-08,1377.10
10,5444,0.121483,8.13061050e-08,1377.58
10,5446,0.138824,8.10766210e-08,1378.05
10,5448,0.134052,8.08471441e-08,1378.53
10,5450,0.153058,8.06197562e-08,1379.03
10,5452,0.142582,8.03902793e-08,1379.50
10,5454,0.118177,8.01607953e-08,1380.04
10,5456,0.151922,7.99334074e-08,1380.56
10,5458,0.165475,7.97060125e-08,1381.11
10,5460,0.127236,7.94786246e-08,1381.55
10,5462,0.137496,7.92512296e-08,1382.06
10,5464,0.159055,7.90238417e-08,1382.61
10,5466,0.132660,7.87964467e-08,1383.09
10,5468,0.148534,7.85711407e-08,1383.62
10,5470,0.143954,7.83458347e-08,1384.09
10,5472,0.142610,7.81205287e-08,1384.56
10,5474,0.145020,7.78952227e-08,1385.08
10,5476,0.144526,7.76699238e-08,1385.58
10,5478,0.134055,7.74446178e-08,1386.07
10,5480,0.138736,7.72213937e-08,1386.53
10,5482,0.144193,7.69981767e-08,1387.02
10,5484,0.126985,7.67728707e-08,1387.52
10,5486,0.148975,7.65496537e-08,1388.00
10,5488,0.130677,7.63264296e-08,1388.49
10,5490,0.134509,7.61053016e-08,1389.02
10,5492,0.154024,7.58820775e-08,1389.49
10,5494,0.138653,7.56609495e-08,1389.92
10,5496,0.140332,7.54398144e-08,1390.36
10,5498,0.136726,7.52165903e-08,1390.88
10,5500,0.155207,7.49975442e-08,1391.43
10,5502,0.149516,7.47764162e-08,1391.99
10,5504,0.150364,7.45552811e-08,1392.47
10,5506,0.159263,7.43362349e-08,1392.98
10,5508,0.135688,7.41150998e-08,1393.42
10,5510,0.130706,7.38960537e-08,1393.87
10,5512,0.128641,7.36770076e-08,1394.36
10,5514,0.150098,7.34600434e-08,1394.82
10,5516,0.161270,7.32409973e-08,1395.28
10,5518,0.149592,7.30219512e-08,1395.76
10,5520,0.156366,7.28049869e-08,1396.24
10,5522,0.131252,7.25880298e-08,1396.69
10,5524,0.141660,7.23710656e-08,1397.25
10,5526,0.151557,7.21541085e-08,1397.78
10,5528,0.155944,7.19371442e-08,1398.31
10,5530,0.132169,7.17201871e-08,1398.80
10,5532,0.167422,7.15053119e-08,1399.34
10,5534,0.117846,7.12904367e-08,1399.87
10,5536,0.145541,7.10755614e-08,1400.32
10,5538,0.157366,7.08606862e-08,1400.89
10,5540,0.137015,7.06458110e-08,1401.39
10,5542,0.130024,7.04309358e-08,1401.92
10,5544,0.144452,7.02181495e-08,1402.41
10,5546,0.128510,7.00032743e-08,1402.95
10,5548,0.146045,6.97904809e-08,1403.46
10,5550,0.170061,6.95776947e-08,1403.95
10,5552,0.134629,6.93649085e-08,1404.41
10,5554,0.136785,6.91521151e-08,1404.94
10,5556,0.130067,6.89414179e-08,1405.41
10,5558,0.127153,6.87286246e-08,1405.89
10,5560,0.158149,6.85179273e-08,1406.39
10,5562,0.136399,6.83072230e-08,1406.92
10,5564,0.131198,6.80965186e-08,1407.42
10,5566,0.155914,6.78858214e-08,1407.89
10,5568,0.145380,6.76771990e-08,1408.37
10,5570,0.166864,6.74665017e-08,1408.86
10,5572,0.144149,6.72578864e-08,1409.38
10,5574,0.139160,6.70492639e-08,1409.84
10,5576,0.126961,6.68406486e-08,1410.31
10,5578,0.137911,6.66320332e-08,1410.79
10,5580,0.152791,6.64234179e-08,1411.25
10,5582,0.150503,6.62168844e-08,1411.70
10,5584,0.127191,6.60082691e-08,1412.20
10,5586,0.139892,6.58017427e-08,1412.69
10,5588,0.130088,6.55952093e-08,1413.19
10,5590,0.134678,6.53886829e-08,1413.71
10,5592,0.130788,6.51821495e-08,1414.26
10,5594,0.125057,6.49777050e-08,1414.71
10,5596,0.136916,6.47711786e-08,1415.16
10,5598,0.130658,6.45667342e-08,1415.63
10,5600,0.147547,6.43622897e-08,1416.08
10,5602,0.132286,6.41578453e-08,1416.57
10,5604,0.149793,6.39534008e-08,1417.08
10,5606,0.127212,6.37489563e-08,1417.51
10,5608,0.138424,6.35466009e-08,1417.97
10,5610,0.141285,6.33442454e-08,1418.43
10,5612,0.147498,6.31398009e-08,1418.88
10,5614,0.137287,6.29374384e-08,1419.36
10,5616,0.170391,6.27350829e-08,1419.81
10,5618,0.152314,6.25348093e-08,1420.31
10,5620,0.144021,6.23324539e-08,1420.79
10,5622,0.106762,6.21321803e-08,1421.28
10,5624,0.134355,6.19298248e-08,1421.82
10,5626,0.153482,6.17295512e-08,1422.34
10,5628,0.155762,6.15292777e-08,1422.89
10,5630,0.152254,6.13290112e-08,1423.43
10,5632,0.147396,6.11308266e-08,1423.90
10,5634,0.156842,6.09305530e-08,1424.42
10,5636,0.137494,6.07323685e-08,1424.89
10,5638,0.136734,6.05341839e-08,1425.37
10,5640,0.146828,6.03359922e-08,1425.92
10,5642,0.135327,6.01378076e-08,1426.41
10,5644,0.117786,5.99396230e-08,1426.95
10,5646,0.161447,5.97435275e-08,1427.39
10,5648,0.135209,5.95453393e-08,1427.85
10,5650,0.147318,5.93492402e-08,1428.36
10,5652,0.168065,5.91531411e-08,1428.84
10,5654,0.148551,5.89570419e-08,1429.44
10,5656,0.150029,5.87609428e-08,1429.90
10,5658,0.137700,5.85648436e-08,1430.41
10,5660,0.142658,5.83708299e-08,1430.88
10,5662,0.122297,5.81768163e-08,1431.36
10,5664,0.160711,5.79828026e-08,1431.84
10,5666,0.155740,5.77867034e-08,1432.34
10,5668,0.162020,5.75947787e-08,1432.87
10,5670,0.156612,5.74007650e-08,1433.42
10,5672,0.133167,5.72067513e-08,1433.92
10,5674,0.121717,5.70148231e-08,1434.42
10,5676,0.142608,5.68228984e-08,1434.95
10,5678,0.141421,5.66309701e-08,1435.44
10,5680,0.143082,5.64390419e-08,1435.96
10,5682,0.146026,5.62471172e-08,1436.54
10,5684,0.139668,5.60551889e-08,1437.01
10,5686,0.135057,5.58653497e-08,1437.55
10,5688,0.128341,5.56755069e-08,1438.09
10,5690,0.160737,5.54856676e-08,1438.55
10,5692,0.121561,5.52958248e-08,1439.07
10,5694,0.133215,5.51059856e-08,1439.56
10,5696,0.154592,5.49161463e-08,1440.09
10,5698,0.137075,5.47283889e-08,1440.57
10,5700,0.149249,5.45385497e-08,1441.06
10,5702,0.138056,5.43507959e-08,1441.53
10,5704,0.138752,5.41630385e-08,1442.05
10,5706,0.170738,5.39752847e-08,1442.53
10,5708,0.142114,5.37875309e-08,1443.03
10,5710,0.132671,5.36018625e-08,1443.51
10,5712,0.141089,5.34141087e-08,1443.95
10,5714,0.137857,5.32284403e-08,1444.48
10,5716,0.161033,5.30427720e-08,1445.03
10,5718,0.137063,5.28571036e-08,1445.52
10,5720,0.125910,5.26714352e-08,1445.98
10,5722,0.151341,5.24878523e-08,1446.52
10,5724,0.140971,5.23021839e-08,1447.02
10,5726,0.120366,5.21186010e-08,1447.53
10,5728,0.145063,5.19350181e-08,1448.00
10,5730,0.153520,5.17514351e-08,1448.55
10,5732,0.131253,5.15678522e-08,1449.06
10,5734,0.132554,5.13842728e-08,1449.63
10,5736,0.142671,5.12027754e-08,1450.15
10,5738,0.122048,5.10191924e-08,1450.70
10,5740,0.134666,5.08376985e-08,1451.19
10,5742,0.127819,5.06562010e-08,1451.69
10,5744,0.130588,5.04747035e-08,1452.18
10,5746,0.154936,5.02932096e-08,1452.70
10,5748,0.122522,5.01117121e-08,1453.17
10,5750,0.139002,4.99323036e-08,1453.68
10,5752,0.151022,4.97528916e-08,1454.25
10,5754,0.137142,4.95734831e-08,1454.81
10,5756,0.123616,4.93940711e-08,1455.29
10,5758,0.133649,4.92146626e-08,1455.78
10,5760,0.168666,4.90352541e-08,1456.26
10,5762,0.136948,4.88558420e-08,1456.79
10,5764,0.137112,4.86785190e-08,1457.28
10,5766,0.158013,4.85011959e-08,1457.77
10,5768,0.121372,4.83238694e-08,1458.29
10,5770,0.160171,4.81465463e-08,1458.83
10,5772,0.190815,4.79692233e-08,1459.33
10,5774,0.151678,4.77939857e-08,1459.86
10,5776,0.129947,4.76166626e-08,1460.31
10,5778,0.148703,4.74414250e-08,1460.85
10,5780,0.152228,4.72661874e-08,1461.33
10,5782,0.161459,4.70909498e-08,1461.85
10,5784,0.147578,4.69157122e-08,1462.33
10,5786,0.141988,4.67404746e-08,1462.87
10,5788,0.137877,4.65673224e-08,1463.34
10,5790,0.156323,4.63920848e-08,1463.84
10,5792,0.127853,4.62189327e-08,1464.32
10,5794,0.145201,4.60457805e-08,1464.81
10,5796,0.128559,4.58726284e-08,1465.31
10,5798,0.130565,4.57015652e-08,1465.81
10,5800,0.151935,4.55284130e-08,1466.34
10,5802,0.146358,4.53573463e-08,1466.80
10,5804,0.142645,4.51841977e-08,1467.29
10,5806,0.158667,4.50131310e-08,1467.80
10,5808,0.126870,4.48420643e-08,1468.40
10,5810,0.136453,4.46730866e-08,1468.93
10,5812,0.117792,4.45020198e-08,1469.41
10,5814,0.152647,4.43330421e-08,1469.90
10,5816,0.143290,4.41619754e-08,1470.33
10,5818,0.115786,4.39929977e-08,1470.86
10,5820,0.167876,4.38240200e-08,1471.34
10,5822,0.153369,4.36550387e-08,1471.85
10,5824,0.138443,4.34881464e-08,1472.43
10,5826,0.129383,4.33191651e-08,1472.91
10,5828,0.127321,4.31522729e-08,1473.39
10,5830,0.135309,4.29832951e-08,1473.88
10,5832,0.167460,4.28164029e-08,1474.39
10,5834,0.141739,4.26495070e-08,1474.96
10,5836,0.127629,4.24847002e-08,1475.57
10,5838,0.159315,4.23178079e-08,1476.07
10,5840,0.151141,4.21509156e-08,1476.57
10,5842,0.148448,4.19861088e-08,1477.02
10,5844,0.146523,4.18213020e-08,1477.53
10,5846,0.149594,4.16564951e-08,1478.00
10,5848,0.177351,4.14916883e-08,1478.58
10,5850,0.149753,4.13289669e-08,1479.09
10,5852,0.151819,4.11641601e-08,1479.53
10,5854,0.154904,4.10014387e-08,1480.05
10,5856,0.141182,4.08387208e-08,1480.54
10,5858,0.148137,4.06739140e-08,1481.08
10,5860,0.166885,4.05132781e-08,1481.69
10,5862,0.159970,4.03505567e-08,1482.20
10,5864,0.127699,4.01878353e-08,1482.72
10,5866,0.169932,4.00272029e-08,1483.26
10,5868,0.135542,3.98665669e-08,1483.73
10,5870,0.137043,3.97059345e-08,1484.29
10,5872,0.132000,3.95432131e-08,1484.81
10,5874,0.156470,3.93846626e-08,1485.29
10,5876,0.157163,3.92240302e-08,1485.83
10,5878,0.141259,3.90654797e-08,1486.30
10,5880,0.154564,3.89048473e-08,1486.84
10,5882,0.154969,3.87462968e-08,1487.37
10,5884,0.118077,3.85877499e-08,1487.83
10,5886,0.152665,3.84292029e-08,1488.40
10,5888,0.126923,3.82727379e-08,1488.92
10,5890,0.144495,3.81141909e-08,1489.40
10,5892,0.156866,3.79577294e-08,1489.85
10,5894,0.128229,3.77991789e-08,1490.35
10,5896,0.143844,3.76427174e-08,1490.84
10,5898,0.153503,3.74862559e-08,1491.33
10,5900,0.143044,3.73297944e-08,1491.79
10,5902,0.147750,3.71754183e-08,1492.40
10,5904,0.143541,3.70189568e-08,1492.91
10,5906,0.106476,3.68645807e-08,1493.41
10,5908,0.165378,3.67102047e-08,1493.92
10,5910,0.146272,3.65558286e-08,1494.41
10,5912,0.149831,3.64014525e-08,1494.95
10,5914,0.143265,3.62470765e-08,1495.41
10,5916,0.139248,3.60947858e-08,1495.95
10,5918,0.136875,3.59404098e-08,1496.45
10,5920,0.152241,3.57881191e-08,1496.96
10,5922,0.149411,3.56358285e-08,1497.48
10,5924,0.145338,3.54835414e-08,1497.98
10,5926,0.133464,3.53312508e-08,1498.45
10,5928,0.150376,3.51810456e-08,1498.90
10,5930,0.142338,3.50308440e-08,1499.48
10,5932,0.158038,3.48785534e-08,1499.94
10,5934,0.160132,3.47283482e-08,1500.50
10,5936,0.152819,3.45781466e-08,1500.95
10,5938,0.154988,3.44279414e-08,1501.54
10,5940,0.139934,3.42798252e-08,1502.03
10,5942,0.138825,3.41296200e-08,1502.54
10,5944,0.130512,3.39815038e-08,1503.13
10,5946,0.143616,3.38333841e-08,1503.60
10,5948,0.151248,3.36852679e-08,1504.10
10,5950,0.148075,3.35371517e-08,1504.59
10,5952,0.144003,3.33890320e-08,1505.13
10,5954,0.156781,3.32409158e-08,1505.63
10,5956,0.172063,3.30948851e-08,1506.13
10,5958,0.133742,3.29488508e-08,1506.64
10,5960,0.157625,3.28028200e-08,1507.12
10,5962,0.167923,3.26567893e-08,1507.65
10,5964,0.139456,3.25107585e-08,1508.12
10,5966,0.149489,3.23647278e-08,1508.63
10,5968,0.118191,3.22207825e-08,1509.12
10,5970,0.149401,3.20768372e-08,1509.65
10,5972,0.151665,3.19308064e-08,1510.21
10,5974,0.154378,3.17868611e-08,1510.76
10,5976,0.137839,3.16450013e-08,1511.25
10,5978,0.138599,3.15010560e-08,1511.75
10,5980,0.138872,3.13571107e-08,1512.29
10,5982,0.125605,3.12152508e-08,1512.78
10,5984,0.133472,3.10733910e-08,1513.24
10,5986,0.150256,3.09294457e-08,1513.75
10,5988,0.157969,3.07896748e-08,1514.24
10,5990,0.150000,3.06478150e-08,1514.72
10,5992,0.153897,3.05059551e-08,1515.24
10,5994,0.139310,3.03661842e-08,1515.75
10,5996,0.146845,3.02243244e-08,1516.33
10,5998,0.165754,3.00845500e-08,1516.80
10,6000,0.140452,2.99447791e-08,1517.29
10,6002,0.169239,2.98070901e-08,1517.83
10,6004,0.119469,2.96673193e-08,1518.33
10,6006,0.159831,2.95275466e-08,1518.85
10,6008,0.126002,2.93898594e-08,1519.39
10,6010,0.148474,2.92521722e-08,1519.88
10,6012,0.153236,2.91144850e-08,1520.34
10,6014,0.156047,2.89767996e-08,1520.86
10,6016,0.145573,2.88391124e-08,1521.36
10,6018,0.145085,2.87014252e-08,1521.86
10,6020,0.155780,2.85658253e-08,1522.33
10,6022,0.141304,2.84302235e-08,1522.81
10,6024,0.149761,2.82946235e-08,1523.31
10,6026,0.153783,2.81590236e-08,1523.78
10,6028,0.166362,2.80234218e-08,1524.22
10,6030,0.148938,2.78878218e-08,1524.72
10,6032,0.117539,2.77543073e-08,1525.25
10,6034,0.138875,2.76207928e-08,1525.77
10,6036,0.145548,2.74851928e-08,1526.30
10,6038,0.121501,2.73516783e-08,1526.75
10,6040,0.135426,2.72181637e-08,1527.24
10,6042,0.136953,2.70867346e-08,1527.74
10,6044,0.137738,2.69532219e-08,1528.18
10,6046,0.165051,2.68217928e-08,1528.64
10,6048,0.151146,2.66903655e-08,1529.18
10,6050,0.135411,2.65568509e-08,1529.64
10,6052,0.165124,2.64275073e-08,1530.15
10,6054,0.150579,2.62960800e-08,1530.62
10,6056,0.156718,2.61646509e-08,1531.14
10,6058,0.159404,2.60353090e-08,1531.61
10,6060,0.142061,2.59038817e-08,1532.09
10,6062,0.159408,2.57745398e-08,1532.58
10,6064,0.150165,2.56451980e-08,1533.06
10,6066,0.141340,2.55158543e-08,1533.56
10,6068,0.167435,2.53885997e-08,1534.09
10,6070,0.161311,2.52592578e-08,1534.73
10,6072,0.129284,2.51320014e-08,1535.28
10,6074,0.132860,2.50047449e-08,1535.80
10,6076,0.131580,2.48774885e-08,1536.32
10,6078,0.146169,2.47502339e-08,1536.81
10,6080,0.162206,2.46229774e-08,1537.28
10,6082,0.136881,2.44957210e-08,1537.73
10,6084,0.167822,2.43705518e-08,1538.37
10,6086,0.148273,2.42432954e-08,1538.87
10,6088,0.138494,2.41181262e-08,1539.38
10,6090,0.130566,2.39929570e-08,1539.98
10,6092,0.134942,2.38698732e-08,1540.44
10,6094,0.147952,2.37447022e-08,1540.93
10,6096,0.141557,2.36195330e-08,1541.44
10,6098,0.160292,2.34964492e-08,1541.95
10,6100,0.162062,2.33733655e-08,1542.45
10,6102,0.144468,2.32502817e-08,1542.91
10,6104,0.135818,2.31271997e-08,1543.42
10,6106,0.142145,2.30041159e-08,1543.89
10,6108,0.155377,2.28831176e-08,1544.37
10,6110,0.131043,2.27600339e-08,1544.83
10,6112,0.137990,2.26390373e-08,1545.33
10,6114,0.124290,2.25180390e-08,1545.86
10,6116,0.147212,2.23970424e-08,1546.36
10,6118,0.148598,2.22760441e-08,1546.84
10,6120,0.165966,2.21571330e-08,1547.36
10,6122,0.132150,2.20361365e-08,1547.82
10,6124,0.151814,2.19172254e-08,1548.36
10,6126,0.142440,2.17983125e-08,1548.84
10,6128,0.146926,2.16794014e-08,1549.38
10,6130,0.171228,2.15604903e-08,1549.90
10,6132,0.132894,2.14415792e-08,1550.42
10,6134,0.126802,2.13247535e-08,1550.94
10,6136,0.160534,2.12058424e-08,1551.39
10,6138,0.157618,2.10890185e-08,1551.88
10,6140,0.151978,2.09721929e-08,1552.42
10,6142,0.126675,2.08553672e-08,1553.04
10,6144,0.129899,2.07385433e-08,1553.58
10,6146,0.142693,2.06217177e-08,1554.09
10,6148,0.145215,2.05069792e-08,1554.61
10,6150,0.140779,2.03922390e-08,1555.08
10,6152,0.139682,2.02775006e-08,1555.54
10,6154,0.163920,2.01627621e-08,1556.11
10,6156,0.136785,2.00480237e-08,1556.58
10,6158,0.172787,1.99332835e-08,1557.12
10,6160,0.140798,1.98206305e-08,1557.62
10,6162,0.152476,1.97058920e-08,1558.18
10,6164,0.148697,1.95932390e-08,1558.75
10,6166,0.164720,1.94805860e-08,1559.33
10,6168,0.142719,1.93679330e-08,1559.86
10,6170,0.137921,1.92552818e-08,1560.34
10,6172,0.182870,1.91447143e-08,1560.81
10,6174,0.143587,1.90320613e-08,1561.26
10,6176,0.152537,1.89214955e-08,1561.74
10,6178,0.145321,1.88109279e-08,1562.27
10,6180,0.160748,1.87003621e-08,1562.74
10,6182,0.158959,1.85897946e-08,1563.22
10,6184,0.134555,1.84813143e-08,1563.69
10,6186,0.144623,1.83707485e-08,1564.17
10,6188,0.163901,1.82622681e-08,1564.66
10,6190,0.122815,1.81537878e-08,1565.17
10,6192,0.156780,1.80453075e-08,1565.65
10,6194,0.148260,1.79368254e-08,1566.16
10,6196,0.150156,1.78283450e-08,1566.74
10,6198,0.141871,1.77219519e-08,1567.31
10,6200,0.134662,1.76134716e-08,1567.78
10,6202,0.160406,1.75070767e-08,1568.37
10,6204,0.130752,1.74006818e-08,1568.88
10,6206,0.151985,1.72942887e-08,1569.36
10,6208,0.145563,1.71878938e-08,1569.86
10,6210,0.172129,1.70814989e-08,1570.35
10,6212,0.127594,1.69771912e-08,1570.81
10,6214,0.145652,1.68728835e-08,1571.32
10,6216,0.146396,1.67685759e-08,1571.78
10,6218,0.119640,1.66642664e-08,1572.25
10,6220,0.118755,1.65599587e-08,1572.67
10,6222,0.144254,1.64556511e-08,1573.16
10,6224,0.138553,1.63534288e-08,1573.66
10,6226,0.148964,1.62491212e-08,1574.22
10,6228,0.161461,1.61468989e-08,1574.72
10,6230,0.131041,1.60446767e-08,1575.22
10,6232,0.160416,1.59424545e-08,1575.75
10,6234,0.133511,1.58402322e-08,1576.23
10,6236,0.150500,1.57400972e-08,1576.76
10,6238,0.156317,1.56378750e-08,1577.30
10,6240,0.134287,1.55377400e-08,1577.82
10,6242,0.167135,1.54376032e-08,1578.35
10,6244,0.150554,1.53374682e-08,1578.83
10,6246,0.141643,1.52373314e-08,1579.37
10,6248,0.128587,1.51371964e-08,1579.88
10,6250,0.148713,1.50391468e-08,1580.36
10,6252,0.149886,1.49410972e-08,1580.82
10,6254,0.130113,1.48409605e-08,1581.33
10,6256,0.170440,1.47429109e-08,1581.83
10,6258,0.155471,1.46469477e-08,1582.37
10,6260,0.138087,1.45488981e-08,1582.83
10,6262,0.118874,1.44508485e-08,1583.38
10,6264,0.147989,1.43548853e-08,1583.86
10,6266,0.143957,1.42589212e-08,1584.42
10,6268,0.147037,1.41629579e-08,1584.91
10,6270,0.149312,1.40669947e-08,1585.53
10,6272,0.137279,1.39710314e-08,1586.08
10,6274,0.133422,1.38750673e-08,1586.59
10,6276,0.152324,1.37811904e-08,1587.09
10,6278,0.146327,1.36852272e-08,1587.58
10,6280,0.126661,1.35913494e-08,1588.06
10,6282,0.140243,1.34974725e-08,1588.56
10,6284,0.135902,1.34035947e-08,1589.03
10,6286,0.118910,1.33118041e-08,1589.52
10,6288,0.129916,1.32179263e-08,1590.01
10,6290,0.125692,1.31261348e-08,1590.54
10,6292,0.126020,1.30322579e-08,1590.99
10,6294,0.138741,1.29404665e-08,1591.47
10,6296,0.146789,1.28486759e-08,1591.95
10,6298,0.140096,1.27589708e-08,1592.46
10,6300,0.142582,1.26671793e-08,1592.94
10,6302,0.145198,1.25774742e-08,1593.51
10,6304,0.145726,1.24856836e-08,1594.06
10,6306,0.124942,1.23959785e-08,1594.61
10,6308,0.145348,1.23062733e-08,1595.14
10,6310,0.150183,1.22165682e-08,1595.60
10,6312,0.130842,1.21289494e-08,1596.18
10,6314,0.153922,1.20392443e-08,1596.72
10,6316,0.136986,1.19516255e-08,1597.20
10,6318,0.145055,1.18640067e-08,1597.76
10,6320,0.153942,1.17763879e-08,1598.30
10,6322,0.129045,1.16887691e-08,1598.77
10,6324,0.159001,1.16011503e-08,1599.23
10,6326,0.121561,1.15156178e-08,1599.75
10,6328,0.168968,1.14279990e-08,1600.26
10,6330,0.151300,1.13424665e-08,1600.81
10,6332,0.151780,1.12569332e-08,1601.28
10,6334,0.148110,1.11714007e-08,1601.78
10,6336,0.135151,1.10858682e-08,1602.27
10,6338,0.149207,1.10003358e-08,1602.75
10,6340,0.141277,1.09168887e-08,1603.25
10,6342,0.137359,1.08334426e-08,1603.73
10,6344,0.130479,1.07479101e-08,1604.25
10,6346,0.135152,1.06644631e-08,1604.75
10,6348,0.135796,1.05831033e-08,1605.22
10,6350,0.145693,1.04996563e-08,1605.79
10,6352,0.135430,1.04162101e-08,1606.33
10,6354,0.154282,1.03348494e-08,1606.78
10,6356,0.133470,1.02534896e-08,1607.26
10,6358,0.156248,1.01721289e-08,1607.73
10,6360,0.125212,1.00907682e-08,1608.24
10,6362,0.126509,1.00094084e-08,1608.70
10,6364,0.165946,9.92804772e-09,1609.20
10,6366,0.158044,9.84877335e-09,1609.67
10,6368,0.170434,9.76949988e-09,1610.21
10,6370,0.153507,9.68813918e-09,1610.70
10,6372,0.156552,9.60886481e-09,1611.22
10,6374,0.130140,9.53167678e-09,1611.70
10,6376,0.147426,9.45240242e-09,1612.26
10,6378,0.134473,9.37312894e-09,1612.78
10,6380,0.135702,9.29594091e-09,1613.32
10,6382,0.155497,9.21875287e-09,1613.78
10,6384,0.139441,9.14156484e-09,1614.24
10,6386,0.124043,9.06437680e-09,1614.70
10,6388,0.158741,8.98718877e-09,1615.20
10,6390,0.128653,8.91208707e-09,1615.73
10,6392,0.146626,8.83489903e-09,1616.21
10,6394,0.165860,8.75979644e-09,1616.70
10,6396,0.132177,8.68469474e-09,1617.20
10,6398,0.149376,8.60959304e-09,1617.62
10,6400,0.167392,8.53449134e-09,1618.12
10,6402,0.145417,8.45938963e-09,1618.59
10,6404,0.137750,8.38637337e-09,1619.05
10,6406,0.150918,8.31335800e-09,1619.56
10,6408,0.159284,8.23825630e-09,1620.08
10,6410,0.137289,8.16524093e-09,1620.63
10,6412,0.130089,8.09222467e-09,1621.22
10,6414,0.140610,8.02129563e-09,1621.84
10,6416,0.142187,7.94827937e-09,1622.47
10,6418,0.120361,7.87735033e-09,1622.97
10,6420,0.144349,7.80642040e-09,1623.51
10,6422,0.138708,7.73549136e-09,1623.99
10,6424,0.133735,7.66456143e-09,1624.46
10,6426,0.149856,7.59363239e-09,1624.99
10,6428,0.142352,7.52270246e-09,1625.46
10,6430,0.133257,7.45385886e-09,1625.98
10,6432,0.149559,7.38292938e-09,1626.50
10,6434,0.136872,7.31408623e-09,1627.13
10,6436,0.143079,7.24524263e-09,1627.63
10,6438,0.162625,7.17639947e-09,1628.24
10,6440,0.135242,7.10964221e-09,1628.71
10,6442,0.158994,7.04079905e-09,1629.27
10,6444,0.168723,6.97404179e-09,1629.80
10,6446,0.136407,6.90728452e-09,1630.26
10,6448,0.141376,6.84052726e-09,1630.76
10,6450,0.150243,6.77376999e-09,1631.26
10,6452,0.137648,6.70701272e-09,1631.78
10,6454,0.156496,6.64025546e-09,1632.32
10,6456,0.129364,6.57558452e-09,1632.81
10,6458,0.141674,6.51091359e-09,1633.34
10,6460,0.135168,6.44624265e-09,1633.90
10,6462,0.152770,6.38157127e-09,1634.46
10,6464,0.156389,6.31690034e-09,1634.96
10,6466,0.167464,6.25222940e-09,1635.47
10,6468,0.162949,6.18964435e-09,1636.02
10,6470,0.152313,6.12497342e-09,1636.51
10,6472,0.143842,6.06238837e-09,1637.00
10,6474,0.156020,5.99980376e-09,1637.56
10,6476,0.162245,5.93721872e-09,1638.02
10,6478,0.140492,5.87463411e-09,1638.44
10,6480,0.154178,5.81413540e-09,1638.99
10,6482,0.148507,5.75155035e-09,1639.51
10,6484,0.148703,5.69105163e-09,1640.03
10,6486,0.126435,5.63055291e-09,1640.50
10,6488,0.137015,5.57005420e-09,1641.01
10,6490,0.143123,5.50955548e-09,1641.48
10,6492,0.147298,5.45114309e-09,1641.94
10,6494,0.139169,5.39064438e-09,1642.47
10,6496,0.148382,5.33223155e-09,1642.94
10,6498,0.161811,5.27381916e-09,1643.42
10,6500,0.133942,5.21540677e-09,1643.88
10,6502,0.174896,5.15699394e-09,1644.41
10,6504,0.148714,5.09858156e-09,1644.89
10,6506,0.140518,5.04225506e-09,1645.36
10,6508,0.142927,4.98384267e-09,1645.85
10,6510,0.146767,4.92751617e-09,1646.34
10,6512,0.127818,4.87118967e-09,1646.82
10,6514,0.133157,4.81486317e-09,1647.33
10,6516,0.152304,4.75853712e-09,1647.82
10,6518,0.147513,4.70429651e-09,1648.28
10,6520,0.143315,4.64797045e-09,1648.74
10,6522,0.145365,4.59373029e-09,1649.27
10,6524,0.140985,4.53948967e-09,1649.76
10,6526,0.157679,4.48524951e-09,1650.22
10,6528,0.174862,4.43100934e-09,1650.66
10,6530,0.142651,4.37676917e-09,1651.11
10,6532,0.113660,4.32461533e-09,1651.61
10,6534,0.161647,4.27246105e-09,1652.15
10,6536,0.141891,4.21822088e-09,1652.68
10,6538,0.140188,4.16606660e-09,1653.18
10,6540,0.160709,4.11391277e-09,1653.65
10,6542,0.147785,4.06384482e-09,1654.14
10,6544,0.150324,4.01169054e-09,1654.59
10,6546,0.136830,3.96162303e-09,1655.13
10,6548,0.136925,3.90946875e-09,1655.65
10,6550,0.149591,3.85940080e-09,1656.11
10,6552,0.144930,3.80933285e-09,1656.62
10,6554,0.150898,3.76135123e-09,1657.12
10,6556,0.143856,3.71128328e-09,1657.59
10,6558,0.168583,3.66330166e-09,1658.12
10,6560,0.130592,3.61323371e-09,1658.64
10,6562,0.134245,3.56525187e-09,1659.11
10,6564,0.141905,3.51727025e-09,1659.60
10,6566,0.117750,3.46928841e-09,1660.24
10,6568,0.130399,3.42130679e-09,1660.72
10,6570,0.140555,3.37541106e-09,1661.20
10,6572,0.163044,3.32951555e-09,1661.76
10,6574,0.138468,3.28153371e-09,1662.26
10,6576,0.135993,3.23563820e-09,1662.76
10,6578,0.147838,3.18974269e-09,1663.24
10,6580,0.146580,3.14384718e-09,1663.72
10,6582,0.126614,3.10003756e-09,1664.27
10,6584,0.138882,3.05414205e-09,1664.74
10,6586,0.160142,3.01033265e-09,1665.27
10,6588,0.170822,2.96652325e-09,1665.78
10,6590,0.114594,2.92271385e-09,1666.30
10,6592,0.107606,2.87890445e-09,1666.73
10,6594,0.132145,2.83718116e-09,1667.23
10,6596,0.150891,2.79337176e-09,1667.77
10,6598,0.157678,2.75164846e-09,1668.29
10,6600,0.145316,2.70783906e-09,1668.93
10,6602,0.161947,2.66611577e-09,1669.52
10,6604,0.134414,2.62439248e-09,1670.01
10,6606,0.132967,2.58475552e-09,1670.51
10,6608,0.147460,2.54303223e-09,1671.00
10,6610,0.129186,2.50339505e-09,1671.53
10,6612,0.142715,2.46167198e-09,1671.98
10,6614,0.131698,2.42203479e-09,1672.46
10,6616,0.143608,2.38239761e-09,1672.93
10,6618,0.122829,2.34484676e-09,1673.44
10,6620,0.178015,2.30520980e-09,1673.92
10,6622,0.133572,2.26557262e-09,1674.49
10,6624,0.154606,2.22802177e-09,1675.00
10,6626,0.140351,2.19047069e-09,1675.52
10,6628,0.151783,2.15291984e-09,1675.99
10,6630,0.143000,2.11536899e-09,1676.45
10,6632,0.136581,2.07781792e-09,1676.96
10,6634,0.146473,2.04235318e-09,1677.43
10,6636,0.137104,2.00480232e-09,1677.97
10,6638,0.128780,1.96933758e-09,1678.45
10,6640,0.139732,1.93387284e-09,1678.91
10,6642,0.132415,1.89840810e-09,1679.46
10,6644,0.151857,1.86294313e-09,1680.01
10,6646,0.143343,1.82956461e-09,1680.56
10,6648,0.151232,1.79409987e-09,1681.17
10,6650,0.151788,1.76072124e-09,1681.65
10,6652,0.135815,1.72734260e-09,1682.15
10,6654,0.146065,1.69396408e-09,1682.62
10,6656,0.146610,1.66058545e-09,1683.10
10,6658,0.144676,1.62720681e-09,1683.62
10,6660,0.139211,1.59591440e-09,1684.10
10,6662,0.151698,1.56253577e-09,1684.60
10,6664,0.125203,1.53124335e-09,1685.20
10,6666,0.144228,1.49995094e-09,1685.75
10,6668,0.142977,1.46865853e-09,1686.28
10,6670,0.138942,1.43945222e-09,1686.73
10,6672,0.149174,1.40815981e-09,1687.22
10,6674,0.138547,1.37895351e-09,1687.72
10,6676,0.149877,1.34766109e-09,1688.19
10,6678,0.124916,1.31845479e-09,1688.71
10,6680,0.126194,1.28924849e-09,1689.31
10,6682,0.166486,1.26004218e-09,1689.92
10,6684,0.157476,1.23292210e-09,1690.45
10,6686,0.174062,1.20371579e-09,1690.95
10,6688,0.134884,1.17659571e-09,1691.53
10,6690,0.121888,1.14947563e-09,1692.00
10,6692,0.154278,1.12235554e-09,1692.48
10,6694,0.133818,1.09523535e-09,1693.01
10,6696,0.153115,1.06811526e-09,1693.45
10,6698,0.172731,1.04099518e-09,1693.99
10,6700,0.170811,1.01596120e-09,1694.46
10,6702,0.137800,9.90927229e-10,1694.91
10,6704,0.136796,9.65893254e-10,1695.38
10,6706,0.141627,9.40859390e-10,1695.83
10,6708,0.140582,9.15825416e-10,1696.33
10,6710,0.135957,8.90791441e-10,1696.82
10,6712,0.139000,8.67843630e-10,1697.31
10,6714,0.140804,8.44895875e-10,1697.80
10,6716,0.129348,8.19861901e-10,1698.30
10,6718,0.123890,7.96914146e-10,1698.81
10,6720,0.146397,7.76052500e-10,1699.30
10,6722,0.137242,7.53104690e-10,1699.80
10,6724,0.158883,7.30156935e-10,1700.29
10,6726,0.125975,7.09295289e-10,1700.80
10,6728,0.153449,6.88433643e-10,1701.30
10,6730,0.136297,6.67572053e-10,1701.78
10,6732,0.143440,6.46710407e-10,1702.25
10,6734,0.162294,6.25848762e-10,1702.74
10,6736,0.153700,6.04987171e-10,1703.30
10,6738,0.158394,5.86211690e-10,1703.82
10,6740,0.136927,5.67436209e-10,1704.37
10,6742,0.127204,5.48660783e-10,1704.92
10,6744,0.167527,5.29885302e-10,1705.52
10,6746,0.146931,5.11109821e-10,1706.00
10,6748,0.136569,4.92334395e-10,1706.56
10,6750,0.142265,4.75645079e-10,1707.13
10,6752,0.135123,4.56869625e-10,1707.61
10,6754,0.138351,4.40180309e-10,1708.06
10,6756,0.139323,4.23491020e-10,1708.59
10,6758,0.138414,4.06801703e-10,1709.13
10,6760,0.140867,3.90112415e-10,1709.62
10,6762,0.141327,3.75509263e-10,1710.13
10,6764,0.155781,3.58819974e-10,1710.66
10,6766,0.150504,3.44216822e-10,1711.20
10,6768,0.142881,3.29613697e-10,1711.67
10,6770,0.134132,3.15010545e-10,1712.17
10,6772,0.132009,3.00407421e-10,1712.75
10,6774,0.145664,2.87890434e-10,1713.32
10,6776,0.147457,2.73287309e-10,1713.83
10,6778,0.136634,2.60770322e-10,1714.39
10,6780,0.121265,2.48253362e-10,1714.86
10,6782,0.117227,2.35736375e-10,1715.31
10,6784,0.168604,2.23219401e-10,1715.88
10,6786,0.172720,2.10702428e-10,1716.34
10,6788,0.137034,2.00271605e-10,1716.85
10,6790,0.158828,1.87754631e-10,1717.36
10,6792,0.131219,1.77323822e-10,1717.85
10,6794,0.154302,1.66893013e-10,1718.33
10,6796,0.146460,1.56462190e-10,1718.80
10,6798,0.154490,1.46031381e-10,1719.30
10,6800,0.123119,1.37686737e-10,1719.86
10,6802,0.122670,1.27255914e-10,1720.35
10,6804,0.141336,1.18911270e-10,1720.90
10,6806,0.140914,1.10566618e-10,1721.40
10,6808,0.129203,1.02221967e-10,1721.92
10,6810,0.137551,9.38773156e-11,1722.41
10,6812,0.125620,8.55326643e-11,1722.85
10,6814,0.117232,7.92741775e-11,1723.34
10,6816,0.120250,7.09295261e-11,1723.79
10,6818,0.171943,6.46710394e-11,1724.34
10,6820,0.130525,5.84125526e-11,1724.86
10,6822,0.133489,5.21540658e-11,1725.42
10,6824,0.141676,4.79817401e-11,1725.90
10,6826,0.155119,4.17232533e-11,1726.41
10,6828,0.141365,3.75509276e-11,1726.90
10,6830,0.146281,3.12924409e-11,1727.37
10,6832,0.145000,2.71201134e-11,1727.88
10,6834,0.154815,2.29477895e-11,1728.35
10,6836,0.174972,1.87754638e-11,1728.91
10,6838,0.140217,1.66893010e-11,1729.47
10,6840,0.138867,1.25169753e-11,1729.99
10,6842,0.139155,1.04308133e-11,1730.56
10,6844,0.142821,8.34465049e-12,1731.19
10,6846,0.165418,6.25848765e-12,1731.64
10,6848,0.129774,4.17232525e-12,1732.15
10,6850,0.147046,2.08616262e-12,1732.62
10,6852,0.156507,2.08616262e-12,1733.20
10,6854,0.158107,0.00000000e+00,1733.70
10,6856,0.136174,0.00000000e+00,1734.25
10,6858,0.111322,0.00000000e+00,1734.63
